ISO-10303-21;
HEADER;
/* Generated by software containing ST-Developer
 * from STEP Tools, Inc. (www.steptools.com) 
 */
/* OPTION: using custom renumber hook */

FILE_DESCRIPTION(
/* description */ ('STEP AP242 Edition 2',
'CAx-IF Rec.Pracs.---Representation and Presentation of Product Manufa
cturing Information (PMI)---4.0---2014-10-13',
'CAx-IF Rec.Pracs.---3D Tessellated Geometry---0.4---2014-09-14','2;1',
'CAx-IF Rec.Pracs.---User Defined Attributes---1.5---2016-08-15'),
/* implementation_level */ '2;1');

FILE_NAME(
/* name */ 'Pen Carriage - Part 1',
/* time_stamp */ '2026-10-04T09:37:55Z',
/* author */ (''),
/* organization */ (''),
/* preprocessor_version */ 'ST-DEVELOPER v20',
/* originating_system */ 'ONSHAPE BY PTC INC, 1.221',
/* authorisation */ '  ');

FILE_SCHEMA (('AP242_MANAGED_MODEL_BASED_3D_ENGINEERING_MIM_LF { 1 0 10303 442 3 1 4 }'));
ENDSEC;

DATA;
#10=SHAPE_REPRESENTATION_RELATIONSHIP('','',#1649,#11);
#11=ADVANCED_BREP_SHAPE_REPRESENTATION('',(#1647),#2755);
#12=ELLIPSE('',#1757,0.00190029237516523,0.0015);
#13=ELLIPSE('',#1758,0.00190029237516523,0.0015);
#14=ELLIPSE('',#1760,0.00190029237516523,0.0015);
#15=ELLIPSE('',#1761,0.00190029237516523,0.0015);
#16=ELLIPSE('',#1763,0.00190029237516523,0.0015);
#17=ELLIPSE('',#1764,0.00190029237516523,0.0015);
#18=ELLIPSE('',#1766,0.00190029237516523,0.0015);
#19=ELLIPSE('',#1767,0.00190029237516523,0.0015);
#20=ELLIPSE('',#1769,0.00212132034355965,0.0015);
#21=ELLIPSE('',#1771,0.00212132034355965,0.0015);
#22=ELLIPSE('',#1773,0.00212132034355965,0.0015);
#23=ELLIPSE('',#1774,0.00212132034355965,0.0015);
#24=ELLIPSE('',#1776,0.00212132034355965,0.0015);
#25=ELLIPSE('',#1778,0.00212132034355965,0.0015);
#26=ELLIPSE('',#1781,0.00212132034355965,0.0015);
#27=ELLIPSE('',#1783,0.00212132034355965,0.0015);
#28=ELLIPSE('',#1785,0.00212132034355965,0.0015);
#29=ELLIPSE('',#1787,0.00212132034355965,0.0015);
#30=ELLIPSE('',#1789,0.00212132034355965,0.0015);
#31=ELLIPSE('',#1790,0.00212132034355965,0.0015);
#32=ELLIPSE('',#1792,0.00212132034355965,0.0015);
#33=ELLIPSE('',#1794,0.00212132034355965,0.0015);
#34=CYLINDRICAL_SURFACE('',#1672,0.0225);
#35=CYLINDRICAL_SURFACE('',#1687,0.0075);
#36=CYLINDRICAL_SURFACE('',#1690,0.01525);
#37=CYLINDRICAL_SURFACE('',#1701,0.00105);
#38=CYLINDRICAL_SURFACE('',#1705,0.00105);
#39=CYLINDRICAL_SURFACE('',#1707,0.01525);
#40=CYLINDRICAL_SURFACE('',#1718,0.00955);
#41=CYLINDRICAL_SURFACE('',#1721,0.00955);
#42=CYLINDRICAL_SURFACE('',#1738,0.01);
#43=CYLINDRICAL_SURFACE('',#1739,0.01);
#44=CYLINDRICAL_SURFACE('',#1740,0.0057);
#45=CYLINDRICAL_SURFACE('',#1741,0.0057);
#46=CYLINDRICAL_SURFACE('',#1742,0.0057);
#47=CYLINDRICAL_SURFACE('',#1743,0.0057);
#48=CYLINDRICAL_SURFACE('',#1768,0.0015);
#49=CYLINDRICAL_SURFACE('',#1770,0.0015);
#50=CYLINDRICAL_SURFACE('',#1772,0.0015);
#51=CYLINDRICAL_SURFACE('',#1775,0.0015);
#52=CYLINDRICAL_SURFACE('',#1777,0.0015);
#53=CYLINDRICAL_SURFACE('',#1779,0.0015);
#54=CYLINDRICAL_SURFACE('',#1780,0.0015);
#55=CYLINDRICAL_SURFACE('',#1782,0.0015);
#56=CYLINDRICAL_SURFACE('',#1784,0.0015);
#57=CYLINDRICAL_SURFACE('',#1786,0.0015);
#58=CYLINDRICAL_SURFACE('',#1788,0.0015);
#59=CYLINDRICAL_SURFACE('',#1791,0.0015);
#60=CYLINDRICAL_SURFACE('',#1793,0.0015);
#61=CYLINDRICAL_SURFACE('',#1795,0.0015);
#62=CYLINDRICAL_SURFACE('',#1798,0.004);
#63=CYLINDRICAL_SURFACE('',#1799,0.004);
#64=CYLINDRICAL_SURFACE('',#1800,0.004);
#65=CYLINDRICAL_SURFACE('',#1801,0.004);
#66=CYLINDRICAL_SURFACE('',#1802,0.004);
#67=CYLINDRICAL_SURFACE('',#1803,0.004);
#68=CIRCLE('',#1652,0.004);
#69=CIRCLE('',#1654,0.01525);
#70=CIRCLE('',#1656,0.00105);
#71=CIRCLE('',#1657,0.00105);
#72=CIRCLE('',#1658,0.004);
#73=CIRCLE('',#1659,0.004);
#74=CIRCLE('',#1660,0.004);
#75=CIRCLE('',#1662,0.01525);
#76=CIRCLE('',#1666,0.0015);
#77=CIRCLE('',#1667,0.0015);
#78=CIRCLE('',#1668,0.0015);
#79=CIRCLE('',#1669,0.0015);
#80=CIRCLE('',#1670,0.0015);
#81=CIRCLE('',#1671,0.0015);
#82=CIRCLE('',#1673,0.0225);
#83=CIRCLE('',#1674,0.0225);
#84=CIRCLE('',#1675,0.0225);
#85=CIRCLE('',#1676,0.0225);
#86=CIRCLE('',#1678,0.01525);
#87=CIRCLE('',#1680,0.01525);
#88=CIRCLE('',#1682,0.0075);
#89=CIRCLE('',#1683,0.01525);
#90=CIRCLE('',#1688,0.0075);
#91=CIRCLE('',#1691,0.0152500000000016);
#92=CIRCLE('',#1695,0.004);
#93=CIRCLE('',#1697,0.004);
#94=CIRCLE('',#1702,0.00105);
#95=CIRCLE('',#1706,0.00105);
#96=CIRCLE('',#1709,0.004);
#97=CIRCLE('',#1710,0.004);
#98=CIRCLE('',#1711,0.004);
#99=CIRCLE('',#1712,0.004);
#100=CIRCLE('',#1713,0.004);
#101=CIRCLE('',#1714,0.004);
#102=CIRCLE('',#1719,0.00955);
#103=CIRCLE('',#1720,0.00955);
#104=CIRCLE('',#1722,0.00955);
#105=CIRCLE('',#1723,0.00955);
#106=CIRCLE('',#1725,0.0057);
#107=CIRCLE('',#1726,0.0057);
#108=CIRCLE('',#1727,0.0057);
#109=CIRCLE('',#1728,0.0057);
#110=CIRCLE('',#1729,0.01);
#111=CIRCLE('',#1730,0.01);
#112=CIRCLE('',#1732,0.01);
#113=CIRCLE('',#1733,0.01);
#114=CIRCLE('',#1734,0.0057);
#115=CIRCLE('',#1735,0.0057);
#116=CIRCLE('',#1736,0.0057);
#117=CIRCLE('',#1737,0.0057);
#118=CIRCLE('',#1751,0.0015);
#119=CIRCLE('',#1754,0.0015);
#120=ORIENTED_EDGE('',*,*,#596,.F.);
#121=ORIENTED_EDGE('',*,*,#597,.T.);
#122=ORIENTED_EDGE('',*,*,#598,.T.);
#123=ORIENTED_EDGE('',*,*,#599,.T.);
#124=ORIENTED_EDGE('',*,*,#600,.F.);
#125=ORIENTED_EDGE('',*,*,#601,.T.);
#126=ORIENTED_EDGE('',*,*,#602,.T.);
#127=ORIENTED_EDGE('',*,*,#603,.T.);
#128=ORIENTED_EDGE('',*,*,#604,.F.);
#129=ORIENTED_EDGE('',*,*,#600,.T.);
#130=ORIENTED_EDGE('',*,*,#605,.T.);
#131=ORIENTED_EDGE('',*,*,#606,.T.);
#132=ORIENTED_EDGE('',*,*,#607,.T.);
#133=ORIENTED_EDGE('',*,*,#608,.T.);
#134=ORIENTED_EDGE('',*,*,#609,.T.);
#135=ORIENTED_EDGE('',*,*,#610,.F.);
#136=ORIENTED_EDGE('',*,*,#611,.F.);
#137=ORIENTED_EDGE('',*,*,#612,.T.);
#138=ORIENTED_EDGE('',*,*,#613,.T.);
#139=ORIENTED_EDGE('',*,*,#614,.T.);
#140=ORIENTED_EDGE('',*,*,#615,.T.);
#141=ORIENTED_EDGE('',*,*,#616,.F.);
#142=ORIENTED_EDGE('',*,*,#617,.F.);
#143=ORIENTED_EDGE('',*,*,#618,.T.);
#144=ORIENTED_EDGE('',*,*,#619,.T.);
#145=ORIENTED_EDGE('',*,*,#620,.T.);
#146=ORIENTED_EDGE('',*,*,#621,.F.);
#147=ORIENTED_EDGE('',*,*,#622,.T.);
#148=ORIENTED_EDGE('',*,*,#623,.T.);
#149=ORIENTED_EDGE('',*,*,#624,.T.);
#150=ORIENTED_EDGE('',*,*,#625,.F.);
#151=ORIENTED_EDGE('',*,*,#620,.F.);
#152=ORIENTED_EDGE('',*,*,#626,.F.);
#153=ORIENTED_EDGE('',*,*,#627,.F.);
#154=ORIENTED_EDGE('',*,*,#628,.T.);
#155=ORIENTED_EDGE('',*,*,#629,.T.);
#156=ORIENTED_EDGE('',*,*,#630,.T.);
#157=ORIENTED_EDGE('',*,*,#631,.T.);
#158=ORIENTED_EDGE('',*,*,#632,.F.);
#159=ORIENTED_EDGE('',*,*,#633,.T.);
#160=ORIENTED_EDGE('',*,*,#634,.T.);
#161=ORIENTED_EDGE('',*,*,#635,.T.);
#162=ORIENTED_EDGE('',*,*,#636,.T.);
#163=ORIENTED_EDGE('',*,*,#637,.F.);
#164=ORIENTED_EDGE('',*,*,#638,.F.);
#165=ORIENTED_EDGE('',*,*,#639,.T.);
#166=ORIENTED_EDGE('',*,*,#633,.F.);
#167=ORIENTED_EDGE('',*,*,#640,.F.);
#168=ORIENTED_EDGE('',*,*,#641,.T.);
#169=ORIENTED_EDGE('',*,*,#642,.F.);
#170=ORIENTED_EDGE('',*,*,#643,.T.);
#171=ORIENTED_EDGE('',*,*,#644,.T.);
#172=ORIENTED_EDGE('',*,*,#645,.F.);
#173=ORIENTED_EDGE('',*,*,#646,.T.);
#174=ORIENTED_EDGE('',*,*,#647,.F.);
#175=ORIENTED_EDGE('',*,*,#648,.T.);
#176=ORIENTED_EDGE('',*,*,#649,.T.);
#177=ORIENTED_EDGE('',*,*,#650,.T.);
#178=ORIENTED_EDGE('',*,*,#651,.T.);
#179=ORIENTED_EDGE('',*,*,#652,.T.);
#180=ORIENTED_EDGE('',*,*,#653,.T.);
#181=ORIENTED_EDGE('',*,*,#654,.T.);
#182=ORIENTED_EDGE('',*,*,#655,.T.);
#183=ORIENTED_EDGE('',*,*,#656,.T.);
#184=ORIENTED_EDGE('',*,*,#657,.F.);
#185=ORIENTED_EDGE('',*,*,#658,.T.);
#186=ORIENTED_EDGE('',*,*,#637,.T.);
#187=ORIENTED_EDGE('',*,*,#659,.T.);
#188=ORIENTED_EDGE('',*,*,#660,.T.);
#189=ORIENTED_EDGE('',*,*,#661,.T.);
#190=ORIENTED_EDGE('',*,*,#662,.F.);
#191=ORIENTED_EDGE('',*,*,#663,.T.);
#192=ORIENTED_EDGE('',*,*,#664,.T.);
#193=ORIENTED_EDGE('',*,*,#665,.T.);
#194=ORIENTED_EDGE('',*,*,#666,.F.);
#195=ORIENTED_EDGE('',*,*,#667,.F.);
#196=ORIENTED_EDGE('',*,*,#668,.T.);
#197=ORIENTED_EDGE('',*,*,#669,.F.);
#198=ORIENTED_EDGE('',*,*,#670,.F.);
#199=ORIENTED_EDGE('',*,*,#671,.T.);
#200=ORIENTED_EDGE('',*,*,#672,.F.);
#201=ORIENTED_EDGE('',*,*,#663,.F.);
#202=ORIENTED_EDGE('',*,*,#618,.F.);
#203=ORIENTED_EDGE('',*,*,#673,.F.);
#204=ORIENTED_EDGE('',*,*,#674,.T.);
#205=ORIENTED_EDGE('',*,*,#675,.F.);
#206=ORIENTED_EDGE('',*,*,#598,.F.);
#207=ORIENTED_EDGE('',*,*,#676,.T.);
#208=ORIENTED_EDGE('',*,*,#677,.T.);
#209=ORIENTED_EDGE('',*,*,#678,.F.);
#210=ORIENTED_EDGE('',*,*,#667,.T.);
#211=ORIENTED_EDGE('',*,*,#679,.T.);
#212=ORIENTED_EDGE('',*,*,#614,.F.);
#213=ORIENTED_EDGE('',*,*,#680,.T.);
#214=ORIENTED_EDGE('',*,*,#681,.T.);
#215=ORIENTED_EDGE('',*,*,#682,.T.);
#216=ORIENTED_EDGE('',*,*,#683,.F.);
#217=ORIENTED_EDGE('',*,*,#684,.T.);
#218=ORIENTED_EDGE('',*,*,#673,.T.);
#219=ORIENTED_EDGE('',*,*,#617,.T.);
#220=ORIENTED_EDGE('',*,*,#685,.F.);
#221=ORIENTED_EDGE('',*,*,#686,.F.);
#222=ORIENTED_EDGE('',*,*,#666,.T.);
#223=ORIENTED_EDGE('',*,*,#687,.T.);
#224=ORIENTED_EDGE('',*,*,#615,.F.);
#225=ORIENTED_EDGE('',*,*,#679,.F.);
#226=ORIENTED_EDGE('',*,*,#688,.T.);
#227=ORIENTED_EDGE('',*,*,#689,.T.);
#228=ORIENTED_EDGE('',*,*,#690,.F.);
#229=ORIENTED_EDGE('',*,*,#691,.F.);
#230=ORIENTED_EDGE('',*,*,#668,.F.);
#231=ORIENTED_EDGE('',*,*,#678,.T.);
#232=ORIENTED_EDGE('',*,*,#692,.F.);
#233=ORIENTED_EDGE('',*,*,#675,.T.);
#234=ORIENTED_EDGE('',*,*,#693,.F.);
#235=ORIENTED_EDGE('',*,*,#664,.F.);
#236=ORIENTED_EDGE('',*,*,#672,.T.);
#237=ORIENTED_EDGE('',*,*,#694,.T.);
#238=ORIENTED_EDGE('',*,*,#671,.F.);
#239=ORIENTED_EDGE('',*,*,#695,.F.);
#240=ORIENTED_EDGE('',*,*,#626,.T.);
#241=ORIENTED_EDGE('',*,*,#619,.F.);
#242=ORIENTED_EDGE('',*,*,#674,.F.);
#243=ORIENTED_EDGE('',*,*,#686,.T.);
#244=ORIENTED_EDGE('',*,*,#696,.T.);
#245=ORIENTED_EDGE('',*,*,#694,.F.);
#246=ORIENTED_EDGE('',*,*,#665,.F.);
#247=ORIENTED_EDGE('',*,*,#693,.T.);
#248=ORIENTED_EDGE('',*,*,#696,.F.);
#249=ORIENTED_EDGE('',*,*,#685,.T.);
#250=ORIENTED_EDGE('',*,*,#616,.T.);
#251=ORIENTED_EDGE('',*,*,#687,.F.);
#252=ORIENTED_EDGE('',*,*,#692,.T.);
#253=ORIENTED_EDGE('',*,*,#697,.T.);
#254=ORIENTED_EDGE('',*,*,#669,.T.);
#255=ORIENTED_EDGE('',*,*,#691,.T.);
#256=ORIENTED_EDGE('',*,*,#683,.T.);
#257=ORIENTED_EDGE('',*,*,#698,.T.);
#258=ORIENTED_EDGE('',*,*,#699,.T.);
#259=ORIENTED_EDGE('',*,*,#601,.F.);
#260=ORIENTED_EDGE('',*,*,#700,.T.);
#261=ORIENTED_EDGE('',*,*,#690,.T.);
#262=ORIENTED_EDGE('',*,*,#701,.T.);
#263=ORIENTED_EDGE('',*,*,#702,.T.);
#264=ORIENTED_EDGE('',*,*,#703,.T.);
#265=ORIENTED_EDGE('',*,*,#627,.T.);
#266=ORIENTED_EDGE('',*,*,#695,.T.);
#267=ORIENTED_EDGE('',*,*,#670,.T.);
#268=ORIENTED_EDGE('',*,*,#662,.T.);
#269=ORIENTED_EDGE('',*,*,#697,.F.);
#270=ORIENTED_EDGE('',*,*,#608,.F.);
#271=ORIENTED_EDGE('',*,*,#704,.F.);
#272=ORIENTED_EDGE('',*,*,#705,.T.);
#273=ORIENTED_EDGE('',*,*,#706,.T.);
#274=ORIENTED_EDGE('',*,*,#611,.T.);
#275=ORIENTED_EDGE('',*,*,#707,.F.);
#276=ORIENTED_EDGE('',*,*,#708,.F.);
#277=ORIENTED_EDGE('',*,*,#704,.T.);
#278=ORIENTED_EDGE('',*,*,#610,.T.);
#279=ORIENTED_EDGE('',*,*,#709,.F.);
#280=ORIENTED_EDGE('',*,*,#710,.F.);
#281=ORIENTED_EDGE('',*,*,#707,.T.);
#282=ORIENTED_EDGE('',*,*,#711,.T.);
#283=ORIENTED_EDGE('',*,*,#607,.F.);
#284=ORIENTED_EDGE('',*,*,#712,.T.);
#285=ORIENTED_EDGE('',*,*,#713,.T.);
#286=ORIENTED_EDGE('',*,*,#612,.F.);
#287=ORIENTED_EDGE('',*,*,#714,.T.);
#288=ORIENTED_EDGE('',*,*,#609,.F.);
#289=ORIENTED_EDGE('',*,*,#706,.F.);
#290=ORIENTED_EDGE('',*,*,#715,.T.);
#291=ORIENTED_EDGE('',*,*,#709,.T.);
#292=ORIENTED_EDGE('',*,*,#716,.T.);
#293=ORIENTED_EDGE('',*,*,#606,.F.);
#294=ORIENTED_EDGE('',*,*,#684,.F.);
#295=ORIENTED_EDGE('',*,*,#700,.F.);
#296=ORIENTED_EDGE('',*,*,#605,.F.);
#297=ORIENTED_EDGE('',*,*,#599,.F.);
#298=ORIENTED_EDGE('',*,*,#717,.F.);
#299=ORIENTED_EDGE('',*,*,#718,.T.);
#300=ORIENTED_EDGE('',*,*,#688,.F.);
#301=ORIENTED_EDGE('',*,*,#677,.F.);
#302=ORIENTED_EDGE('',*,*,#719,.T.);
#303=ORIENTED_EDGE('',*,*,#720,.F.);
#304=ORIENTED_EDGE('',*,*,#721,.T.);
#305=ORIENTED_EDGE('',*,*,#722,.T.);
#306=ORIENTED_EDGE('',*,*,#723,.T.);
#307=ORIENTED_EDGE('',*,*,#681,.F.);
#308=ORIENTED_EDGE('',*,*,#724,.T.);
#309=ORIENTED_EDGE('',*,*,#712,.F.);
#310=ORIENTED_EDGE('',*,*,#725,.T.);
#311=ORIENTED_EDGE('',*,*,#726,.F.);
#312=ORIENTED_EDGE('',*,*,#727,.T.);
#313=ORIENTED_EDGE('',*,*,#728,.T.);
#314=ORIENTED_EDGE('',*,*,#729,.T.);
#315=ORIENTED_EDGE('',*,*,#730,.F.);
#316=ORIENTED_EDGE('',*,*,#716,.F.);
#317=ORIENTED_EDGE('',*,*,#711,.F.);
#318=ORIENTED_EDGE('',*,*,#705,.F.);
#319=ORIENTED_EDGE('',*,*,#708,.T.);
#320=ORIENTED_EDGE('',*,*,#710,.T.);
#321=ORIENTED_EDGE('',*,*,#715,.F.);
#322=ORIENTED_EDGE('',*,*,#731,.F.);
#323=ORIENTED_EDGE('',*,*,#732,.T.);
#324=ORIENTED_EDGE('',*,*,#733,.T.);
#325=ORIENTED_EDGE('',*,*,#734,.T.);
#326=ORIENTED_EDGE('',*,*,#735,.F.);
#327=ORIENTED_EDGE('',*,*,#736,.T.);
#328=ORIENTED_EDGE('',*,*,#737,.T.);
#329=ORIENTED_EDGE('',*,*,#738,.T.);
#330=ORIENTED_EDGE('',*,*,#739,.F.);
#331=ORIENTED_EDGE('',*,*,#740,.T.);
#332=ORIENTED_EDGE('',*,*,#741,.T.);
#333=ORIENTED_EDGE('',*,*,#742,.T.);
#334=ORIENTED_EDGE('',*,*,#743,.F.);
#335=ORIENTED_EDGE('',*,*,#744,.T.);
#336=ORIENTED_EDGE('',*,*,#745,.T.);
#337=ORIENTED_EDGE('',*,*,#746,.F.);
#338=ORIENTED_EDGE('',*,*,#699,.F.);
#339=ORIENTED_EDGE('',*,*,#747,.T.);
#340=ORIENTED_EDGE('',*,*,#722,.F.);
#341=ORIENTED_EDGE('',*,*,#748,.T.);
#342=ORIENTED_EDGE('',*,*,#741,.F.);
#343=ORIENTED_EDGE('',*,*,#749,.T.);
#344=ORIENTED_EDGE('',*,*,#737,.F.);
#345=ORIENTED_EDGE('',*,*,#750,.T.);
#346=ORIENTED_EDGE('',*,*,#731,.T.);
#347=ORIENTED_EDGE('',*,*,#751,.T.);
#348=ORIENTED_EDGE('',*,*,#728,.F.);
#349=ORIENTED_EDGE('',*,*,#752,.T.);
#350=ORIENTED_EDGE('',*,*,#621,.T.);
#351=ORIENTED_EDGE('',*,*,#625,.T.);
#352=ORIENTED_EDGE('',*,*,#753,.T.);
#353=ORIENTED_EDGE('',*,*,#647,.T.);
#354=ORIENTED_EDGE('',*,*,#754,.T.);
#355=ORIENTED_EDGE('',*,*,#755,.T.);
#356=ORIENTED_EDGE('',*,*,#756,.T.);
#357=ORIENTED_EDGE('',*,*,#642,.T.);
#358=ORIENTED_EDGE('',*,*,#757,.T.);
#359=ORIENTED_EDGE('',*,*,#758,.T.);
#360=ORIENTED_EDGE('',*,*,#759,.T.);
#361=ORIENTED_EDGE('',*,*,#638,.T.);
#362=ORIENTED_EDGE('',*,*,#760,.T.);
#363=ORIENTED_EDGE('',*,*,#602,.F.);
#364=ORIENTED_EDGE('',*,*,#743,.T.);
#365=ORIENTED_EDGE('',*,*,#745,.F.);
#366=ORIENTED_EDGE('',*,*,#720,.T.);
#367=ORIENTED_EDGE('',*,*,#761,.T.);
#368=ORIENTED_EDGE('',*,*,#596,.T.);
#369=ORIENTED_EDGE('',*,*,#604,.T.);
#370=ORIENTED_EDGE('',*,*,#762,.T.);
#371=ORIENTED_EDGE('',*,*,#660,.F.);
#372=ORIENTED_EDGE('',*,*,#763,.T.);
#373=ORIENTED_EDGE('',*,*,#764,.T.);
#374=ORIENTED_EDGE('',*,*,#765,.T.);
#375=ORIENTED_EDGE('',*,*,#655,.F.);
#376=ORIENTED_EDGE('',*,*,#766,.T.);
#377=ORIENTED_EDGE('',*,*,#767,.T.);
#378=ORIENTED_EDGE('',*,*,#768,.T.);
#379=ORIENTED_EDGE('',*,*,#649,.F.);
#380=ORIENTED_EDGE('',*,*,#769,.T.);
#381=ORIENTED_EDGE('',*,*,#628,.F.);
#382=ORIENTED_EDGE('',*,*,#703,.F.);
#383=ORIENTED_EDGE('',*,*,#770,.F.);
#384=ORIENTED_EDGE('',*,*,#730,.T.);
#385=ORIENTED_EDGE('',*,*,#771,.T.);
#386=ORIENTED_EDGE('',*,*,#733,.F.);
#387=ORIENTED_EDGE('',*,*,#772,.T.);
#388=ORIENTED_EDGE('',*,*,#735,.T.);
#389=ORIENTED_EDGE('',*,*,#773,.T.);
#390=ORIENTED_EDGE('',*,*,#739,.T.);
#391=ORIENTED_EDGE('',*,*,#774,.T.);
#392=ORIENTED_EDGE('',*,*,#744,.F.);
#393=ORIENTED_EDGE('',*,*,#746,.T.);
#394=ORIENTED_EDGE('',*,*,#760,.F.);
#395=ORIENTED_EDGE('',*,*,#661,.F.);
#396=ORIENTED_EDGE('',*,*,#762,.F.);
#397=ORIENTED_EDGE('',*,*,#603,.F.);
#398=ORIENTED_EDGE('',*,*,#753,.F.);
#399=ORIENTED_EDGE('',*,*,#629,.F.);
#400=ORIENTED_EDGE('',*,*,#769,.F.);
#401=ORIENTED_EDGE('',*,*,#648,.F.);
#402=ORIENTED_EDGE('',*,*,#750,.F.);
#403=ORIENTED_EDGE('',*,*,#736,.F.);
#404=ORIENTED_EDGE('',*,*,#772,.F.);
#405=ORIENTED_EDGE('',*,*,#732,.F.);
#406=ORIENTED_EDGE('',*,*,#749,.F.);
#407=ORIENTED_EDGE('',*,*,#740,.F.);
#408=ORIENTED_EDGE('',*,*,#773,.F.);
#409=ORIENTED_EDGE('',*,*,#738,.F.);
#410=ORIENTED_EDGE('',*,*,#748,.F.);
#411=ORIENTED_EDGE('',*,*,#721,.F.);
#412=ORIENTED_EDGE('',*,*,#774,.F.);
#413=ORIENTED_EDGE('',*,*,#742,.F.);
#414=ORIENTED_EDGE('',*,*,#751,.F.);
#415=ORIENTED_EDGE('',*,*,#734,.F.);
#416=ORIENTED_EDGE('',*,*,#771,.F.);
#417=ORIENTED_EDGE('',*,*,#729,.F.);
#418=ORIENTED_EDGE('',*,*,#653,.F.);
#419=ORIENTED_EDGE('',*,*,#775,.T.);
#420=ORIENTED_EDGE('',*,*,#776,.T.);
#421=ORIENTED_EDGE('',*,*,#777,.T.);
#422=ORIENTED_EDGE('',*,*,#776,.F.);
#423=ORIENTED_EDGE('',*,*,#778,.T.);
#424=ORIENTED_EDGE('',*,*,#779,.T.);
#425=ORIENTED_EDGE('',*,*,#780,.T.);
#426=ORIENTED_EDGE('',*,*,#779,.F.);
#427=ORIENTED_EDGE('',*,*,#781,.T.);
#428=ORIENTED_EDGE('',*,*,#657,.T.);
#429=ORIENTED_EDGE('',*,*,#782,.T.);
#430=ORIENTED_EDGE('',*,*,#783,.T.);
#431=ORIENTED_EDGE('',*,*,#784,.T.);
#432=ORIENTED_EDGE('',*,*,#785,.T.);
#433=ORIENTED_EDGE('',*,*,#786,.T.);
#434=ORIENTED_EDGE('',*,*,#787,.T.);
#435=ORIENTED_EDGE('',*,*,#788,.T.);
#436=ORIENTED_EDGE('',*,*,#789,.T.);
#437=ORIENTED_EDGE('',*,*,#651,.F.);
#438=ORIENTED_EDGE('',*,*,#790,.T.);
#439=ORIENTED_EDGE('',*,*,#791,.T.);
#440=ORIENTED_EDGE('',*,*,#792,.T.);
#441=ORIENTED_EDGE('',*,*,#793,.T.);
#442=ORIENTED_EDGE('',*,*,#794,.F.);
#443=ORIENTED_EDGE('',*,*,#795,.T.);
#444=ORIENTED_EDGE('',*,*,#640,.T.);
#445=ORIENTED_EDGE('',*,*,#632,.T.);
#446=ORIENTED_EDGE('',*,*,#796,.T.);
#447=ORIENTED_EDGE('',*,*,#794,.T.);
#448=ORIENTED_EDGE('',*,*,#797,.T.);
#449=ORIENTED_EDGE('',*,*,#798,.F.);
#450=ORIENTED_EDGE('',*,*,#799,.T.);
#451=ORIENTED_EDGE('',*,*,#644,.F.);
#452=ORIENTED_EDGE('',*,*,#800,.T.);
#453=ORIENTED_EDGE('',*,*,#798,.T.);
#454=ORIENTED_EDGE('',*,*,#801,.T.);
#455=ORIENTED_EDGE('',*,*,#802,.F.);
#456=ORIENTED_EDGE('',*,*,#802,.T.);
#457=ORIENTED_EDGE('',*,*,#803,.T.);
#458=ORIENTED_EDGE('',*,*,#804,.T.);
#459=ORIENTED_EDGE('',*,*,#645,.T.);
#460=ORIENTED_EDGE('',*,*,#805,.T.);
#461=ORIENTED_EDGE('',*,*,#806,.T.);
#462=ORIENTED_EDGE('',*,*,#630,.F.);
#463=ORIENTED_EDGE('',*,*,#639,.F.);
#464=ORIENTED_EDGE('',*,*,#759,.F.);
#465=ORIENTED_EDGE('',*,*,#807,.T.);
#466=ORIENTED_EDGE('',*,*,#804,.F.);
#467=ORIENTED_EDGE('',*,*,#808,.T.);
#468=ORIENTED_EDGE('',*,*,#809,.T.);
#469=ORIENTED_EDGE('',*,*,#810,.T.);
#470=ORIENTED_EDGE('',*,*,#754,.F.);
#471=ORIENTED_EDGE('',*,*,#646,.F.);
#472=ORIENTED_EDGE('',*,*,#636,.F.);
#473=ORIENTED_EDGE('',*,*,#811,.T.);
#474=ORIENTED_EDGE('',*,*,#812,.T.);
#475=ORIENTED_EDGE('',*,*,#813,.T.);
#476=ORIENTED_EDGE('',*,*,#763,.F.);
#477=ORIENTED_EDGE('',*,*,#659,.F.);
#478=ORIENTED_EDGE('',*,*,#814,.T.);
#479=ORIENTED_EDGE('',*,*,#815,.T.);
#480=ORIENTED_EDGE('',*,*,#787,.F.);
#481=ORIENTED_EDGE('',*,*,#650,.F.);
#482=ORIENTED_EDGE('',*,*,#768,.F.);
#483=ORIENTED_EDGE('',*,*,#816,.T.);
#484=ORIENTED_EDGE('',*,*,#643,.F.);
#485=ORIENTED_EDGE('',*,*,#756,.F.);
#486=ORIENTED_EDGE('',*,*,#817,.F.);
#487=ORIENTED_EDGE('',*,*,#800,.F.);
#488=ORIENTED_EDGE('',*,*,#641,.F.);
#489=ORIENTED_EDGE('',*,*,#795,.F.);
#490=ORIENTED_EDGE('',*,*,#818,.F.);
#491=ORIENTED_EDGE('',*,*,#757,.F.);
#492=ORIENTED_EDGE('',*,*,#799,.F.);
#493=ORIENTED_EDGE('',*,*,#817,.T.);
#494=ORIENTED_EDGE('',*,*,#755,.F.);
#495=ORIENTED_EDGE('',*,*,#810,.F.);
#496=ORIENTED_EDGE('',*,*,#819,.F.);
#497=ORIENTED_EDGE('',*,*,#793,.F.);
#498=ORIENTED_EDGE('',*,*,#820,.T.);
#499=ORIENTED_EDGE('',*,*,#807,.F.);
#500=ORIENTED_EDGE('',*,*,#758,.F.);
#501=ORIENTED_EDGE('',*,*,#818,.T.);
#502=ORIENTED_EDGE('',*,*,#821,.F.);
#503=ORIENTED_EDGE('',*,*,#805,.F.);
#504=ORIENTED_EDGE('',*,*,#820,.F.);
#505=ORIENTED_EDGE('',*,*,#792,.F.);
#506=ORIENTED_EDGE('',*,*,#797,.F.);
#507=ORIENTED_EDGE('',*,*,#796,.F.);
#508=ORIENTED_EDGE('',*,*,#631,.F.);
#509=ORIENTED_EDGE('',*,*,#806,.F.);
#510=ORIENTED_EDGE('',*,*,#821,.T.);
#511=ORIENTED_EDGE('',*,*,#791,.F.);
#512=ORIENTED_EDGE('',*,*,#822,.F.);
#513=ORIENTED_EDGE('',*,*,#808,.F.);
#514=ORIENTED_EDGE('',*,*,#803,.F.);
#515=ORIENTED_EDGE('',*,*,#801,.F.);
#516=ORIENTED_EDGE('',*,*,#819,.T.);
#517=ORIENTED_EDGE('',*,*,#809,.F.);
#518=ORIENTED_EDGE('',*,*,#822,.T.);
#519=ORIENTED_EDGE('',*,*,#790,.F.);
#520=ORIENTED_EDGE('',*,*,#652,.F.);
#521=ORIENTED_EDGE('',*,*,#789,.F.);
#522=ORIENTED_EDGE('',*,*,#823,.F.);
#523=ORIENTED_EDGE('',*,*,#775,.F.);
#524=ORIENTED_EDGE('',*,*,#658,.F.);
#525=ORIENTED_EDGE('',*,*,#781,.F.);
#526=ORIENTED_EDGE('',*,*,#824,.F.);
#527=ORIENTED_EDGE('',*,*,#634,.F.);
#528=ORIENTED_EDGE('',*,*,#656,.F.);
#529=ORIENTED_EDGE('',*,*,#765,.F.);
#530=ORIENTED_EDGE('',*,*,#825,.F.);
#531=ORIENTED_EDGE('',*,*,#782,.F.);
#532=ORIENTED_EDGE('',*,*,#654,.F.);
#533=ORIENTED_EDGE('',*,*,#777,.F.);
#534=ORIENTED_EDGE('',*,*,#826,.F.);
#535=ORIENTED_EDGE('',*,*,#766,.F.);
#536=ORIENTED_EDGE('',*,*,#778,.F.);
#537=ORIENTED_EDGE('',*,*,#823,.T.);
#538=ORIENTED_EDGE('',*,*,#788,.F.);
#539=ORIENTED_EDGE('',*,*,#815,.F.);
#540=ORIENTED_EDGE('',*,*,#827,.F.);
#541=ORIENTED_EDGE('',*,*,#784,.F.);
#542=ORIENTED_EDGE('',*,*,#828,.T.);
#543=ORIENTED_EDGE('',*,*,#811,.F.);
#544=ORIENTED_EDGE('',*,*,#635,.F.);
#545=ORIENTED_EDGE('',*,*,#824,.T.);
#546=ORIENTED_EDGE('',*,*,#829,.F.);
#547=ORIENTED_EDGE('',*,*,#812,.F.);
#548=ORIENTED_EDGE('',*,*,#828,.F.);
#549=ORIENTED_EDGE('',*,*,#783,.F.);
#550=ORIENTED_EDGE('',*,*,#780,.F.);
#551=ORIENTED_EDGE('',*,*,#825,.T.);
#552=ORIENTED_EDGE('',*,*,#764,.F.);
#553=ORIENTED_EDGE('',*,*,#813,.F.);
#554=ORIENTED_EDGE('',*,*,#829,.T.);
#555=ORIENTED_EDGE('',*,*,#786,.F.);
#556=ORIENTED_EDGE('',*,*,#830,.F.);
#557=ORIENTED_EDGE('',*,*,#816,.F.);
#558=ORIENTED_EDGE('',*,*,#767,.F.);
#559=ORIENTED_EDGE('',*,*,#826,.T.);
#560=ORIENTED_EDGE('',*,*,#827,.T.);
#561=ORIENTED_EDGE('',*,*,#814,.F.);
#562=ORIENTED_EDGE('',*,*,#830,.T.);
#563=ORIENTED_EDGE('',*,*,#785,.F.);
#564=ORIENTED_EDGE('',*,*,#702,.F.);
#565=ORIENTED_EDGE('',*,*,#831,.T.);
#566=ORIENTED_EDGE('',*,*,#717,.T.);
#567=ORIENTED_EDGE('',*,*,#770,.T.);
#568=ORIENTED_EDGE('',*,*,#623,.F.);
#569=ORIENTED_EDGE('',*,*,#832,.T.);
#570=ORIENTED_EDGE('',*,*,#726,.T.);
#571=ORIENTED_EDGE('',*,*,#833,.T.);
#572=ORIENTED_EDGE('',*,*,#701,.F.);
#573=ORIENTED_EDGE('',*,*,#689,.F.);
#574=ORIENTED_EDGE('',*,*,#718,.F.);
#575=ORIENTED_EDGE('',*,*,#831,.F.);
#576=ORIENTED_EDGE('',*,*,#597,.F.);
#577=ORIENTED_EDGE('',*,*,#761,.F.);
#578=ORIENTED_EDGE('',*,*,#719,.F.);
#579=ORIENTED_EDGE('',*,*,#676,.F.);
#580=ORIENTED_EDGE('',*,*,#698,.F.);
#581=ORIENTED_EDGE('',*,*,#682,.F.);
#582=ORIENTED_EDGE('',*,*,#723,.F.);
#583=ORIENTED_EDGE('',*,*,#747,.F.);
#584=ORIENTED_EDGE('',*,*,#727,.F.);
#585=ORIENTED_EDGE('',*,*,#832,.F.);
#586=ORIENTED_EDGE('',*,*,#622,.F.);
#587=ORIENTED_EDGE('',*,*,#752,.F.);
#588=ORIENTED_EDGE('',*,*,#613,.F.);
#589=ORIENTED_EDGE('',*,*,#713,.F.);
#590=ORIENTED_EDGE('',*,*,#724,.F.);
#591=ORIENTED_EDGE('',*,*,#680,.F.);
#592=ORIENTED_EDGE('',*,*,#725,.F.);
#593=ORIENTED_EDGE('',*,*,#714,.F.);
#594=ORIENTED_EDGE('',*,*,#624,.F.);
#595=ORIENTED_EDGE('',*,*,#833,.F.);
#596=EDGE_CURVE('',#834,#835,#994,.T.);
#597=EDGE_CURVE('',#834,#836,#68,.T.);
#598=EDGE_CURVE('',#836,#837,#995,.T.);
#599=EDGE_CURVE('',#837,#838,#996,.T.);
#600=EDGE_CURVE('',#835,#838,#997,.T.);
#601=EDGE_CURVE('',#839,#840,#998,.T.);
#602=EDGE_CURVE('',#840,#841,#999,.T.);
#603=EDGE_CURVE('',#841,#842,#1000,.T.);
#604=EDGE_CURVE('',#835,#842,#1001,.T.);
#605=EDGE_CURVE('',#838,#839,#69,.T.);
#606=EDGE_CURVE('',#843,#843,#70,.T.);
#607=EDGE_CURVE('',#844,#844,#71,.T.);
#608=EDGE_CURVE('',#845,#846,#1002,.T.);
#609=EDGE_CURVE('',#846,#847,#1003,.T.);
#610=EDGE_CURVE('',#848,#847,#1004,.T.);
#611=EDGE_CURVE('',#845,#848,#1005,.T.);
#612=EDGE_CURVE('',#849,#850,#1006,.T.);
#613=EDGE_CURVE('',#850,#851,#72,.F.);
#614=EDGE_CURVE('',#851,#852,#1007,.T.);
#615=EDGE_CURVE('',#852,#853,#1008,.T.);
#616=EDGE_CURVE('',#854,#853,#1009,.T.);
#617=EDGE_CURVE('',#855,#854,#1010,.T.);
#618=EDGE_CURVE('',#855,#856,#1011,.T.);
#619=EDGE_CURVE('',#856,#857,#1012,.F.);
#620=EDGE_CURVE('',#857,#858,#1013,.T.);
#621=EDGE_CURVE('',#859,#858,#1014,.T.);
#622=EDGE_CURVE('',#859,#860,#73,.T.);
#623=EDGE_CURVE('',#860,#861,#1015,.T.);
#624=EDGE_CURVE('',#861,#849,#74,.F.);
#625=EDGE_CURVE('',#858,#862,#1016,.T.);
#626=EDGE_CURVE('',#863,#857,#75,.T.);
#627=EDGE_CURVE('',#864,#863,#1017,.T.);
#628=EDGE_CURVE('',#864,#865,#1018,.T.);
#629=EDGE_CURVE('',#865,#862,#1019,.F.);
#630=EDGE_CURVE('',#866,#867,#1020,.T.);
#631=EDGE_CURVE('',#867,#868,#1021,.F.);
#632=EDGE_CURVE('',#869,#868,#1022,.T.);
#633=EDGE_CURVE('',#869,#866,#1023,.T.);
#634=EDGE_CURVE('',#870,#871,#1024,.T.);
#635=EDGE_CURVE('',#871,#872,#1025,.T.);
#636=EDGE_CURVE('',#872,#873,#1026,.T.);
#637=EDGE_CURVE('',#870,#873,#1027,.T.);
#638=EDGE_CURVE('',#874,#875,#1028,.T.);
#639=EDGE_CURVE('',#874,#866,#1029,.T.);
#640=EDGE_CURVE('',#876,#869,#1030,.T.);
#641=EDGE_CURVE('',#876,#877,#76,.T.);
#642=EDGE_CURVE('',#878,#877,#1031,.T.);
#643=EDGE_CURVE('',#878,#879,#77,.T.);
#644=EDGE_CURVE('',#879,#880,#1032,.T.);
#645=EDGE_CURVE('',#881,#880,#1033,.T.);
#646=EDGE_CURVE('',#881,#882,#1034,.T.);
#647=EDGE_CURVE('',#883,#882,#1035,.T.);
#648=EDGE_CURVE('',#883,#884,#1036,.T.);
#649=EDGE_CURVE('',#884,#885,#1037,.T.);
#650=EDGE_CURVE('',#885,#886,#1038,.T.);
#651=EDGE_CURVE('',#886,#887,#1039,.T.);
#652=EDGE_CURVE('',#887,#888,#78,.T.);
#653=EDGE_CURVE('',#888,#889,#1040,.T.);
#654=EDGE_CURVE('',#889,#890,#79,.T.);
#655=EDGE_CURVE('',#890,#891,#1041,.T.);
#656=EDGE_CURVE('',#891,#892,#80,.T.);
#657=EDGE_CURVE('',#893,#892,#1042,.T.);
#658=EDGE_CURVE('',#893,#870,#81,.T.);
#659=EDGE_CURVE('',#873,#894,#1043,.T.);
#660=EDGE_CURVE('',#894,#895,#1044,.T.);
#661=EDGE_CURVE('',#895,#875,#1045,.F.);
#662=EDGE_CURVE('',#896,#897,#1046,.F.);
#663=EDGE_CURVE('',#896,#898,#82,.T.);
#664=EDGE_CURVE('',#898,#899,#1047,.T.);
#665=EDGE_CURVE('',#899,#900,#83,.T.);
#666=EDGE_CURVE('',#901,#900,#1048,.T.);
#667=EDGE_CURVE('',#902,#901,#84,.T.);
#668=EDGE_CURVE('',#902,#903,#1049,.T.);
#669=EDGE_CURVE('',#897,#903,#85,.T.);
#670=EDGE_CURVE('',#904,#896,#1050,.T.);
#671=EDGE_CURVE('',#904,#905,#86,.T.);
#672=EDGE_CURVE('',#898,#905,#1051,.T.);
#673=EDGE_CURVE('',#906,#855,#1052,.T.);
#674=EDGE_CURVE('',#906,#856,#87,.T.);
#675=EDGE_CURVE('',#907,#907,#88,.T.);
#676=EDGE_CURVE('',#836,#908,#1053,.T.);
#677=EDGE_CURVE('',#908,#909,#1054,.T.);
#678=EDGE_CURVE('',#902,#909,#1055,.T.);
#679=EDGE_CURVE('',#901,#852,#1056,.T.);
#680=EDGE_CURVE('',#851,#910,#1057,.T.);
#681=EDGE_CURVE('',#910,#911,#1058,.T.);
#682=EDGE_CURVE('',#911,#912,#1059,.F.);
#683=EDGE_CURVE('',#913,#912,#1060,.T.);
#684=EDGE_CURVE('',#913,#837,#89,.T.);
#685=EDGE_CURVE('',#914,#854,#1061,.T.);
#686=EDGE_CURVE('',#906,#914,#1062,.T.);
#687=EDGE_CURVE('',#900,#853,#1063,.T.);
#688=EDGE_CURVE('',#909,#915,#1064,.T.);
#689=EDGE_CURVE('',#915,#916,#1065,.F.);
#690=EDGE_CURVE('',#917,#916,#1066,.T.);
#691=EDGE_CURVE('',#903,#917,#1067,.T.);
#692=EDGE_CURVE('',#918,#918,#90,.T.);
#693=EDGE_CURVE('',#899,#919,#1068,.T.);
#694=EDGE_CURVE('',#905,#919,#1069,.T.);
#695=EDGE_CURVE('',#863,#904,#1070,.T.);
#696=EDGE_CURVE('',#914,#919,#91,.T.);
#697=EDGE_CURVE('',#917,#897,#1071,.T.);
#698=EDGE_CURVE('',#912,#920,#92,.T.);
#699=EDGE_CURVE('',#920,#840,#1072,.T.);
#700=EDGE_CURVE('',#839,#913,#1073,.F.);
#701=EDGE_CURVE('',#916,#921,#93,.F.);
#702=EDGE_CURVE('',#921,#922,#1074,.T.);
#703=EDGE_CURVE('',#922,#864,#1075,.T.);
#704=EDGE_CURVE('',#923,#845,#1076,.T.);
#705=EDGE_CURVE('',#923,#924,#1077,.T.);
#706=EDGE_CURVE('',#924,#846,#1078,.T.);
#707=EDGE_CURVE('',#925,#848,#1079,.T.);
#708=EDGE_CURVE('',#923,#925,#1080,.T.);
#709=EDGE_CURVE('',#926,#847,#1081,.T.);
#710=EDGE_CURVE('',#925,#926,#1082,.T.);
#711=EDGE_CURVE('',#927,#927,#94,.T.);
#712=EDGE_CURVE('',#928,#929,#1083,.T.);
#713=EDGE_CURVE('',#929,#850,#1084,.F.);
#714=EDGE_CURVE('',#849,#928,#1085,.F.);
#715=EDGE_CURVE('',#924,#926,#1086,.T.);
#716=EDGE_CURVE('',#930,#930,#95,.T.);
#717=EDGE_CURVE('',#931,#932,#1087,.T.);
#718=EDGE_CURVE('',#931,#915,#96,.T.);
#719=EDGE_CURVE('',#908,#933,#97,.F.);
#720=EDGE_CURVE('',#934,#933,#1088,.T.);
#721=EDGE_CURVE('',#934,#935,#1089,.F.);
#722=EDGE_CURVE('',#935,#936,#1090,.T.);
#723=EDGE_CURVE('',#936,#911,#98,.F.);
#724=EDGE_CURVE('',#910,#929,#99,.T.);
#725=EDGE_CURVE('',#928,#937,#100,.T.);
#726=EDGE_CURVE('',#938,#937,#1091,.T.);
#727=EDGE_CURVE('',#938,#939,#101,.F.);
#728=EDGE_CURVE('',#939,#940,#1092,.T.);
#729=EDGE_CURVE('',#940,#941,#1093,.T.);
#730=EDGE_CURVE('',#932,#941,#1094,.T.);
#731=EDGE_CURVE('',#942,#943,#1095,.T.);
#732=EDGE_CURVE('',#942,#944,#1096,.T.);
#733=EDGE_CURVE('',#944,#945,#1097,.T.);
#734=EDGE_CURVE('',#945,#943,#1098,.F.);
#735=EDGE_CURVE('',#946,#947,#1099,.T.);
#736=EDGE_CURVE('',#946,#948,#1100,.F.);
#737=EDGE_CURVE('',#948,#949,#1101,.T.);
#738=EDGE_CURVE('',#949,#947,#1102,.T.);
#739=EDGE_CURVE('',#950,#951,#1103,.T.);
#740=EDGE_CURVE('',#950,#952,#1104,.F.);
#741=EDGE_CURVE('',#952,#953,#1105,.T.);
#742=EDGE_CURVE('',#953,#951,#1106,.T.);
#743=EDGE_CURVE('',#954,#954,#102,.T.);
#744=EDGE_CURVE('',#955,#955,#103,.T.);
#745=EDGE_CURVE('',#956,#956,#104,.T.);
#746=EDGE_CURVE('',#957,#957,#105,.T.);
#747=EDGE_CURVE('',#920,#936,#1107,.T.);
#748=EDGE_CURVE('',#935,#953,#106,.T.);
#749=EDGE_CURVE('',#952,#949,#107,.T.);
#750=EDGE_CURVE('',#948,#942,#108,.T.);
#751=EDGE_CURVE('',#943,#940,#109,.T.);
#752=EDGE_CURVE('',#939,#859,#1108,.T.);
#753=EDGE_CURVE('',#862,#883,#110,.F.);
#754=EDGE_CURVE('',#882,#958,#1109,.F.);
#755=EDGE_CURVE('',#958,#959,#1110,.T.);
#756=EDGE_CURVE('',#959,#878,#1111,.F.);
#757=EDGE_CURVE('',#877,#960,#1112,.T.);
#758=EDGE_CURVE('',#960,#961,#1113,.T.);
#759=EDGE_CURVE('',#961,#874,#1114,.T.);
#760=EDGE_CURVE('',#875,#841,#111,.F.);
#761=EDGE_CURVE('',#933,#834,#1115,.F.);
#762=EDGE_CURVE('',#842,#895,#112,.T.);
#763=EDGE_CURVE('',#894,#962,#1116,.T.);
#764=EDGE_CURVE('',#962,#963,#1117,.F.);
#765=EDGE_CURVE('',#963,#891,#1118,.F.);
#766=EDGE_CURVE('',#890,#964,#1119,.T.);
#767=EDGE_CURVE('',#964,#965,#1120,.F.);
#768=EDGE_CURVE('',#965,#885,#1121,.F.);
#769=EDGE_CURVE('',#884,#865,#113,.T.);
#770=EDGE_CURVE('',#932,#922,#1122,.T.);
#771=EDGE_CURVE('',#941,#945,#114,.F.);
#772=EDGE_CURVE('',#944,#946,#115,.F.);
#773=EDGE_CURVE('',#947,#950,#116,.F.);
#774=EDGE_CURVE('',#951,#934,#117,.F.);
#775=EDGE_CURVE('',#888,#966,#1123,.T.);
#776=EDGE_CURVE('',#966,#967,#1124,.T.);
#777=EDGE_CURVE('',#967,#889,#1125,.F.);
#778=EDGE_CURVE('',#966,#968,#1126,.T.);
#779=EDGE_CURVE('',#968,#969,#1127,.T.);
#780=EDGE_CURVE('',#969,#967,#1128,.F.);
#781=EDGE_CURVE('',#968,#893,#1129,.F.);
#782=EDGE_CURVE('',#892,#969,#1130,.T.);
#783=EDGE_CURVE('',#970,#971,#1131,.T.);
#784=EDGE_CURVE('',#971,#972,#1132,.F.);
#785=EDGE_CURVE('',#972,#973,#1133,.F.);
#786=EDGE_CURVE('',#973,#970,#1134,.T.);
#787=EDGE_CURVE('',#886,#974,#1135,.F.);
#788=EDGE_CURVE('',#974,#975,#1136,.T.);
#789=EDGE_CURVE('',#975,#887,#1137,.F.);
#790=EDGE_CURVE('',#976,#977,#1138,.F.);
#791=EDGE_CURVE('',#977,#978,#1139,.T.);
#792=EDGE_CURVE('',#978,#979,#1140,.T.);
#793=EDGE_CURVE('',#979,#976,#1141,.F.);
#794=EDGE_CURVE('',#980,#981,#1142,.T.);
#795=EDGE_CURVE('',#980,#876,#1143,.F.);
#796=EDGE_CURVE('',#868,#981,#118,.T.);
#797=EDGE_CURVE('',#981,#982,#1144,.F.);
#798=EDGE_CURVE('',#983,#982,#1145,.T.);
#799=EDGE_CURVE('',#983,#980,#1146,.T.);
#800=EDGE_CURVE('',#879,#983,#1147,.T.);
#801=EDGE_CURVE('',#982,#984,#119,.F.);
#802=EDGE_CURVE('',#880,#984,#1148,.T.);
#803=EDGE_CURVE('',#984,#985,#1149,.F.);
#804=EDGE_CURVE('',#985,#881,#1150,.F.);
#805=EDGE_CURVE('',#986,#987,#1151,.F.);
#806=EDGE_CURVE('',#987,#867,#12,.F.);
#807=EDGE_CURVE('',#961,#986,#13,.F.);
#808=EDGE_CURVE('',#985,#988,#14,.T.);
#809=EDGE_CURVE('',#988,#989,#1152,.F.);
#810=EDGE_CURVE('',#989,#958,#15,.T.);
#811=EDGE_CURVE('',#872,#990,#16,.F.);
#812=EDGE_CURVE('',#990,#991,#1153,.F.);
#813=EDGE_CURVE('',#991,#962,#17,.F.);
#814=EDGE_CURVE('',#992,#993,#1154,.F.);
#815=EDGE_CURVE('',#993,#974,#18,.T.);
#816=EDGE_CURVE('',#965,#992,#19,.T.);
#817=EDGE_CURVE('',#983,#959,#20,.F.);
#818=EDGE_CURVE('',#960,#980,#21,.T.);
#819=EDGE_CURVE('',#976,#989,#22,.F.);
#820=EDGE_CURVE('',#979,#986,#23,.F.);
#821=EDGE_CURVE('',#987,#978,#24,.T.);
#822=EDGE_CURVE('',#988,#977,#25,.T.);
#823=EDGE_CURVE('',#966,#975,#26,.F.);
#824=EDGE_CURVE('',#871,#968,#27,.T.);
#825=EDGE_CURVE('',#969,#963,#28,.F.);
#826=EDGE_CURVE('',#964,#967,#29,.T.);
#827=EDGE_CURVE('',#972,#993,#30,.F.);
#828=EDGE_CURVE('',#971,#990,#31,.F.);
#829=EDGE_CURVE('',#991,#970,#32,.T.);
#830=EDGE_CURVE('',#992,#973,#33,.T.);
#831=EDGE_CURVE('',#921,#931,#1155,.T.);
#832=EDGE_CURVE('',#860,#938,#1156,.F.);
#833=EDGE_CURVE('',#937,#861,#1157,.T.);
#834=VERTEX_POINT('',#2279);
#835=VERTEX_POINT('',#2280);
#836=VERTEX_POINT('',#2282);
#837=VERTEX_POINT('',#2284);
#838=VERTEX_POINT('',#2286);
#839=VERTEX_POINT('',#2290);
#840=VERTEX_POINT('',#2291);
#841=VERTEX_POINT('',#2293);
#842=VERTEX_POINT('',#2295);
#843=VERTEX_POINT('',#2300);
#844=VERTEX_POINT('',#2302);
#845=VERTEX_POINT('',#2304);
#846=VERTEX_POINT('',#2305);
#847=VERTEX_POINT('',#2307);
#848=VERTEX_POINT('',#2309);
#849=VERTEX_POINT('',#2312);
#850=VERTEX_POINT('',#2313);
#851=VERTEX_POINT('',#2315);
#852=VERTEX_POINT('',#2317);
#853=VERTEX_POINT('',#2319);
#854=VERTEX_POINT('',#2321);
#855=VERTEX_POINT('',#2323);
#856=VERTEX_POINT('',#2325);
#857=VERTEX_POINT('',#2327);
#858=VERTEX_POINT('',#2329);
#859=VERTEX_POINT('',#2331);
#860=VERTEX_POINT('',#2333);
#861=VERTEX_POINT('',#2335);
#862=VERTEX_POINT('',#2339);
#863=VERTEX_POINT('',#2341);
#864=VERTEX_POINT('',#2343);
#865=VERTEX_POINT('',#2345);
#866=VERTEX_POINT('',#2349);
#867=VERTEX_POINT('',#2350);
#868=VERTEX_POINT('',#2352);
#869=VERTEX_POINT('',#2354);
#870=VERTEX_POINT('',#2358);
#871=VERTEX_POINT('',#2359);
#872=VERTEX_POINT('',#2361);
#873=VERTEX_POINT('',#2363);
#874=VERTEX_POINT('',#2367);
#875=VERTEX_POINT('',#2368);
#876=VERTEX_POINT('',#2371);
#877=VERTEX_POINT('',#2373);
#878=VERTEX_POINT('',#2375);
#879=VERTEX_POINT('',#2377);
#880=VERTEX_POINT('',#2379);
#881=VERTEX_POINT('',#2381);
#882=VERTEX_POINT('',#2383);
#883=VERTEX_POINT('',#2385);
#884=VERTEX_POINT('',#2387);
#885=VERTEX_POINT('',#2389);
#886=VERTEX_POINT('',#2391);
#887=VERTEX_POINT('',#2393);
#888=VERTEX_POINT('',#2395);
#889=VERTEX_POINT('',#2397);
#890=VERTEX_POINT('',#2399);
#891=VERTEX_POINT('',#2401);
#892=VERTEX_POINT('',#2403);
#893=VERTEX_POINT('',#2405);
#894=VERTEX_POINT('',#2408);
#895=VERTEX_POINT('',#2410);
#896=VERTEX_POINT('',#2414);
#897=VERTEX_POINT('',#2415);
#898=VERTEX_POINT('',#2417);
#899=VERTEX_POINT('',#2419);
#900=VERTEX_POINT('',#2421);
#901=VERTEX_POINT('',#2423);
#902=VERTEX_POINT('',#2425);
#903=VERTEX_POINT('',#2427);
#904=VERTEX_POINT('',#2431);
#905=VERTEX_POINT('',#2433);
#906=VERTEX_POINT('',#2437);
#907=VERTEX_POINT('',#2441);
#908=VERTEX_POINT('',#2443);
#909=VERTEX_POINT('',#2445);
#910=VERTEX_POINT('',#2449);
#911=VERTEX_POINT('',#2451);
#912=VERTEX_POINT('',#2453);
#913=VERTEX_POINT('',#2455);
#914=VERTEX_POINT('',#2459);
#915=VERTEX_POINT('',#2465);
#916=VERTEX_POINT('',#2467);
#917=VERTEX_POINT('',#2469);
#918=VERTEX_POINT('',#2473);
#919=VERTEX_POINT('',#2476);
#920=VERTEX_POINT('',#2486);
#921=VERTEX_POINT('',#2491);
#922=VERTEX_POINT('',#2493);
#923=VERTEX_POINT('',#2497);
#924=VERTEX_POINT('',#2499);
#925=VERTEX_POINT('',#2503);
#926=VERTEX_POINT('',#2507);
#927=VERTEX_POINT('',#2511);
#928=VERTEX_POINT('',#2514);
#929=VERTEX_POINT('',#2515);
#930=VERTEX_POINT('',#2522);
#931=VERTEX_POINT('',#2526);
#932=VERTEX_POINT('',#2527);
#933=VERTEX_POINT('',#2530);
#934=VERTEX_POINT('',#2532);
#935=VERTEX_POINT('',#2534);
#936=VERTEX_POINT('',#2536);
#937=VERTEX_POINT('',#2540);
#938=VERTEX_POINT('',#2542);
#939=VERTEX_POINT('',#2544);
#940=VERTEX_POINT('',#2546);
#941=VERTEX_POINT('',#2548);
#942=VERTEX_POINT('',#2552);
#943=VERTEX_POINT('',#2553);
#944=VERTEX_POINT('',#2555);
#945=VERTEX_POINT('',#2557);
#946=VERTEX_POINT('',#2561);
#947=VERTEX_POINT('',#2562);
#948=VERTEX_POINT('',#2564);
#949=VERTEX_POINT('',#2566);
#950=VERTEX_POINT('',#2570);
#951=VERTEX_POINT('',#2571);
#952=VERTEX_POINT('',#2573);
#953=VERTEX_POINT('',#2575);
#954=VERTEX_POINT('',#2579);
#955=VERTEX_POINT('',#2581);
#956=VERTEX_POINT('',#2584);
#957=VERTEX_POINT('',#2586);
#958=VERTEX_POINT('',#2596);
#959=VERTEX_POINT('',#2598);
#960=VERTEX_POINT('',#2601);
#961=VERTEX_POINT('',#2603);
#962=VERTEX_POINT('',#2610);
#963=VERTEX_POINT('',#2612);
#964=VERTEX_POINT('',#2615);
#965=VERTEX_POINT('',#2617);
#966=VERTEX_POINT('',#2633);
#967=VERTEX_POINT('',#2635);
#968=VERTEX_POINT('',#2639);
#969=VERTEX_POINT('',#2641);
#970=VERTEX_POINT('',#2648);
#971=VERTEX_POINT('',#2649);
#972=VERTEX_POINT('',#2651);
#973=VERTEX_POINT('',#2653);
#974=VERTEX_POINT('',#2657);
#975=VERTEX_POINT('',#2659);
#976=VERTEX_POINT('',#2663);
#977=VERTEX_POINT('',#2664);
#978=VERTEX_POINT('',#2666);
#979=VERTEX_POINT('',#2668);
#980=VERTEX_POINT('',#2672);
#981=VERTEX_POINT('',#2673);
#982=VERTEX_POINT('',#2678);
#983=VERTEX_POINT('',#2680);
#984=VERTEX_POINT('',#2685);
#985=VERTEX_POINT('',#2689);
#986=VERTEX_POINT('',#2693);
#987=VERTEX_POINT('',#2694);
#988=VERTEX_POINT('',#2699);
#989=VERTEX_POINT('',#2701);
#990=VERTEX_POINT('',#2705);
#991=VERTEX_POINT('',#2707);
#992=VERTEX_POINT('',#2711);
#993=VERTEX_POINT('',#2712);
#994=LINE('',#2278,#1158);
#995=LINE('',#2283,#1159);
#996=LINE('',#2285,#1160);
#997=LINE('',#2287,#1161);
#998=LINE('',#2289,#1162);
#999=LINE('',#2292,#1163);
#1000=LINE('',#2294,#1164);
#1001=LINE('',#2296,#1165);
#1002=LINE('',#2303,#1166);
#1003=LINE('',#2306,#1167);
#1004=LINE('',#2308,#1168);
#1005=LINE('',#2310,#1169);
#1006=LINE('',#2311,#1170);
#1007=LINE('',#2316,#1171);
#1008=LINE('',#2318,#1172);
#1009=LINE('',#2320,#1173);
#1010=LINE('',#2322,#1174);
#1011=LINE('',#2324,#1175);
#1012=LINE('',#2326,#1176);
#1013=LINE('',#2328,#1177);
#1014=LINE('',#2330,#1178);
#1015=LINE('',#2334,#1179);
#1016=LINE('',#2338,#1180);
#1017=LINE('',#2342,#1181);
#1018=LINE('',#2344,#1182);
#1019=LINE('',#2346,#1183);
#1020=LINE('',#2348,#1184);
#1021=LINE('',#2351,#1185);
#1022=LINE('',#2353,#1186);
#1023=LINE('',#2355,#1187);
#1024=LINE('',#2357,#1188);
#1025=LINE('',#2360,#1189);
#1026=LINE('',#2362,#1190);
#1027=LINE('',#2364,#1191);
#1028=LINE('',#2366,#1192);
#1029=LINE('',#2369,#1193);
#1030=LINE('',#2370,#1194);
#1031=LINE('',#2374,#1195);
#1032=LINE('',#2378,#1196);
#1033=LINE('',#2380,#1197);
#1034=LINE('',#2382,#1198);
#1035=LINE('',#2384,#1199);
#1036=LINE('',#2386,#1200);
#1037=LINE('',#2388,#1201);
#1038=LINE('',#2390,#1202);
#1039=LINE('',#2392,#1203);
#1040=LINE('',#2396,#1204);
#1041=LINE('',#2400,#1205);
#1042=LINE('',#2404,#1206);
#1043=LINE('',#2407,#1207);
#1044=LINE('',#2409,#1208);
#1045=LINE('',#2411,#1209);
#1046=LINE('',#2413,#1210);
#1047=LINE('',#2418,#1211);
#1048=LINE('',#2422,#1212);
#1049=LINE('',#2426,#1213);
#1050=LINE('',#2430,#1214);
#1051=LINE('',#2434,#1215);
#1052=LINE('',#2436,#1216);
#1053=LINE('',#2442,#1217);
#1054=LINE('',#2444,#1218);
#1055=LINE('',#2446,#1219);
#1056=LINE('',#2447,#1220);
#1057=LINE('',#2448,#1221);
#1058=LINE('',#2450,#1222);
#1059=LINE('',#2452,#1223);
#1060=LINE('',#2454,#1224);
#1061=LINE('',#2458,#1225);
#1062=LINE('',#2460,#1226);
#1063=LINE('',#2462,#1227);
#1064=LINE('',#2464,#1228);
#1065=LINE('',#2466,#1229);
#1066=LINE('',#2468,#1230);
#1067=LINE('',#2470,#1231);
#1068=LINE('',#2475,#1232);
#1069=LINE('',#2477,#1233);
#1070=LINE('',#2479,#1234);
#1071=LINE('',#2483,#1235);
#1072=LINE('',#2487,#1236);
#1073=LINE('',#2488,#1237);
#1074=LINE('',#2492,#1238);
#1075=LINE('',#2494,#1239);
#1076=LINE('',#2496,#1240);
#1077=LINE('',#2498,#1241);
#1078=LINE('',#2500,#1242);
#1079=LINE('',#2502,#1243);
#1080=LINE('',#2504,#1244);
#1081=LINE('',#2506,#1245);
#1082=LINE('',#2508,#1246);
#1083=LINE('',#2513,#1247);
#1084=LINE('',#2516,#1248);
#1085=LINE('',#2517,#1249);
#1086=LINE('',#2519,#1250);
#1087=LINE('',#2525,#1251);
#1088=LINE('',#2531,#1252);
#1089=LINE('',#2533,#1253);
#1090=LINE('',#2535,#1254);
#1091=LINE('',#2541,#1255);
#1092=LINE('',#2545,#1256);
#1093=LINE('',#2547,#1257);
#1094=LINE('',#2549,#1258);
#1095=LINE('',#2551,#1259);
#1096=LINE('',#2554,#1260);
#1097=LINE('',#2556,#1261);
#1098=LINE('',#2558,#1262);
#1099=LINE('',#2560,#1263);
#1100=LINE('',#2563,#1264);
#1101=LINE('',#2565,#1265);
#1102=LINE('',#2567,#1266);
#1103=LINE('',#2569,#1267);
#1104=LINE('',#2572,#1268);
#1105=LINE('',#2574,#1269);
#1106=LINE('',#2576,#1270);
#1107=LINE('',#2588,#1271);
#1108=LINE('',#2593,#1272);
#1109=LINE('',#2595,#1273);
#1110=LINE('',#2597,#1274);
#1111=LINE('',#2599,#1275);
#1112=LINE('',#2600,#1276);
#1113=LINE('',#2602,#1277);
#1114=LINE('',#2604,#1278);
#1115=LINE('',#2607,#1279);
#1116=LINE('',#2609,#1280);
#1117=LINE('',#2611,#1281);
#1118=LINE('',#2613,#1282);
#1119=LINE('',#2614,#1283);
#1120=LINE('',#2616,#1284);
#1121=LINE('',#2618,#1285);
#1122=LINE('',#2620,#1286);
#1123=LINE('',#2632,#1287);
#1124=LINE('',#2634,#1288);
#1125=LINE('',#2636,#1289);
#1126=LINE('',#2638,#1290);
#1127=LINE('',#2640,#1291);
#1128=LINE('',#2642,#1292);
#1129=LINE('',#2644,#1293);
#1130=LINE('',#2645,#1294);
#1131=LINE('',#2647,#1295);
#1132=LINE('',#2650,#1296);
#1133=LINE('',#2652,#1297);
#1134=LINE('',#2654,#1298);
#1135=LINE('',#2656,#1299);
#1136=LINE('',#2658,#1300);
#1137=LINE('',#2660,#1301);
#1138=LINE('',#2662,#1302);
#1139=LINE('',#2665,#1303);
#1140=LINE('',#2667,#1304);
#1141=LINE('',#2669,#1305);
#1142=LINE('',#2671,#1306);
#1143=LINE('',#2674,#1307);
#1144=LINE('',#2677,#1308);
#1145=LINE('',#2679,#1309);
#1146=LINE('',#2681,#1310);
#1147=LINE('',#2683,#1311);
#1148=LINE('',#2686,#1312);
#1149=LINE('',#2688,#1313);
#1150=LINE('',#2690,#1314);
#1151=LINE('',#2692,#1315);
#1152=LINE('',#2700,#1316);
#1153=LINE('',#2706,#1317);
#1154=LINE('',#2710,#1318);
#1155=LINE('',#2744,#1319);
#1156=LINE('',#2746,#1320);
#1157=LINE('',#2747,#1321);
#1158=VECTOR('',#1808,1.);
#1159=VECTOR('',#1811,1.);
#1160=VECTOR('',#1812,1.);
#1161=VECTOR('',#1813,1.);
#1162=VECTOR('',#1816,1.);
#1163=VECTOR('',#1817,1.);
#1164=VECTOR('',#1818,1.);
#1165=VECTOR('',#1819,1.);
#1166=VECTOR('',#1828,1.);
#1167=VECTOR('',#1829,1.);
#1168=VECTOR('',#1830,1.);
#1169=VECTOR('',#1831,1.);
#1170=VECTOR('',#1832,1.);
#1171=VECTOR('',#1835,1.);
#1172=VECTOR('',#1836,1.);
#1173=VECTOR('',#1837,1.);
#1174=VECTOR('',#1838,1.);
#1175=VECTOR('',#1839,1.);
#1176=VECTOR('',#1840,1.);
#1177=VECTOR('',#1841,1.);
#1178=VECTOR('',#1842,1.);
#1179=VECTOR('',#1845,1.);
#1180=VECTOR('',#1850,1.);
#1181=VECTOR('',#1853,1.);
#1182=VECTOR('',#1854,1.);
#1183=VECTOR('',#1855,1.);
#1184=VECTOR('',#1858,1.);
#1185=VECTOR('',#1859,1.);
#1186=VECTOR('',#1860,1.);
#1187=VECTOR('',#1861,1.);
#1188=VECTOR('',#1864,1.);
#1189=VECTOR('',#1865,1.);
#1190=VECTOR('',#1866,1.);
#1191=VECTOR('',#1867,1.);
#1192=VECTOR('',#1870,1.);
#1193=VECTOR('',#1871,1.);
#1194=VECTOR('',#1872,1.);
#1195=VECTOR('',#1875,1.);
#1196=VECTOR('',#1878,1.);
#1197=VECTOR('',#1879,1.);
#1198=VECTOR('',#1880,1.);
#1199=VECTOR('',#1881,1.);
#1200=VECTOR('',#1882,1.);
#1201=VECTOR('',#1883,1.);
#1202=VECTOR('',#1884,1.);
#1203=VECTOR('',#1885,1.);
#1204=VECTOR('',#1888,1.);
#1205=VECTOR('',#1891,1.);
#1206=VECTOR('',#1894,1.);
#1207=VECTOR('',#1897,1.);
#1208=VECTOR('',#1898,1.);
#1209=VECTOR('',#1899,1.);
#1210=VECTOR('',#1902,1.);
#1211=VECTOR('',#1905,1.);
#1212=VECTOR('',#1908,1.);
#1213=VECTOR('',#1911,1.);
#1214=VECTOR('',#1916,1.);
#1215=VECTOR('',#1919,1.);
#1216=VECTOR('',#1922,1.);
#1217=VECTOR('',#1929,1.);
#1218=VECTOR('',#1930,1.);
#1219=VECTOR('',#1931,1.);
#1220=VECTOR('',#1932,1.);
#1221=VECTOR('',#1933,1.);
#1222=VECTOR('',#1934,1.);
#1223=VECTOR('',#1935,1.);
#1224=VECTOR('',#1936,1.);
#1225=VECTOR('',#1941,1.);
#1226=VECTOR('',#1942,1.);
#1227=VECTOR('',#1945,1.);
#1228=VECTOR('',#1948,1.);
#1229=VECTOR('',#1949,1.);
#1230=VECTOR('',#1950,1.);
#1231=VECTOR('',#1951,1.);
#1232=VECTOR('',#1958,1.);
#1233=VECTOR('',#1959,1.);
#1234=VECTOR('',#1962,1.);
#1235=VECTOR('',#1969,1.);
#1236=VECTOR('',#1974,1.);
#1237=VECTOR('',#1975,1.);
#1238=VECTOR('',#1980,1.);
#1239=VECTOR('',#1981,1.);
#1240=VECTOR('',#1984,1.);
#1241=VECTOR('',#1985,1.);
#1242=VECTOR('',#1986,1.);
#1243=VECTOR('',#1989,1.);
#1244=VECTOR('',#1990,1.);
#1245=VECTOR('',#1993,1.);
#1246=VECTOR('',#1994,1.);
#1247=VECTOR('',#2001,1.);
#1248=VECTOR('',#2002,1.);
#1249=VECTOR('',#2003,1.);
#1250=VECTOR('',#2006,1.);
#1251=VECTOR('',#2015,1.);
#1252=VECTOR('',#2020,1.);
#1253=VECTOR('',#2021,1.);
#1254=VECTOR('',#2022,1.);
#1255=VECTOR('',#2029,1.);
#1256=VECTOR('',#2032,1.);
#1257=VECTOR('',#2033,1.);
#1258=VECTOR('',#2034,1.);
#1259=VECTOR('',#2037,1.);
#1260=VECTOR('',#2038,1.);
#1261=VECTOR('',#2039,1.);
#1262=VECTOR('',#2040,1.);
#1263=VECTOR('',#2043,1.);
#1264=VECTOR('',#2044,1.);
#1265=VECTOR('',#2045,1.);
#1266=VECTOR('',#2046,1.);
#1267=VECTOR('',#2049,1.);
#1268=VECTOR('',#2050,1.);
#1269=VECTOR('',#2051,1.);
#1270=VECTOR('',#2052,1.);
#1271=VECTOR('',#2067,1.);
#1272=VECTOR('',#2076,1.);
#1273=VECTOR('',#2079,1.);
#1274=VECTOR('',#2080,1.);
#1275=VECTOR('',#2081,1.);
#1276=VECTOR('',#2082,1.);
#1277=VECTOR('',#2083,1.);
#1278=VECTOR('',#2084,1.);
#1279=VECTOR('',#2089,1.);
#1280=VECTOR('',#2092,1.);
#1281=VECTOR('',#2093,1.);
#1282=VECTOR('',#2094,1.);
#1283=VECTOR('',#2095,1.);
#1284=VECTOR('',#2096,1.);
#1285=VECTOR('',#2097,1.);
#1286=VECTOR('',#2100,1.);
#1287=VECTOR('',#2123,1.);
#1288=VECTOR('',#2124,1.);
#1289=VECTOR('',#2125,1.);
#1290=VECTOR('',#2128,1.);
#1291=VECTOR('',#2129,1.);
#1292=VECTOR('',#2130,1.);
#1293=VECTOR('',#2133,1.);
#1294=VECTOR('',#2134,1.);
#1295=VECTOR('',#2137,1.);
#1296=VECTOR('',#2138,1.);
#1297=VECTOR('',#2139,1.);
#1298=VECTOR('',#2140,1.);
#1299=VECTOR('',#2143,1.);
#1300=VECTOR('',#2144,1.);
#1301=VECTOR('',#2145,1.);
#1302=VECTOR('',#2148,1.);
#1303=VECTOR('',#2149,1.);
#1304=VECTOR('',#2150,1.);
#1305=VECTOR('',#2151,1.);
#1306=VECTOR('',#2154,1.);
#1307=VECTOR('',#2155,1.);
#1308=VECTOR('',#2160,1.);
#1309=VECTOR('',#2161,1.);
#1310=VECTOR('',#2162,1.);
#1311=VECTOR('',#2165,1.);
#1312=VECTOR('',#2168,1.);
#1313=VECTOR('',#2171,1.);
#1314=VECTOR('',#2172,1.);
#1315=VECTOR('',#2175,1.);
#1316=VECTOR('',#2184,1.);
#1317=VECTOR('',#2191,1.);
#1318=VECTOR('',#2196,1.);
#1319=VECTOR('',#2259,1.);
#1320=VECTOR('',#2262,1.);
#1321=VECTOR('',#2263,1.);
#1322=EDGE_LOOP('',(#120,#121,#122,#123,#124));
#1323=EDGE_LOOP('',(#125,#126,#127,#128,#129,#130));
#1324=EDGE_LOOP('',(#131));
#1325=EDGE_LOOP('',(#132));
#1326=EDGE_LOOP('',(#133,#134,#135,#136));
#1327=EDGE_LOOP('',(#137,#138,#139,#140,#141,#142,#143,#144,#145,#146,#147,
#148,#149));
#1328=EDGE_LOOP('',(#150,#151,#152,#153,#154,#155));
#1329=EDGE_LOOP('',(#156,#157,#158,#159));
#1330=EDGE_LOOP('',(#160,#161,#162,#163));
#1331=EDGE_LOOP('',(#164,#165,#166,#167,#168,#169,#170,#171,#172,#173,#174,
#175,#176,#177,#178,#179,#180,#181,#182,#183,#184,#185,#186,#187,#188,#189));
#1332=EDGE_LOOP('',(#190,#191,#192,#193,#194,#195,#196,#197));
#1333=EDGE_LOOP('',(#198,#199,#200,#201));
#1334=EDGE_LOOP('',(#202,#203,#204));
#1335=EDGE_LOOP('',(#205));
#1336=EDGE_LOOP('',(#206,#207,#208,#209,#210,#211,#212,#213,#214,#215,#216,
#217));
#1337=EDGE_LOOP('',(#218,#219,#220,#221));
#1338=EDGE_LOOP('',(#222,#223,#224,#225));
#1339=EDGE_LOOP('',(#226,#227,#228,#229,#230,#231));
#1340=EDGE_LOOP('',(#232));
#1341=EDGE_LOOP('',(#233));
#1342=EDGE_LOOP('',(#234,#235,#236,#237));
#1343=EDGE_LOOP('',(#238,#239,#240,#241,#242,#243,#244,#245));
#1344=EDGE_LOOP('',(#246,#247,#248,#249,#250,#251));
#1345=EDGE_LOOP('',(#252));
#1346=EDGE_LOOP('',(#253,#254,#255));
#1347=EDGE_LOOP('',(#256,#257,#258,#259,#260));
#1348=EDGE_LOOP('',(#261,#262,#263,#264,#265,#266,#267,#268,#269));
#1349=EDGE_LOOP('',(#270,#271,#272,#273));
#1350=EDGE_LOOP('',(#274,#275,#276,#277));
#1351=EDGE_LOOP('',(#278,#279,#280,#281));
#1352=EDGE_LOOP('',(#282));
#1353=EDGE_LOOP('',(#283));
#1354=EDGE_LOOP('',(#284,#285,#286,#287));
#1355=EDGE_LOOP('',(#288,#289,#290,#291));
#1356=EDGE_LOOP('',(#292));
#1357=EDGE_LOOP('',(#293));
#1358=EDGE_LOOP('',(#294,#295,#296,#297));
#1359=EDGE_LOOP('',(#298,#299,#300,#301,#302,#303,#304,#305,#306,#307,#308,
#309,#310,#311,#312,#313,#314,#315));
#1360=EDGE_LOOP('',(#316));
#1361=EDGE_LOOP('',(#317));
#1362=EDGE_LOOP('',(#318,#319,#320,#321));
#1363=EDGE_LOOP('',(#322,#323,#324,#325));
#1364=EDGE_LOOP('',(#326,#327,#328,#329));
#1365=EDGE_LOOP('',(#330,#331,#332,#333));
#1366=EDGE_LOOP('',(#334));
#1367=EDGE_LOOP('',(#335));
#1368=EDGE_LOOP('',(#336));
#1369=EDGE_LOOP('',(#337));
#1370=EDGE_LOOP('',(#338,#339,#340,#341,#342,#343,#344,#345,#346,#347,#348,
#349,#350,#351,#352,#353,#354,#355,#356,#357,#358,#359,#360,#361,#362,#363));
#1371=EDGE_LOOP('',(#364));
#1372=EDGE_LOOP('',(#365));
#1373=EDGE_LOOP('',(#366,#367,#368,#369,#370,#371,#372,#373,#374,#375,#376,
#377,#378,#379,#380,#381,#382,#383,#384,#385,#386,#387,#388,#389,#390,#391));
#1374=EDGE_LOOP('',(#392));
#1375=EDGE_LOOP('',(#393));
#1376=EDGE_LOOP('',(#394,#395,#396,#397));
#1377=EDGE_LOOP('',(#398,#399,#400,#401));
#1378=EDGE_LOOP('',(#402,#403,#404,#405));
#1379=EDGE_LOOP('',(#406,#407,#408,#409));
#1380=EDGE_LOOP('',(#410,#411,#412,#413));
#1381=EDGE_LOOP('',(#414,#415,#416,#417));
#1382=EDGE_LOOP('',(#418,#419,#420,#421));
#1383=EDGE_LOOP('',(#422,#423,#424,#425));
#1384=EDGE_LOOP('',(#426,#427,#428,#429));
#1385=EDGE_LOOP('',(#430,#431,#432,#433));
#1386=EDGE_LOOP('',(#434,#435,#436,#437));
#1387=EDGE_LOOP('',(#438,#439,#440,#441));
#1388=EDGE_LOOP('',(#442,#443,#444,#445,#446));
#1389=EDGE_LOOP('',(#447,#448,#449,#450));
#1390=EDGE_LOOP('',(#451,#452,#453,#454,#455));
#1391=EDGE_LOOP('',(#456,#457,#458,#459));
#1392=EDGE_LOOP('',(#460,#461,#462,#463,#464,#465));
#1393=EDGE_LOOP('',(#466,#467,#468,#469,#470,#471));
#1394=EDGE_LOOP('',(#472,#473,#474,#475,#476,#477));
#1395=EDGE_LOOP('',(#478,#479,#480,#481,#482,#483));
#1396=EDGE_LOOP('',(#484,#485,#486,#487));
#1397=EDGE_LOOP('',(#488,#489,#490,#491));
#1398=EDGE_LOOP('',(#492,#493,#494,#495,#496,#497,#498,#499,#500,#501));
#1399=EDGE_LOOP('',(#502,#503,#504,#505));
#1400=EDGE_LOOP('',(#506,#507,#508,#509,#510,#511,#512,#513,#514,#515));
#1401=EDGE_LOOP('',(#516,#517,#518,#519));
#1402=EDGE_LOOP('',(#520,#521,#522,#523));
#1403=EDGE_LOOP('',(#524,#525,#526,#527));
#1404=EDGE_LOOP('',(#528,#529,#530,#531));
#1405=EDGE_LOOP('',(#532,#533,#534,#535));
#1406=EDGE_LOOP('',(#536,#537,#538,#539,#540,#541,#542,#543,#544,#545));
#1407=EDGE_LOOP('',(#546,#547,#548,#549));
#1408=EDGE_LOOP('',(#550,#551,#552,#553,#554,#555,#556,#557,#558,#559));
#1409=EDGE_LOOP('',(#560,#561,#562,#563));
#1410=EDGE_LOOP('',(#564,#565,#566,#567));
#1411=EDGE_LOOP('',(#568,#569,#570,#571));
#1412=EDGE_LOOP('',(#572,#573,#574,#575));
#1413=EDGE_LOOP('',(#576,#577,#578,#579));
#1414=EDGE_LOOP('',(#580,#581,#582,#583));
#1415=EDGE_LOOP('',(#584,#585,#586,#587));
#1416=EDGE_LOOP('',(#588,#589,#590,#591));
#1417=EDGE_LOOP('',(#592,#593,#594,#595));
#1418=FACE_BOUND('',#1322,.T.);
#1419=FACE_BOUND('',#1323,.T.);
#1420=FACE_BOUND('',#1324,.T.);
#1421=FACE_BOUND('',#1325,.T.);
#1422=FACE_BOUND('',#1326,.T.);
#1423=FACE_BOUND('',#1327,.T.);
#1424=FACE_BOUND('',#1328,.T.);
#1425=FACE_BOUND('',#1329,.T.);
#1426=FACE_BOUND('',#1330,.T.);
#1427=FACE_BOUND('',#1331,.T.);
#1428=FACE_BOUND('',#1332,.T.);
#1429=FACE_BOUND('',#1333,.T.);
#1430=FACE_BOUND('',#1334,.T.);
#1431=FACE_BOUND('',#1335,.T.);
#1432=FACE_BOUND('',#1336,.T.);
#1433=FACE_BOUND('',#1337,.T.);
#1434=FACE_BOUND('',#1338,.T.);
#1435=FACE_BOUND('',#1339,.T.);
#1436=FACE_BOUND('',#1340,.T.);
#1437=FACE_BOUND('',#1341,.T.);
#1438=FACE_BOUND('',#1342,.T.);
#1439=FACE_BOUND('',#1343,.T.);
#1440=FACE_BOUND('',#1344,.T.);
#1441=FACE_BOUND('',#1345,.T.);
#1442=FACE_BOUND('',#1346,.T.);
#1443=FACE_BOUND('',#1347,.T.);
#1444=FACE_BOUND('',#1348,.T.);
#1445=FACE_BOUND('',#1349,.T.);
#1446=FACE_BOUND('',#1350,.T.);
#1447=FACE_BOUND('',#1351,.T.);
#1448=FACE_BOUND('',#1352,.T.);
#1449=FACE_BOUND('',#1353,.T.);
#1450=FACE_BOUND('',#1354,.T.);
#1451=FACE_BOUND('',#1355,.T.);
#1452=FACE_BOUND('',#1356,.T.);
#1453=FACE_BOUND('',#1357,.T.);
#1454=FACE_BOUND('',#1358,.T.);
#1455=FACE_BOUND('',#1359,.T.);
#1456=FACE_BOUND('',#1360,.T.);
#1457=FACE_BOUND('',#1361,.T.);
#1458=FACE_BOUND('',#1362,.T.);
#1459=FACE_BOUND('',#1363,.T.);
#1460=FACE_BOUND('',#1364,.T.);
#1461=FACE_BOUND('',#1365,.T.);
#1462=FACE_BOUND('',#1366,.T.);
#1463=FACE_BOUND('',#1367,.T.);
#1464=FACE_BOUND('',#1368,.T.);
#1465=FACE_BOUND('',#1369,.T.);
#1466=FACE_BOUND('',#1370,.T.);
#1467=FACE_BOUND('',#1371,.T.);
#1468=FACE_BOUND('',#1372,.T.);
#1469=FACE_BOUND('',#1373,.T.);
#1470=FACE_BOUND('',#1374,.T.);
#1471=FACE_BOUND('',#1375,.T.);
#1472=FACE_BOUND('',#1376,.T.);
#1473=FACE_BOUND('',#1377,.T.);
#1474=FACE_BOUND('',#1378,.T.);
#1475=FACE_BOUND('',#1379,.T.);
#1476=FACE_BOUND('',#1380,.T.);
#1477=FACE_BOUND('',#1381,.T.);
#1478=FACE_BOUND('',#1382,.T.);
#1479=FACE_BOUND('',#1383,.T.);
#1480=FACE_BOUND('',#1384,.T.);
#1481=FACE_BOUND('',#1385,.T.);
#1482=FACE_BOUND('',#1386,.T.);
#1483=FACE_BOUND('',#1387,.T.);
#1484=FACE_BOUND('',#1388,.T.);
#1485=FACE_BOUND('',#1389,.T.);
#1486=FACE_BOUND('',#1390,.T.);
#1487=FACE_BOUND('',#1391,.T.);
#1488=FACE_BOUND('',#1392,.T.);
#1489=FACE_BOUND('',#1393,.T.);
#1490=FACE_BOUND('',#1394,.T.);
#1491=FACE_BOUND('',#1395,.T.);
#1492=FACE_BOUND('',#1396,.T.);
#1493=FACE_BOUND('',#1397,.T.);
#1494=FACE_BOUND('',#1398,.T.);
#1495=FACE_BOUND('',#1399,.T.);
#1496=FACE_BOUND('',#1400,.T.);
#1497=FACE_BOUND('',#1401,.T.);
#1498=FACE_BOUND('',#1402,.T.);
#1499=FACE_BOUND('',#1403,.T.);
#1500=FACE_BOUND('',#1404,.T.);
#1501=FACE_BOUND('',#1405,.T.);
#1502=FACE_BOUND('',#1406,.T.);
#1503=FACE_BOUND('',#1407,.T.);
#1504=FACE_BOUND('',#1408,.T.);
#1505=FACE_BOUND('',#1409,.T.);
#1506=FACE_BOUND('',#1410,.T.);
#1507=FACE_BOUND('',#1411,.T.);
#1508=FACE_BOUND('',#1412,.T.);
#1509=FACE_BOUND('',#1413,.T.);
#1510=FACE_BOUND('',#1414,.T.);
#1511=FACE_BOUND('',#1415,.T.);
#1512=FACE_BOUND('',#1416,.T.);
#1513=FACE_BOUND('',#1417,.T.);
#1514=PLANE('',#1651);
#1515=PLANE('',#1653);
#1516=PLANE('',#1655);
#1517=PLANE('',#1661);
#1518=PLANE('',#1663);
#1519=PLANE('',#1664);
#1520=PLANE('',#1665);
#1521=PLANE('',#1677);
#1522=PLANE('',#1679);
#1523=PLANE('',#1681);
#1524=PLANE('',#1684);
#1525=PLANE('',#1685);
#1526=PLANE('',#1686);
#1527=PLANE('',#1689);
#1528=PLANE('',#1692);
#1529=PLANE('',#1693);
#1530=PLANE('',#1694);
#1531=PLANE('',#1696);
#1532=PLANE('',#1698);
#1533=PLANE('',#1699);
#1534=PLANE('',#1700);
#1535=PLANE('',#1703);
#1536=PLANE('',#1704);
#1537=PLANE('',#1708);
#1538=PLANE('',#1715);
#1539=PLANE('',#1716);
#1540=PLANE('',#1717);
#1541=PLANE('',#1724);
#1542=PLANE('',#1731);
#1543=PLANE('',#1744);
#1544=PLANE('',#1745);
#1545=PLANE('',#1746);
#1546=PLANE('',#1747);
#1547=PLANE('',#1748);
#1548=PLANE('',#1749);
#1549=PLANE('',#1750);
#1550=PLANE('',#1752);
#1551=PLANE('',#1753);
#1552=PLANE('',#1755);
#1553=PLANE('',#1756);
#1554=PLANE('',#1759);
#1555=PLANE('',#1762);
#1556=PLANE('',#1765);
#1557=PLANE('',#1796);
#1558=PLANE('',#1797);
#1559=ADVANCED_FACE('',(#1418),#1514,.F.);
#1560=ADVANCED_FACE('',(#1419),#1515,.F.);
#1561=ADVANCED_FACE('',(#1420,#1421,#1422,#1423),#1516,.F.);
#1562=ADVANCED_FACE('',(#1424),#1517,.T.);
#1563=ADVANCED_FACE('',(#1425),#1518,.T.);
#1564=ADVANCED_FACE('',(#1426),#1519,.F.);
#1565=ADVANCED_FACE('',(#1427),#1520,.F.);
#1566=ADVANCED_FACE('',(#1428),#34,.T.);
#1567=ADVANCED_FACE('',(#1429),#1521,.F.);
#1568=ADVANCED_FACE('',(#1430),#1522,.F.);
#1569=ADVANCED_FACE('',(#1431,#1432),#1523,.T.);
#1570=ADVANCED_FACE('',(#1433),#1524,.T.);
#1571=ADVANCED_FACE('',(#1434),#1525,.F.);
#1572=ADVANCED_FACE('',(#1435),#1526,.T.);
#1573=ADVANCED_FACE('',(#1436,#1437),#35,.F.);
#1574=ADVANCED_FACE('',(#1438),#1527,.T.);
#1575=ADVANCED_FACE('',(#1439),#36,.F.);
#1576=ADVANCED_FACE('',(#1440,#1441),#1528,.F.);
#1577=ADVANCED_FACE('',(#1442),#1529,.F.);
#1578=ADVANCED_FACE('',(#1443),#1530,.F.);
#1579=ADVANCED_FACE('',(#1444),#1531,.F.);
#1580=ADVANCED_FACE('',(#1445),#1532,.T.);
#1581=ADVANCED_FACE('',(#1446),#1533,.F.);
#1582=ADVANCED_FACE('',(#1447),#1534,.F.);
#1583=ADVANCED_FACE('',(#1448,#1449),#37,.F.);
#1584=ADVANCED_FACE('',(#1450),#1535,.T.);
#1585=ADVANCED_FACE('',(#1451),#1536,.T.);
#1586=ADVANCED_FACE('',(#1452,#1453),#38,.F.);
#1587=ADVANCED_FACE('',(#1454),#39,.F.);
#1588=ADVANCED_FACE('',(#1455,#1456,#1457,#1458),#1537,.T.);
#1589=ADVANCED_FACE('',(#1459),#1538,.F.);
#1590=ADVANCED_FACE('',(#1460),#1539,.T.);
#1591=ADVANCED_FACE('',(#1461),#1540,.T.);
#1592=ADVANCED_FACE('',(#1462,#1463),#40,.F.);
#1593=ADVANCED_FACE('',(#1464,#1465),#41,.F.);
#1594=ADVANCED_FACE('',(#1466,#1467,#1468),#1541,.F.);
#1595=ADVANCED_FACE('',(#1469,#1470,#1471),#1542,.T.);
#1596=ADVANCED_FACE('',(#1472),#42,.T.);
#1597=ADVANCED_FACE('',(#1473),#43,.T.);
#1598=ADVANCED_FACE('',(#1474),#44,.F.);
#1599=ADVANCED_FACE('',(#1475),#45,.F.);
#1600=ADVANCED_FACE('',(#1476),#46,.F.);
#1601=ADVANCED_FACE('',(#1477),#47,.F.);
#1602=ADVANCED_FACE('',(#1478),#1543,.T.);
#1603=ADVANCED_FACE('',(#1479),#1544,.T.);
#1604=ADVANCED_FACE('',(#1480),#1545,.F.);
#1605=ADVANCED_FACE('',(#1481),#1546,.F.);
#1606=ADVANCED_FACE('',(#1482),#1547,.F.);
#1607=ADVANCED_FACE('',(#1483),#1548,.F.);
#1608=ADVANCED_FACE('',(#1484),#1549,.F.);
#1609=ADVANCED_FACE('',(#1485),#1550,.T.);
#1610=ADVANCED_FACE('',(#1486),#1551,.T.);
#1611=ADVANCED_FACE('',(#1487),#1552,.T.);
#1612=ADVANCED_FACE('',(#1488),#1553,.F.);
#1613=ADVANCED_FACE('',(#1489),#1554,.T.);
#1614=ADVANCED_FACE('',(#1490),#1555,.F.);
#1615=ADVANCED_FACE('',(#1491),#1556,.T.);
#1616=ADVANCED_FACE('',(#1492),#48,.T.);
#1617=ADVANCED_FACE('',(#1493),#49,.T.);
#1618=ADVANCED_FACE('',(#1494),#50,.T.);
#1619=ADVANCED_FACE('',(#1495),#51,.T.);
#1620=ADVANCED_FACE('',(#1496),#52,.T.);
#1621=ADVANCED_FACE('',(#1497),#53,.T.);
#1622=ADVANCED_FACE('',(#1498),#54,.T.);
#1623=ADVANCED_FACE('',(#1499),#55,.T.);
#1624=ADVANCED_FACE('',(#1500),#56,.T.);
#1625=ADVANCED_FACE('',(#1501),#57,.T.);
#1626=ADVANCED_FACE('',(#1502),#58,.T.);
#1627=ADVANCED_FACE('',(#1503),#59,.T.);
#1628=ADVANCED_FACE('',(#1504),#60,.T.);
#1629=ADVANCED_FACE('',(#1505),#61,.T.);
#1630=ADVANCED_FACE('',(#1506),#1557,.T.);
#1631=ADVANCED_FACE('',(#1507),#1558,.T.);
#1632=ADVANCED_FACE('',(#1508),#62,.T.);
#1633=ADVANCED_FACE('',(#1509),#63,.F.);
#1634=ADVANCED_FACE('',(#1510),#64,.F.);
#1635=ADVANCED_FACE('',(#1511),#65,.F.);
#1636=ADVANCED_FACE('',(#1512),#66,.T.);
#1637=ADVANCED_FACE('',(#1513),#67,.T.);
#1638=CLOSED_SHELL('',(#1559,#1560,#1561,#1562,#1563,#1564,#1565,#1566,
#1567,#1568,#1569,#1570,#1571,#1572,#1573,#1574,#1575,#1576,#1577,#1578,
#1579,#1580,#1581,#1582,#1583,#1584,#1585,#1586,#1587,#1588,#1589,#1590,
#1591,#1592,#1593,#1594,#1595,#1596,#1597,#1598,#1599,#1600,#1601,#1602,
#1603,#1604,#1605,#1606,#1607,#1608,#1609,#1610,#1611,#1612,#1613,#1614,
#1615,#1616,#1617,#1618,#1619,#1620,#1621,#1622,#1623,#1624,#1625,#1626,
#1627,#1628,#1629,#1630,#1631,#1632,#1633,#1634,#1635,#1636,#1637));
#1639=STYLED_ITEM('',(#1640),#1647);
#1640=PRESENTATION_STYLE_ASSIGNMENT((#1641));
#1641=SURFACE_STYLE_USAGE(.BOTH.,#1642);
#1642=SURFACE_SIDE_STYLE('',(#1643));
#1643=SURFACE_STYLE_FILL_AREA(#1644);
#1644=FILL_AREA_STYLE('',(#1645));
#1645=FILL_AREA_STYLE_COLOUR('',#1646);
#1646=COLOUR_RGB('',0.231372549019608,0.380392156862745,0.705882352941177);
#1647=MANIFOLD_SOLID_BREP('Part 1',#1638);
#1648=SHAPE_DEFINITION_REPRESENTATION(#2760,#1649);
#1649=SHAPE_REPRESENTATION('Part 1',(#1650),#2755);
#1650=AXIS2_PLACEMENT_3D('',#2276,#1804,#1805);
#1651=AXIS2_PLACEMENT_3D('',#2277,#1806,#1807);
#1652=AXIS2_PLACEMENT_3D('',#2281,#1809,#1810);
#1653=AXIS2_PLACEMENT_3D('',#2288,#1814,#1815);
#1654=AXIS2_PLACEMENT_3D('',#2297,#1820,#1821);
#1655=AXIS2_PLACEMENT_3D('',#2298,#1822,#1823);
#1656=AXIS2_PLACEMENT_3D('',#2299,#1824,#1825);
#1657=AXIS2_PLACEMENT_3D('',#2301,#1826,#1827);
#1658=AXIS2_PLACEMENT_3D('',#2314,#1833,#1834);
#1659=AXIS2_PLACEMENT_3D('',#2332,#1843,#1844);
#1660=AXIS2_PLACEMENT_3D('',#2336,#1846,#1847);
#1661=AXIS2_PLACEMENT_3D('',#2337,#1848,#1849);
#1662=AXIS2_PLACEMENT_3D('',#2340,#1851,#1852);
#1663=AXIS2_PLACEMENT_3D('',#2347,#1856,#1857);
#1664=AXIS2_PLACEMENT_3D('',#2356,#1862,#1863);
#1665=AXIS2_PLACEMENT_3D('',#2365,#1868,#1869);
#1666=AXIS2_PLACEMENT_3D('',#2372,#1873,#1874);
#1667=AXIS2_PLACEMENT_3D('',#2376,#1876,#1877);
#1668=AXIS2_PLACEMENT_3D('',#2394,#1886,#1887);
#1669=AXIS2_PLACEMENT_3D('',#2398,#1889,#1890);
#1670=AXIS2_PLACEMENT_3D('',#2402,#1892,#1893);
#1671=AXIS2_PLACEMENT_3D('',#2406,#1895,#1896);
#1672=AXIS2_PLACEMENT_3D('',#2412,#1900,#1901);
#1673=AXIS2_PLACEMENT_3D('',#2416,#1903,#1904);
#1674=AXIS2_PLACEMENT_3D('',#2420,#1906,#1907);
#1675=AXIS2_PLACEMENT_3D('',#2424,#1909,#1910);
#1676=AXIS2_PLACEMENT_3D('',#2428,#1912,#1913);
#1677=AXIS2_PLACEMENT_3D('',#2429,#1914,#1915);
#1678=AXIS2_PLACEMENT_3D('',#2432,#1917,#1918);
#1679=AXIS2_PLACEMENT_3D('',#2435,#1920,#1921);
#1680=AXIS2_PLACEMENT_3D('',#2438,#1923,#1924);
#1681=AXIS2_PLACEMENT_3D('',#2439,#1925,#1926);
#1682=AXIS2_PLACEMENT_3D('',#2440,#1927,#1928);
#1683=AXIS2_PLACEMENT_3D('',#2456,#1937,#1938);
#1684=AXIS2_PLACEMENT_3D('',#2457,#1939,#1940);
#1685=AXIS2_PLACEMENT_3D('',#2461,#1943,#1944);
#1686=AXIS2_PLACEMENT_3D('',#2463,#1946,#1947);
#1687=AXIS2_PLACEMENT_3D('',#2471,#1952,#1953);
#1688=AXIS2_PLACEMENT_3D('',#2472,#1954,#1955);
#1689=AXIS2_PLACEMENT_3D('',#2474,#1956,#1957);
#1690=AXIS2_PLACEMENT_3D('',#2478,#1960,#1961);
#1691=AXIS2_PLACEMENT_3D('',#2480,#1963,#1964);
#1692=AXIS2_PLACEMENT_3D('',#2481,#1965,#1966);
#1693=AXIS2_PLACEMENT_3D('',#2482,#1967,#1968);
#1694=AXIS2_PLACEMENT_3D('',#2484,#1970,#1971);
#1695=AXIS2_PLACEMENT_3D('',#2485,#1972,#1973);
#1696=AXIS2_PLACEMENT_3D('',#2489,#1976,#1977);
#1697=AXIS2_PLACEMENT_3D('',#2490,#1978,#1979);
#1698=AXIS2_PLACEMENT_3D('',#2495,#1982,#1983);
#1699=AXIS2_PLACEMENT_3D('',#2501,#1987,#1988);
#1700=AXIS2_PLACEMENT_3D('',#2505,#1991,#1992);
#1701=AXIS2_PLACEMENT_3D('',#2509,#1995,#1996);
#1702=AXIS2_PLACEMENT_3D('',#2510,#1997,#1998);
#1703=AXIS2_PLACEMENT_3D('',#2512,#1999,#2000);
#1704=AXIS2_PLACEMENT_3D('',#2518,#2004,#2005);
#1705=AXIS2_PLACEMENT_3D('',#2520,#2007,#2008);
#1706=AXIS2_PLACEMENT_3D('',#2521,#2009,#2010);
#1707=AXIS2_PLACEMENT_3D('',#2523,#2011,#2012);
#1708=AXIS2_PLACEMENT_3D('',#2524,#2013,#2014);
#1709=AXIS2_PLACEMENT_3D('',#2528,#2016,#2017);
#1710=AXIS2_PLACEMENT_3D('',#2529,#2018,#2019);
#1711=AXIS2_PLACEMENT_3D('',#2537,#2023,#2024);
#1712=AXIS2_PLACEMENT_3D('',#2538,#2025,#2026);
#1713=AXIS2_PLACEMENT_3D('',#2539,#2027,#2028);
#1714=AXIS2_PLACEMENT_3D('',#2543,#2030,#2031);
#1715=AXIS2_PLACEMENT_3D('',#2550,#2035,#2036);
#1716=AXIS2_PLACEMENT_3D('',#2559,#2041,#2042);
#1717=AXIS2_PLACEMENT_3D('',#2568,#2047,#2048);
#1718=AXIS2_PLACEMENT_3D('',#2577,#2053,#2054);
#1719=AXIS2_PLACEMENT_3D('',#2578,#2055,#2056);
#1720=AXIS2_PLACEMENT_3D('',#2580,#2057,#2058);
#1721=AXIS2_PLACEMENT_3D('',#2582,#2059,#2060);
#1722=AXIS2_PLACEMENT_3D('',#2583,#2061,#2062);
#1723=AXIS2_PLACEMENT_3D('',#2585,#2063,#2064);
#1724=AXIS2_PLACEMENT_3D('',#2587,#2065,#2066);
#1725=AXIS2_PLACEMENT_3D('',#2589,#2068,#2069);
#1726=AXIS2_PLACEMENT_3D('',#2590,#2070,#2071);
#1727=AXIS2_PLACEMENT_3D('',#2591,#2072,#2073);
#1728=AXIS2_PLACEMENT_3D('',#2592,#2074,#2075);
#1729=AXIS2_PLACEMENT_3D('',#2594,#2077,#2078);
#1730=AXIS2_PLACEMENT_3D('',#2605,#2085,#2086);
#1731=AXIS2_PLACEMENT_3D('',#2606,#2087,#2088);
#1732=AXIS2_PLACEMENT_3D('',#2608,#2090,#2091);
#1733=AXIS2_PLACEMENT_3D('',#2619,#2098,#2099);
#1734=AXIS2_PLACEMENT_3D('',#2621,#2101,#2102);
#1735=AXIS2_PLACEMENT_3D('',#2622,#2103,#2104);
#1736=AXIS2_PLACEMENT_3D('',#2623,#2105,#2106);
#1737=AXIS2_PLACEMENT_3D('',#2624,#2107,#2108);
#1738=AXIS2_PLACEMENT_3D('',#2625,#2109,#2110);
#1739=AXIS2_PLACEMENT_3D('',#2626,#2111,#2112);
#1740=AXIS2_PLACEMENT_3D('',#2627,#2113,#2114);
#1741=AXIS2_PLACEMENT_3D('',#2628,#2115,#2116);
#1742=AXIS2_PLACEMENT_3D('',#2629,#2117,#2118);
#1743=AXIS2_PLACEMENT_3D('',#2630,#2119,#2120);
#1744=AXIS2_PLACEMENT_3D('',#2631,#2121,#2122);
#1745=AXIS2_PLACEMENT_3D('',#2637,#2126,#2127);
#1746=AXIS2_PLACEMENT_3D('',#2643,#2131,#2132);
#1747=AXIS2_PLACEMENT_3D('',#2646,#2135,#2136);
#1748=AXIS2_PLACEMENT_3D('',#2655,#2141,#2142);
#1749=AXIS2_PLACEMENT_3D('',#2661,#2146,#2147);
#1750=AXIS2_PLACEMENT_3D('',#2670,#2152,#2153);
#1751=AXIS2_PLACEMENT_3D('',#2675,#2156,#2157);
#1752=AXIS2_PLACEMENT_3D('',#2676,#2158,#2159);
#1753=AXIS2_PLACEMENT_3D('',#2682,#2163,#2164);
#1754=AXIS2_PLACEMENT_3D('',#2684,#2166,#2167);
#1755=AXIS2_PLACEMENT_3D('',#2687,#2169,#2170);
#1756=AXIS2_PLACEMENT_3D('',#2691,#2173,#2174);
#1757=AXIS2_PLACEMENT_3D('',#2695,#2176,#2177);
#1758=AXIS2_PLACEMENT_3D('',#2696,#2178,#2179);
#1759=AXIS2_PLACEMENT_3D('',#2697,#2180,#2181);
#1760=AXIS2_PLACEMENT_3D('',#2698,#2182,#2183);
#1761=AXIS2_PLACEMENT_3D('',#2702,#2185,#2186);
#1762=AXIS2_PLACEMENT_3D('',#2703,#2187,#2188);
#1763=AXIS2_PLACEMENT_3D('',#2704,#2189,#2190);
#1764=AXIS2_PLACEMENT_3D('',#2708,#2192,#2193);
#1765=AXIS2_PLACEMENT_3D('',#2709,#2194,#2195);
#1766=AXIS2_PLACEMENT_3D('',#2713,#2197,#2198);
#1767=AXIS2_PLACEMENT_3D('',#2714,#2199,#2200);
#1768=AXIS2_PLACEMENT_3D('',#2715,#2201,#2202);
#1769=AXIS2_PLACEMENT_3D('',#2716,#2203,#2204);
#1770=AXIS2_PLACEMENT_3D('',#2717,#2205,#2206);
#1771=AXIS2_PLACEMENT_3D('',#2718,#2207,#2208);
#1772=AXIS2_PLACEMENT_3D('',#2719,#2209,#2210);
#1773=AXIS2_PLACEMENT_3D('',#2720,#2211,#2212);
#1774=AXIS2_PLACEMENT_3D('',#2721,#2213,#2214);
#1775=AXIS2_PLACEMENT_3D('',#2722,#2215,#2216);
#1776=AXIS2_PLACEMENT_3D('',#2723,#2217,#2218);
#1777=AXIS2_PLACEMENT_3D('',#2724,#2219,#2220);
#1778=AXIS2_PLACEMENT_3D('',#2725,#2221,#2222);
#1779=AXIS2_PLACEMENT_3D('',#2726,#2223,#2224);
#1780=AXIS2_PLACEMENT_3D('',#2727,#2225,#2226);
#1781=AXIS2_PLACEMENT_3D('',#2728,#2227,#2228);
#1782=AXIS2_PLACEMENT_3D('',#2729,#2229,#2230);
#1783=AXIS2_PLACEMENT_3D('',#2730,#2231,#2232);
#1784=AXIS2_PLACEMENT_3D('',#2731,#2233,#2234);
#1785=AXIS2_PLACEMENT_3D('',#2732,#2235,#2236);
#1786=AXIS2_PLACEMENT_3D('',#2733,#2237,#2238);
#1787=AXIS2_PLACEMENT_3D('',#2734,#2239,#2240);
#1788=AXIS2_PLACEMENT_3D('',#2735,#2241,#2242);
#1789=AXIS2_PLACEMENT_3D('',#2736,#2243,#2244);
#1790=AXIS2_PLACEMENT_3D('',#2737,#2245,#2246);
#1791=AXIS2_PLACEMENT_3D('',#2738,#2247,#2248);
#1792=AXIS2_PLACEMENT_3D('',#2739,#2249,#2250);
#1793=AXIS2_PLACEMENT_3D('',#2740,#2251,#2252);
#1794=AXIS2_PLACEMENT_3D('',#2741,#2253,#2254);
#1795=AXIS2_PLACEMENT_3D('',#2742,#2255,#2256);
#1796=AXIS2_PLACEMENT_3D('',#2743,#2257,#2258);
#1797=AXIS2_PLACEMENT_3D('',#2745,#2260,#2261);
#1798=AXIS2_PLACEMENT_3D('',#2748,#2264,#2265);
#1799=AXIS2_PLACEMENT_3D('',#2749,#2266,#2267);
#1800=AXIS2_PLACEMENT_3D('',#2750,#2268,#2269);
#1801=AXIS2_PLACEMENT_3D('',#2751,#2270,#2271);
#1802=AXIS2_PLACEMENT_3D('',#2752,#2272,#2273);
#1803=AXIS2_PLACEMENT_3D('',#2753,#2274,#2275);
#1804=DIRECTION('',(0.,0.,1.));
#1805=DIRECTION('',(1.,0.,0.));
#1806=DIRECTION('',(1.,1.77975831145993E-16,-3.83707237907615E-16));
#1807=DIRECTION('',(-1.77975831145993E-16,1.,6.8290614583341E-32));
#1808=DIRECTION('',(-3.83707237907615E-16,-7.56393128977905E-32,-1.));
#1809=DIRECTION('',(1.,1.77975831145993E-16,-3.83707237907615E-16));
#1810=DIRECTION('',(-3.83707237907615E-16,0.,-1.));
#1811=DIRECTION('',(-1.77975831145993E-16,1.,2.5205429008179E-17));
#1812=DIRECTION('',(-8.55552023373308E-16,2.52054290081789E-17,-1.));
#1813=DIRECTION('',(-1.77975831145993E-16,1.,-7.34869831444955E-33));
#1814=DIRECTION('',(3.83707237907615E-16,7.56393128977905E-32,1.));
#1815=DIRECTION('',(1.,0.,-3.83707237907615E-16));
#1816=DIRECTION('',(-1.77975831145993E-16,1.,-7.34869831444955E-33));
#1817=DIRECTION('',(1.,1.77975831145993E-16,1.73249588235729E-33));
#1818=DIRECTION('',(1.77975831145993E-16,-1.,7.34869831444955E-33));
#1819=DIRECTION('',(1.,1.77975831145993E-16,1.73249588235729E-33));
#1820=DIRECTION('',(3.83707237907615E-16,7.56393128977905E-32,1.));
#1821=DIRECTION('',(1.,0.,-3.83707237907615E-16));
#1822=DIRECTION('',(1.,1.77975831145993E-16,-3.83707237907615E-16));
#1823=DIRECTION('',(-1.77975831145993E-16,1.,6.8290614583341E-32));
#1824=DIRECTION('',(1.,1.77975831145993E-16,-3.83707237907615E-16));
#1825=DIRECTION('',(0.,-0.571428571428577,0.820651806648286));
#1826=DIRECTION('',(1.,1.77975831145993E-16,-3.83707237907615E-16));
#1827=DIRECTION('',(0.,0.571428571428576,-0.820651806648287));
#1828=DIRECTION('',(-3.83707237907615E-16,-6.8290614583341E-32,-1.));
#1829=DIRECTION('',(-1.77975831145993E-16,1.,6.8290614583341E-32));
#1830=DIRECTION('',(-3.83707237907615E-16,-6.8290614583341E-32,-1.));
#1831=DIRECTION('',(-1.77975831145993E-16,1.,6.8290614583341E-32));
#1832=DIRECTION('',(-3.83707237907615E-16,-2.38981707794743E-32,-1.));
#1833=DIRECTION('',(1.,1.77975831145993E-16,-3.83707237907615E-16));
#1834=DIRECTION('',(-3.83707237907615E-16,0.,-1.));
#1835=DIRECTION('',(1.77975831145993E-16,-1.,-2.5205429008179E-17));
#1836=DIRECTION('',(8.55552023373308E-16,-2.52054290081789E-17,1.));
#1837=DIRECTION('',(2.15645557879397E-32,1.,2.52054290081789E-17));
#1838=DIRECTION('',(-3.83707237907615E-16,2.96637381046741E-16,-1.));
#1839=DIRECTION('',(1.77975831145993E-16,-1.,-2.5205429008179E-17));
#1840=DIRECTION('',(-8.55552023373308E-16,2.52054290081789E-17,-1.));
#1841=DIRECTION('',(-1.77975831145993E-16,1.,6.8290614583341E-32));
#1842=DIRECTION('',(3.83707237907615E-16,0.,1.));
#1843=DIRECTION('',(1.,1.77975831145993E-16,-3.83707237907615E-16));
#1844=DIRECTION('',(-3.83707237907615E-16,0.,-1.));
#1845=DIRECTION('',(-1.77975831145993E-16,1.,6.8290614583341E-32));
#1846=DIRECTION('',(1.,1.77975831145993E-16,-3.83707237907615E-16));
#1847=DIRECTION('',(-3.83707237907615E-16,0.,-1.));
#1848=DIRECTION('',(3.83707237907615E-16,0.,1.));
#1849=DIRECTION('',(1.,0.,-3.83707237907615E-16));
#1850=DIRECTION('',(1.,1.77975831145993E-16,1.73249588235728E-33));
#1851=DIRECTION('',(3.83707237907615E-16,0.,1.));
#1852=DIRECTION('',(1.,0.,-3.83707237907615E-16));
#1853=DIRECTION('',(-1.77975831145993E-16,1.,6.8290614583341E-32));
#1854=DIRECTION('',(1.,1.77975831145993E-16,1.73249588235728E-33));
#1855=DIRECTION('',(1.77975831145993E-16,-1.,-6.8290614583341E-32));
#1856=DIRECTION('',(1.77975831145993E-16,-1.,-6.23574048201124E-17));
#1857=DIRECTION('',(1.,1.77975831145993E-16,1.10981109509667E-32));
#1858=DIRECTION('',(0.789352217376327,1.02201873582026E-16,0.61394061351492));
#1859=DIRECTION('',(3.75075346157148E-16,6.23574048201125E-17,-1.));
#1860=DIRECTION('',(1.,1.77975831145993E-16,1.10981109509667E-32));
#1861=DIRECTION('',(-1.10981109509667E-32,6.23574048201124E-17,-1.));
#1862=DIRECTION('',(1.77975831145993E-16,-1.,-6.23574048201124E-17));
#1863=DIRECTION('',(1.,1.77975831145993E-16,1.10981109509667E-32));
#1864=DIRECTION('',(1.,1.77975831145993E-16,1.10981109509667E-32));
#1865=DIRECTION('',(3.75075346157148E-16,6.23574048201125E-17,-1.));
#1866=DIRECTION('',(-0.789352217376326,-1.02201873582026E-16,-0.613940613514921));
#1867=DIRECTION('',(-1.10981109509667E-32,6.23574048201124E-17,-1.));
#1868=DIRECTION('',(-1.,-1.77975831145993E-16,0.));
#1869=DIRECTION('',(1.77975831145993E-16,-1.,0.));
#1870=DIRECTION('',(-1.10981109509667E-32,6.23574048201124E-17,-1.));
#1871=DIRECTION('',(1.77975831145993E-16,-1.,-6.23574048201124E-17));
#1872=DIRECTION('',(1.77975831145993E-16,-1.,-6.23574048201124E-17));
#1873=DIRECTION('',(-1.,-1.77975831145993E-16,0.));
#1874=DIRECTION('',(1.77975831145993E-16,-1.,0.));
#1875=DIRECTION('',(-1.10981109509667E-32,6.23574048201124E-17,-1.));
#1876=DIRECTION('',(-1.,-1.77975831145993E-16,0.));
#1877=DIRECTION('',(1.77975831145993E-16,-1.,0.));
#1878=DIRECTION('',(1.77975831145993E-16,-1.,-6.23574048201124E-17));
#1879=DIRECTION('',(-1.10981109509667E-32,6.23574048201124E-17,-1.));
#1880=DIRECTION('',(-1.77975831145993E-16,1.,6.23574048201124E-17));
#1881=DIRECTION('',(-1.10981109509667E-32,6.23574048201124E-17,-1.));
#1882=DIRECTION('',(1.77975831145993E-16,-1.,-6.8290614583341E-32));
#1883=DIRECTION('',(-1.10981109509667E-32,6.23574048201124E-17,-1.));
#1884=DIRECTION('',(-1.77975831145993E-16,1.,6.23574048201124E-17));
#1885=DIRECTION('',(-1.10981109509667E-32,6.23574048201124E-17,-1.));
#1886=DIRECTION('',(-1.,-1.77975831145993E-16,0.));
#1887=DIRECTION('',(1.77975831145993E-16,-1.,0.));
#1888=DIRECTION('',(1.77975831145993E-16,-1.,-6.23574048201124E-17));
#1889=DIRECTION('',(-1.,-1.77975831145993E-16,0.));
#1890=DIRECTION('',(1.77975831145993E-16,-1.,0.));
#1891=DIRECTION('',(-1.10981109509667E-32,6.23574048201124E-17,-1.));
#1892=DIRECTION('',(-1.,-1.77975831145993E-16,0.));
#1893=DIRECTION('',(1.77975831145993E-16,-1.,0.));
#1894=DIRECTION('',(1.77975831145993E-16,-1.,-6.23574048201124E-17));
#1895=DIRECTION('',(-1.,-1.77975831145993E-16,0.));
#1896=DIRECTION('',(1.77975831145993E-16,-1.,0.));
#1897=DIRECTION('',(1.77975831145993E-16,-1.,-6.23574048201124E-17));
#1898=DIRECTION('',(-1.10981109509667E-32,6.23574048201124E-17,-1.));
#1899=DIRECTION('',(1.77975831145993E-16,-1.,7.34869831444955E-33));
#1900=DIRECTION('',(8.55552023373308E-16,-2.52054290081789E-17,1.));
#1901=DIRECTION('',(1.,0.,-8.55552023373308E-16));
#1902=DIRECTION('',(8.55552023373308E-16,-2.52054290081789E-17,1.));
#1903=DIRECTION('',(-8.55552023373308E-16,2.52054290081789E-17,-1.));
#1904=DIRECTION('',(0.,-1.,-1.5419764230905E-16));
#1905=DIRECTION('',(-8.55552023373308E-16,2.52054290081789E-17,-1.));
#1906=DIRECTION('',(-8.55552023373308E-16,2.52054290081789E-17,-1.));
#1907=DIRECTION('',(0.,-1.,-1.5419764230905E-16));
#1908=DIRECTION('',(8.55552023373308E-16,-2.52054290081789E-17,1.));
#1909=DIRECTION('',(-8.55552023373308E-16,2.52054290081789E-17,-1.));
#1910=DIRECTION('',(-1.,0.,8.55552023373308E-16));
#1911=DIRECTION('',(8.55552023373308E-16,-2.52054290081789E-17,1.));
#1912=DIRECTION('',(-8.55552023373308E-16,2.52054290081789E-17,-1.));
#1913=DIRECTION('',(-1.,0.,8.55552023373308E-16));
#1914=DIRECTION('',(-8.55552023373308E-16,2.52054290081789E-17,-1.));
#1915=DIRECTION('',(1.,2.15645557879397E-32,-8.55552023373308E-16));
#1916=DIRECTION('',(1.77975831145993E-16,-1.,-2.5205429008179E-17));
#1917=DIRECTION('',(-8.55552023373308E-16,2.52054290081789E-17,-1.));
#1918=DIRECTION('',(0.953296529745259,-0.302035968678642,-9.10018872643572E-16));
#1919=DIRECTION('',(0.884775585643048,0.466017342005639,-7.4522537549771E-16));
#1920=DIRECTION('',(-8.55552023373308E-16,2.52054290081789E-17,-1.));
#1921=DIRECTION('',(1.,2.15645557879397E-32,-8.55552023373308E-16));
#1922=DIRECTION('',(0.866810072305358,0.498638444717192,-7.29032715322145E-16));
#1923=DIRECTION('',(-8.55552023373308E-16,2.52054290081789E-17,-1.));
#1924=DIRECTION('',(0.953296529745259,-0.302035968678642,-9.10018872643572E-16));
#1925=DIRECTION('',(-8.55552023373308E-16,2.52054290081789E-17,-1.));
#1926=DIRECTION('',(1.,2.15645557879397E-32,-8.55552023373308E-16));
#1927=DIRECTION('',(-8.55552023373308E-16,2.52054290081789E-17,-1.));
#1928=DIRECTION('',(-1.,0.,8.55552023373308E-16));
#1929=DIRECTION('',(1.,1.77975831145993E-16,-8.55552023373308E-16));
#1930=DIRECTION('',(1.77975831145993E-16,-1.,-2.5205429008179E-17));
#1931=DIRECTION('',(1.,3.51868912304439E-33,-8.55552023373308E-16));
#1932=DIRECTION('',(1.,-2.38650525898471E-16,-8.55552023373308E-16));
#1933=DIRECTION('',(1.,1.77975831145993E-16,-8.55552023373308E-16));
#1934=DIRECTION('',(1.77975831145993E-16,-1.,-2.5205429008179E-17));
#1935=DIRECTION('',(1.,1.77975831145993E-16,-8.55552023373308E-16));
#1936=DIRECTION('',(-1.77975831145993E-16,1.,2.5205429008179E-17));
#1937=DIRECTION('',(-8.55552023373308E-16,2.52054290081789E-17,-1.));
#1938=DIRECTION('',(-1.,0.,8.55552023373308E-16));
#1939=DIRECTION('',(-0.498638444717192,0.866810072305358,4.4845945005058E-16));
#1940=DIRECTION('',(-0.866810072305358,-0.498638444717192,0.));
#1941=DIRECTION('',(0.866810072305357,0.498638444717193,-7.29032715322144E-16));
#1942=DIRECTION('',(-8.55552023373308E-16,2.52054290081789E-17,-1.));
#1943=DIRECTION('',(-2.38650525898471E-16,-1.,-2.52054290081787E-17));
#1944=DIRECTION('',(1.,-2.38650525898471E-16,0.));
#1945=DIRECTION('',(1.,-2.3865052589847E-16,-8.55552023373308E-16));
#1946=DIRECTION('',(-1.80458666648954E-32,-1.,-2.52054290081789E-17));
#1947=DIRECTION('',(0.,2.52054290081789E-17,-1.));
#1948=DIRECTION('',(3.83707237907615E-16,-2.52054290081789E-17,1.));
#1949=DIRECTION('',(1.,-8.37436111989054E-33,-3.83707237907615E-16));
#1950=DIRECTION('',(3.83707237907615E-16,-2.52054290081789E-17,1.));
#1951=DIRECTION('',(1.,3.51868912304439E-33,-8.55552023373308E-16));
#1952=DIRECTION('',(8.55552023373308E-16,-2.52054290081789E-17,1.));
#1953=DIRECTION('',(1.,0.,-8.55552023373308E-16));
#1954=DIRECTION('',(-8.55552023373308E-16,2.52054290081789E-17,-1.));
#1955=DIRECTION('',(-5.59240587779318E-17,1.,2.52054290081732E-17));
#1956=DIRECTION('',(-0.466017342005639,0.884775585643048,4.21003228092071E-16));
#1957=DIRECTION('',(-0.884775585643048,-0.466017342005639,0.));
#1958=DIRECTION('',(0.884775585643048,0.466017342005639,-7.4522537549771E-16));
#1959=DIRECTION('',(-8.55552023373308E-16,2.52054290081789E-17,-1.));
#1960=DIRECTION('',(-8.55552023373308E-16,2.52054290081789E-17,-1.));
#1961=DIRECTION('',(-1.,0.,8.55552023373308E-16));
#1962=DIRECTION('',(-8.55552023373308E-16,2.52054290081789E-17,-1.));
#1963=DIRECTION('',(-8.55552023373308E-16,2.52054290081789E-17,-1.));
#1964=DIRECTION('',(0.86369608735252,0.504012964805419,2.77555756156261E-14));
#1965=DIRECTION('',(-8.55552023373308E-16,2.52054290081789E-17,-1.));
#1966=DIRECTION('',(1.,2.15645557879397E-32,-8.55552023373308E-16));
#1967=DIRECTION('',(-8.55552023373308E-16,2.52054290081789E-17,-1.));
#1968=DIRECTION('',(1.,2.15645557879397E-32,-8.55552023373308E-16));
#1969=DIRECTION('',(-1.10433059648268E-15,1.,2.52054290081798E-17));
#1970=DIRECTION('',(1.,1.77975831145993E-16,-3.83707237907615E-16));
#1971=DIRECTION('',(-1.77975831145993E-16,1.,6.8290614583341E-32));
#1972=DIRECTION('',(1.,1.77975831145993E-16,-3.83707237907615E-16));
#1973=DIRECTION('',(-3.83707237907615E-16,0.,-1.));
#1974=DIRECTION('',(-3.83707237907615E-16,-7.56393128977905E-32,-1.));
#1975=DIRECTION('',(-8.55552023373308E-16,2.52054290081789E-17,-1.));
#1976=DIRECTION('',(1.,1.77975831145993E-16,-3.83707237907615E-16));
#1977=DIRECTION('',(-1.77975831145993E-16,1.,6.8290614583341E-32));
#1978=DIRECTION('',(1.,1.77975831145993E-16,-3.83707237907615E-16));
#1979=DIRECTION('',(-3.83707237907615E-16,0.,-1.));
#1980=DIRECTION('',(-1.77975831145993E-16,1.,6.8290614583341E-32));
#1981=DIRECTION('',(3.83707237907615E-16,0.,1.));
#1982=DIRECTION('',(-1.77975831145993E-16,1.,0.));
#1983=DIRECTION('',(-1.,-1.77975831145993E-16,0.));
#1984=DIRECTION('',(-1.,-1.77975831145993E-16,3.83707237907615E-16));
#1985=DIRECTION('',(-3.83707237907615E-16,-6.8290614583341E-32,-1.));
#1986=DIRECTION('',(-1.,-1.77975831145993E-16,3.83707237907615E-16));
#1987=DIRECTION('',(3.83707237907615E-16,0.,1.));
#1988=DIRECTION('',(1.,0.,-3.83707237907615E-16));
#1989=DIRECTION('',(-1.,-1.77975831145993E-16,3.83707237907615E-16));
#1990=DIRECTION('',(-1.77975831145993E-16,1.,6.8290614583341E-32));
#1991=DIRECTION('',(-1.77975831145993E-16,1.,0.));
#1992=DIRECTION('',(-1.,-1.77975831145993E-16,0.));
#1993=DIRECTION('',(-1.,-1.77975831145993E-16,3.83707237907615E-16));
#1994=DIRECTION('',(-3.83707237907615E-16,-6.8290614583341E-32,-1.));
#1995=DIRECTION('',(-1.,-1.77975831145993E-16,3.83707237907615E-16));
#1996=DIRECTION('',(3.83707237907615E-16,0.,1.));
#1997=DIRECTION('',(1.,1.77975831145993E-16,-3.83707237907615E-16));
#1998=DIRECTION('',(0.,0.571428571428576,-0.820651806648287));
#1999=DIRECTION('',(-1.77975831145993E-16,1.,4.43924438038666E-32));
#2000=DIRECTION('',(-1.,-1.77975831145993E-16,0.));
#2001=DIRECTION('',(-3.83707237907615E-16,-2.38981707794743E-32,-1.));
#2002=DIRECTION('',(1.,1.77975831145993E-16,-8.55552023373308E-16));
#2003=DIRECTION('',(-1.,-1.77975831145993E-16,3.83707237907615E-16));
#2004=DIRECTION('',(3.83707237907615E-16,0.,1.));
#2005=DIRECTION('',(1.,0.,-3.83707237907615E-16));
#2006=DIRECTION('',(-1.77975831145993E-16,1.,6.8290614583341E-32));
#2007=DIRECTION('',(-1.,-1.77975831145993E-16,3.83707237907615E-16));
#2008=DIRECTION('',(3.83707237907615E-16,0.,1.));
#2009=DIRECTION('',(1.,1.77975831145993E-16,-3.83707237907615E-16));
#2010=DIRECTION('',(0.,-0.571428571428577,0.820651806648286));
#2011=DIRECTION('',(-8.55552023373308E-16,2.52054290081789E-17,-1.));
#2012=DIRECTION('',(-1.,0.,8.55552023373308E-16));
#2013=DIRECTION('',(1.,1.77975831145993E-16,-3.83707237907615E-16));
#2014=DIRECTION('',(-1.77975831145993E-16,1.,6.8290614583341E-32));
#2015=DIRECTION('',(-1.77975831145993E-16,1.,6.8290614583341E-32));
#2016=DIRECTION('',(1.,1.77975831145993E-16,-3.83707237907615E-16));
#2017=DIRECTION('',(-3.83707237907615E-16,0.,-1.));
#2018=DIRECTION('',(1.,1.77975831145993E-16,-3.83707237907615E-16));
#2019=DIRECTION('',(-3.83707237907615E-16,0.,-1.));
#2020=DIRECTION('',(-3.83707237907615E-16,6.23574048201124E-17,-1.));
#2021=DIRECTION('',(1.77975831145993E-16,-1.,-6.23574048201125E-17));
#2022=DIRECTION('',(-3.83707237907615E-16,6.23574048201124E-17,-1.));
#2023=DIRECTION('',(1.,1.77975831145993E-16,-3.83707237907615E-16));
#2024=DIRECTION('',(-3.83707237907615E-16,0.,-1.));
#2025=DIRECTION('',(1.,1.77975831145993E-16,-3.83707237907615E-16));
#2026=DIRECTION('',(-3.83707237907615E-16,0.,-1.));
#2027=DIRECTION('',(1.,1.77975831145993E-16,-3.83707237907615E-16));
#2028=DIRECTION('',(-3.83707237907615E-16,0.,-1.));
#2029=DIRECTION('',(-1.77975831145993E-16,1.,6.8290614583341E-32));
#2030=DIRECTION('',(1.,1.77975831145993E-16,-3.83707237907615E-16));
#2031=DIRECTION('',(-3.83707237907615E-16,0.,-1.));
#2032=DIRECTION('',(-3.83707237907615E-16,6.23574048201124E-17,-1.));
#2033=DIRECTION('',(1.77975831145993E-16,-1.,-6.23574048201125E-17));
#2034=DIRECTION('',(-3.83707237907615E-16,6.23574048201124E-17,-1.));
#2035=DIRECTION('',(3.83364304083272E-16,-6.23574048201124E-17,1.));
#2036=DIRECTION('',(1.,0.,-3.83364304083272E-16));
#2037=DIRECTION('',(-1.,-1.77975831145993E-16,3.83364304083272E-16));
#2038=DIRECTION('',(1.77975831145993E-16,-1.,-6.23574048201125E-17));
#2039=DIRECTION('',(-1.,-1.77975831145993E-16,3.83364304083272E-16));
#2040=DIRECTION('',(1.77975831145993E-16,-1.,-6.23574048201125E-17));
#2041=DIRECTION('',(-1.,-1.77975831145993E-16,0.));
#2042=DIRECTION('',(1.77975831145993E-16,-1.,0.));
#2043=DIRECTION('',(-1.10981109509667E-32,6.23574048201124E-17,-1.));
#2044=DIRECTION('',(1.77975831145993E-16,-1.,-6.23574048201125E-17));
#2045=DIRECTION('',(-1.10981109509667E-32,6.23574048201124E-17,-1.));
#2046=DIRECTION('',(1.77975831145993E-16,-1.,-6.23574048201125E-17));
#2047=DIRECTION('',(3.83364304083272E-16,-6.23574048201124E-17,1.));
#2048=DIRECTION('',(1.,0.,-3.83364304083272E-16));
#2049=DIRECTION('',(-1.,-1.77975831145993E-16,3.83364304083272E-16));
#2050=DIRECTION('',(1.77975831145993E-16,-1.,-6.23574048201125E-17));
#2051=DIRECTION('',(-1.,-1.77975831145993E-16,3.83364304083272E-16));
#2052=DIRECTION('',(1.77975831145993E-16,-1.,-6.23574048201125E-17));
#2053=DIRECTION('',(1.77975831145993E-16,-1.,-6.23574048201124E-17));
#2054=DIRECTION('',(1.,1.77975831145993E-16,0.));
#2055=DIRECTION('',(1.77975831145993E-16,-1.,-6.23574048201124E-17));
#2056=DIRECTION('',(1.,0.,0.));
#2057=DIRECTION('',(1.77975831145993E-16,-1.,-6.23574048201124E-17));
#2058=DIRECTION('',(1.,0.,0.));
#2059=DIRECTION('',(1.77975831145993E-16,-1.,-6.23574048201124E-17));
#2060=DIRECTION('',(1.,1.77975831145993E-16,0.));
#2061=DIRECTION('',(-1.77975831145993E-16,1.,6.23574048201124E-17));
#2062=DIRECTION('',(1.,0.,0.));
#2063=DIRECTION('',(-1.77975831145993E-16,1.,6.23574048201124E-17));
#2064=DIRECTION('',(1.,0.,0.));
#2065=DIRECTION('',(1.77975831145993E-16,-1.,-6.23574048201124E-17));
#2066=DIRECTION('',(1.,1.77975831145993E-16,1.10981109509667E-32));
#2067=DIRECTION('',(1.,1.77975831145993E-16,-8.55552023373308E-16));
#2068=DIRECTION('',(1.77975831145993E-16,-1.,-6.23574048201124E-17));
#2069=DIRECTION('',(1.,1.77975831145993E-16,0.));
#2070=DIRECTION('',(1.77975831145993E-16,-1.,-6.23574048201124E-17));
#2071=DIRECTION('',(1.,1.77975831145993E-16,0.));
#2072=DIRECTION('',(1.77975831145993E-16,-1.,-6.23574048201124E-17));
#2073=DIRECTION('',(1.,1.77975831145993E-16,0.));
#2074=DIRECTION('',(1.77975831145993E-16,-1.,-6.23574048201124E-17));
#2075=DIRECTION('',(1.,1.77975831145993E-16,0.));
#2076=DIRECTION('',(-1.,-1.77975831145993E-16,3.83707237907615E-16));
#2077=DIRECTION('',(1.77975831145993E-16,-1.,-6.23574048201124E-17));
#2078=DIRECTION('',(1.,1.77975831145993E-16,0.));
#2079=DIRECTION('',(-0.789352217376326,-1.78769360326943E-16,0.613940613514921));
#2080=DIRECTION('',(3.75075346157148E-16,6.23574048201125E-17,-1.));
#2081=DIRECTION('',(1.,1.77975831145993E-16,1.10981109509667E-32));
#2082=DIRECTION('',(1.,1.77975831145993E-16,1.10981109509667E-32));
#2083=DIRECTION('',(3.75075346157148E-16,6.23574048201125E-17,-1.));
#2084=DIRECTION('',(-0.789352217376327,-1.02201873582026E-16,-0.61394061351492));
#2085=DIRECTION('',(1.77975831145993E-16,-1.,-6.23574048201124E-17));
#2086=DIRECTION('',(1.,1.77975831145993E-16,0.));
#2087=DIRECTION('',(1.77975831145993E-16,-1.,-6.23574048201124E-17));
#2088=DIRECTION('',(1.,1.77975831145993E-16,1.10981109509667E-32));
#2089=DIRECTION('',(1.,1.77975831145993E-16,-8.55552023373308E-16));
#2090=DIRECTION('',(1.77975831145993E-16,-1.,-6.23574048201124E-17));
#2091=DIRECTION('',(1.,1.77975831145993E-16,0.));
#2092=DIRECTION('',(0.789352217376326,1.02201873582026E-16,0.613940613514921));
#2093=DIRECTION('',(3.75075346157148E-16,6.23574048201125E-17,-1.));
#2094=DIRECTION('',(1.,1.77975831145993E-16,1.10981109509667E-32));
#2095=DIRECTION('',(1.,1.77975831145993E-16,1.10981109509667E-32));
#2096=DIRECTION('',(3.75075346157148E-16,6.23574048201125E-17,-1.));
#2097=DIRECTION('',(0.789352217376326,1.78769360326943E-16,-0.613940613514921));
#2098=DIRECTION('',(1.77975831145993E-16,-1.,-6.23574048201124E-17));
#2099=DIRECTION('',(1.,1.77975831145993E-16,0.));
#2100=DIRECTION('',(-1.,-4.95635278850518E-16,3.83707237907615E-16));
#2101=DIRECTION('',(1.77975831145993E-16,-1.,-6.23574048201124E-17));
#2102=DIRECTION('',(1.,1.77975831145993E-16,0.));
#2103=DIRECTION('',(1.77975831145993E-16,-1.,-6.23574048201124E-17));
#2104=DIRECTION('',(1.,1.77975831145993E-16,0.));
#2105=DIRECTION('',(1.77975831145993E-16,-1.,-6.23574048201124E-17));
#2106=DIRECTION('',(1.,1.77975831145993E-16,0.));
#2107=DIRECTION('',(1.77975831145993E-16,-1.,-6.23574048201124E-17));
#2108=DIRECTION('',(1.,1.77975831145993E-16,0.));
#2109=DIRECTION('',(1.77975831145993E-16,-1.,7.34869831444955E-33));
#2110=DIRECTION('',(1.,1.77975831145993E-16,0.));
#2111=DIRECTION('',(-1.77975831145993E-16,1.,6.8290614583341E-32));
#2112=DIRECTION('',(-1.,-1.77975831145993E-16,0.));
#2113=DIRECTION('',(1.77975831145993E-16,-1.,-6.23574048201125E-17));
#2114=DIRECTION('',(1.,1.77975831145993E-16,0.));
#2115=DIRECTION('',(-1.77975831145993E-16,1.,6.23574048201125E-17));
#2116=DIRECTION('',(-1.,-1.77975831145993E-16,0.));
#2117=DIRECTION('',(-1.77975831145993E-16,1.,6.23574048201125E-17));
#2118=DIRECTION('',(-1.,-1.77975831145993E-16,0.));
#2119=DIRECTION('',(1.77975831145993E-16,-1.,-6.23574048201125E-17));
#2120=DIRECTION('',(1.,1.77975831145993E-16,0.));
#2121=DIRECTION('',(0.,6.23574048201124E-17,-1.));
#2122=DIRECTION('',(0.,1.,6.23574048201124E-17));
#2123=DIRECTION('',(1.,1.77975831145993E-16,1.10981109509667E-32));
#2124=DIRECTION('',(1.77975831145993E-16,-1.,-6.23574048201124E-17));
#2125=DIRECTION('',(1.,1.77975831145993E-16,1.10981109509667E-32));
#2126=DIRECTION('',(-1.,-1.77975831145993E-16,0.));
#2127=DIRECTION('',(1.77975831145993E-16,-1.,0.));
#2128=DIRECTION('',(-1.10981109509667E-32,6.23574048201124E-17,-1.));
#2129=DIRECTION('',(1.77975831145993E-16,-1.,-6.23574048201124E-17));
#2130=DIRECTION('',(-1.10981109509667E-32,6.23574048201124E-17,-1.));
#2131=DIRECTION('',(0.,6.23574048201124E-17,-1.));
#2132=DIRECTION('',(0.,1.,6.23574048201124E-17));
#2133=DIRECTION('',(1.,1.77975831145993E-16,1.10981109509667E-32));
#2134=DIRECTION('',(1.,1.77975831145993E-16,1.10981109509667E-32));
#2135=DIRECTION('',(-1.,-1.77975831145993E-16,-3.75075346157148E-16));
#2136=DIRECTION('',(-3.75075346157148E-16,0.,1.));
#2137=DIRECTION('',(-1.77975831145993E-16,1.,6.23574048201125E-17));
#2138=DIRECTION('',(3.75075346157148E-16,6.23574048201125E-17,-1.));
#2139=DIRECTION('',(-1.77975831145993E-16,1.,6.23574048201124E-17));
#2140=DIRECTION('',(3.75075346157148E-16,6.23574048201125E-17,-1.));
#2141=DIRECTION('',(1.77975831145993E-16,-1.,-6.23574048201124E-17));
#2142=DIRECTION('',(1.,1.77975831145993E-16,1.10981109509667E-32));
#2143=DIRECTION('',(-0.789352217376326,-1.78769360326943E-16,0.613940613514921));
#2144=DIRECTION('',(3.75075346157148E-16,6.23574048201125E-17,-1.));
#2145=DIRECTION('',(1.,1.77975831145993E-16,1.10981109509667E-32));
#2146=DIRECTION('',(-1.,-1.77975831145993E-16,-3.75075346157148E-16));
#2147=DIRECTION('',(-3.75075346157148E-16,0.,1.));
#2148=DIRECTION('',(-1.77975831145993E-16,1.,6.23574048201124E-17));
#2149=DIRECTION('',(3.75075346157148E-16,6.23574048201125E-17,-1.));
#2150=DIRECTION('',(-1.77975831145993E-16,1.,6.23574048201125E-17));
#2151=DIRECTION('',(3.75075346157148E-16,6.23574048201125E-17,-1.));
#2152=DIRECTION('',(0.,6.23574048201124E-17,-1.));
#2153=DIRECTION('',(0.,1.,6.23574048201124E-17));
#2154=DIRECTION('',(1.77975831145993E-16,-1.,-6.23574048201124E-17));
#2155=DIRECTION('',(1.,1.77975831145993E-16,1.10981109509667E-32));
#2156=DIRECTION('',(0.,6.23574048201124E-17,-1.));
#2157=DIRECTION('',(0.,1.,6.23574048201124E-17));
#2158=DIRECTION('',(-1.,-1.77975831145993E-16,0.));
#2159=DIRECTION('',(1.77975831145993E-16,-1.,0.));
#2160=DIRECTION('',(-1.10981109509667E-32,6.23574048201124E-17,-1.));
#2161=DIRECTION('',(1.77975831145993E-16,-1.,-6.23574048201124E-17));
#2162=DIRECTION('',(-1.10981109509667E-32,6.23574048201124E-17,-1.));
#2163=DIRECTION('',(0.,6.23574048201124E-17,-1.));
#2164=DIRECTION('',(0.,1.,6.23574048201124E-17));
#2165=DIRECTION('',(1.,1.77975831145993E-16,1.10981109509667E-32));
#2166=DIRECTION('',(0.,6.23574048201124E-17,-1.));
#2167=DIRECTION('',(0.,1.,6.23574048201124E-17));
#2168=DIRECTION('',(1.,1.77975831145993E-16,1.10981109509667E-32));
#2169=DIRECTION('',(1.77975831145993E-16,-1.,-6.23574048201124E-17));
#2170=DIRECTION('',(1.,1.77975831145993E-16,1.10981109509667E-32));
#2171=DIRECTION('',(3.75075346157148E-16,6.23574048201125E-17,-1.));
#2172=DIRECTION('',(0.789352217376326,1.78769360326943E-16,-0.613940613514921));
#2173=DIRECTION('',(-0.61394061351492,-1.58488546729188E-16,0.789352217376327));
#2174=DIRECTION('',(1.77975831145993E-16,-1.,-6.23574048201124E-17));
#2175=DIRECTION('',(-1.77975831145993E-16,1.,6.23574048201124E-17));
#2176=DIRECTION('',(-0.61394061351492,-1.58488546729188E-16,0.789352217376327));
#2177=DIRECTION('',(0.789352217376327,1.02201873582026E-16,0.61394061351492));
#2178=DIRECTION('',(-0.61394061351492,-1.58488546729188E-16,0.789352217376327));
#2179=DIRECTION('',(-0.789352217376327,-1.02201873582026E-16,-0.61394061351492));
#2180=DIRECTION('',(0.613940613514921,6.00446352000099E-17,0.789352217376326));
#2181=DIRECTION('',(-1.77975831145993E-16,1.,6.23574048201124E-17));
#2182=DIRECTION('',(0.613940613514921,6.00446352000099E-17,0.789352217376326));
#2183=DIRECTION('',(-0.789352217376326,-1.78769360326943E-16,0.613940613514921));
#2184=DIRECTION('',(1.77975831145993E-16,-1.,-6.23574048201125E-17));
#2185=DIRECTION('',(0.613940613514921,6.00446352000099E-17,0.789352217376326));
#2186=DIRECTION('',(0.789352217376326,1.78769360326943E-16,-0.613940613514921));
#2187=DIRECTION('',(-0.613940613514921,-1.58488546729188E-16,0.789352217376326));
#2188=DIRECTION('',(1.77975831145993E-16,-1.,-6.23574048201124E-17));
#2189=DIRECTION('',(-0.613940613514921,-1.58488546729188E-16,0.789352217376326));
#2190=DIRECTION('',(-0.789352217376326,-1.02201873582026E-16,-0.613940613514921));
#2191=DIRECTION('',(-1.77975831145993E-16,1.,6.23574048201125E-17));
#2192=DIRECTION('',(-0.613940613514921,-1.58488546729188E-16,0.789352217376326));
#2193=DIRECTION('',(0.789352217376326,1.02201873582026E-16,0.613940613514921));
#2194=DIRECTION('',(0.613940613514921,6.00446352000099E-17,0.789352217376326));
#2195=DIRECTION('',(-1.77975831145993E-16,1.,6.23574048201124E-17));
#2196=DIRECTION('',(1.77975831145993E-16,-1.,-6.23574048201124E-17));
#2197=DIRECTION('',(0.613940613514921,6.00446352000099E-17,0.789352217376326));
#2198=DIRECTION('',(0.789352217376326,1.78769360326943E-16,-0.613940613514921));
#2199=DIRECTION('',(0.613940613514921,6.00446352000099E-17,0.789352217376326));
#2200=DIRECTION('',(-0.789352217376326,-1.78769360326943E-16,0.613940613514921));
#2201=DIRECTION('',(-1.,-1.77975831145993E-16,-1.10981109509667E-32));
#2202=DIRECTION('',(1.77975831145993E-16,-1.,0.));
#2203=DIRECTION('',(-0.707106781186548,-1.6994126089614E-16,0.707106781186548));
#2204=DIRECTION('',(-0.707106781186548,-8.17545732851474E-17,-0.707106781186548));
#2205=DIRECTION('',(1.,1.77975831145993E-16,1.10981109509667E-32));
#2206=DIRECTION('',(-1.77975831145993E-16,1.,0.));
#2207=DIRECTION('',(0.707106781186548,8.17545732851474E-17,0.707106781186548));
#2208=DIRECTION('',(0.707106781186548,1.6994126089614E-16,-0.707106781186548));
#2209=DIRECTION('',(1.10981109509667E-32,-6.23574048201124E-17,1.));
#2210=DIRECTION('',(0.,-1.,-6.23574048201124E-17));
#2211=DIRECTION('',(1.39370403632967E-16,0.707106781186548,-0.707106781186548));
#2212=DIRECTION('',(3.91066237814254E-16,-0.707106781186548,-0.707106781186548));
#2213=DIRECTION('',(3.91066237814254E-16,-0.707106781186548,-0.707106781186548));
#2214=DIRECTION('',(1.39370403632967E-16,0.707106781186548,-0.707106781186548));
#2215=DIRECTION('',(-1.77975831145993E-16,1.,6.23574048201125E-17));
#2216=DIRECTION('',(-1.,-1.77975831145993E-16,0.));
#2217=DIRECTION('',(-1.39370403632967E-16,-0.707106781186548,0.707106781186548));
#2218=DIRECTION('',(-3.91066237814254E-16,0.707106781186548,0.707106781186548));
#2219=DIRECTION('',(-1.10981109509667E-32,6.23574048201124E-17,-1.));
#2220=DIRECTION('',(0.,1.,6.23574048201124E-17));
#2221=DIRECTION('',(-3.91066237814254E-16,0.707106781186548,0.707106781186548));
#2222=DIRECTION('',(-1.39370403632967E-16,-0.707106781186548,0.707106781186548));
#2223=DIRECTION('',(-1.77975831145993E-16,1.,6.23574048201124E-17));
#2224=DIRECTION('',(-1.,-1.77975831145993E-16,0.));
#2225=DIRECTION('',(-1.,-1.77975831145993E-16,-1.10981109509667E-32));
#2226=DIRECTION('',(1.77975831145993E-16,-1.,0.));
#2227=DIRECTION('',(-0.707106781186548,-1.6994126089614E-16,0.707106781186548));
#2228=DIRECTION('',(0.707106781186548,8.17545732851474E-17,0.707106781186548));
#2229=DIRECTION('',(1.,1.77975831145993E-16,1.10981109509667E-32));
#2230=DIRECTION('',(-1.77975831145993E-16,1.,0.));
#2231=DIRECTION('',(0.707106781186548,8.17545732851474E-17,0.707106781186548));
#2232=DIRECTION('',(0.707106781186548,1.6994126089614E-16,-0.707106781186548));
#2233=DIRECTION('',(-1.,-1.77975831145993E-16,-1.10981109509667E-32));
#2234=DIRECTION('',(1.77975831145993E-16,-1.,0.));
#2235=DIRECTION('',(-0.707106781186548,-8.17545732851474E-17,-0.707106781186548));
#2236=DIRECTION('',(0.707106781186548,1.6994126089614E-16,-0.707106781186548));
#2237=DIRECTION('',(1.,1.77975831145993E-16,1.10981109509667E-32));
#2238=DIRECTION('',(-1.77975831145993E-16,1.,0.));
#2239=DIRECTION('',(0.707106781186548,1.6994126089614E-16,-0.707106781186548));
#2240=DIRECTION('',(-0.707106781186548,-8.17545732851474E-17,-0.707106781186548));
#2241=DIRECTION('',(1.10981109509667E-32,-6.23574048201124E-17,1.));
#2242=DIRECTION('',(0.,-1.,-6.23574048201124E-17));
#2243=DIRECTION('',(1.39370403632967E-16,0.707106781186548,-0.707106781186548));
#2244=DIRECTION('',(3.91066237814254E-16,-0.707106781186548,-0.707106781186548));
#2245=DIRECTION('',(3.91066237814254E-16,-0.707106781186548,-0.707106781186548));
#2246=DIRECTION('',(1.39370403632967E-16,0.707106781186548,-0.707106781186548));
#2247=DIRECTION('',(-1.77975831145993E-16,1.,6.23574048201125E-17));
#2248=DIRECTION('',(-1.,-1.77975831145993E-16,0.));
#2249=DIRECTION('',(-1.39370403632967E-16,-0.707106781186548,0.707106781186548));
#2250=DIRECTION('',(-3.91066237814254E-16,0.707106781186548,0.707106781186548));
#2251=DIRECTION('',(-1.10981109509667E-32,6.23574048201124E-17,-1.));
#2252=DIRECTION('',(0.,1.,6.23574048201124E-17));
#2253=DIRECTION('',(-3.91066237814254E-16,0.707106781186548,0.707106781186548));
#2254=DIRECTION('',(-1.39370403632967E-16,-0.707106781186548,0.707106781186548));
#2255=DIRECTION('',(-1.77975831145993E-16,1.,6.23574048201124E-17));
#2256=DIRECTION('',(-1.,-1.77975831145993E-16,0.));
#2257=DIRECTION('',(3.83707237907615E-16,0.,1.));
#2258=DIRECTION('',(1.,0.,-3.83707237907615E-16));
#2259=DIRECTION('',(1.,-8.37436111989054E-33,-3.83707237907615E-16));
#2260=DIRECTION('',(3.83707237907615E-16,0.,1.));
#2261=DIRECTION('',(1.,0.,-3.83707237907615E-16));
#2262=DIRECTION('',(-1.,-1.77975831145993E-16,3.83707237907615E-16));
#2263=DIRECTION('',(-1.,-1.77975831145993E-16,3.83707237907615E-16));
#2264=DIRECTION('',(1.,-8.37436111989054E-33,-3.83707237907615E-16));
#2265=DIRECTION('',(-3.83707237907615E-16,0.,-1.));
#2266=DIRECTION('',(-1.,-1.77975831145993E-16,8.55552023373308E-16));
#2267=DIRECTION('',(8.55552023373308E-16,0.,1.));
#2268=DIRECTION('',(1.,1.77975831145993E-16,-8.55552023373308E-16));
#2269=DIRECTION('',(-8.55552023373308E-16,0.,-1.));
#2270=DIRECTION('',(-1.,-1.77975831145993E-16,3.83707237907615E-16));
#2271=DIRECTION('',(3.83707237907615E-16,0.,1.));
#2272=DIRECTION('',(1.,1.77975831145993E-16,-8.55552023373308E-16));
#2273=DIRECTION('',(-8.55552023373308E-16,0.,-1.));
#2274=DIRECTION('',(-1.,-1.77975831145993E-16,3.83707237907615E-16));
#2275=DIRECTION('',(3.83707237907615E-16,0.,1.));
#2276=CARTESIAN_POINT('',(0.,0.,0.));
#2277=CARTESIAN_POINT('',(-0.0674363991585372,0.00409506849006788,0.0516931473595794));
#2278=CARTESIAN_POINT('',(-0.0674363991585372,-0.0161049315099321,0.0205234867598626));
#2279=CARTESIAN_POINT('',(-0.0674363991585372,-0.0161049315099321,0.0165214867598627));
#2280=CARTESIAN_POINT('',(-0.0674363991585372,-0.0161049315099321,0.0138741019554111));
#2281=CARTESIAN_POINT('',(-0.0674363991585372,-0.0201049315099321,0.0165214867598627));
#2282=CARTESIAN_POINT('',(-0.0674363991585372,-0.0201049315099321,0.0205214867598627));
#2283=CARTESIAN_POINT('',(-0.0674363991585372,0.00409506849006788,0.0205214867598627));
#2284=CARTESIAN_POINT('',(-0.0674363991585372,-0.00783653860456592,0.0205214867598627));
#2285=CARTESIAN_POINT('',(-0.0674363991585372,-0.00783653860456592,0.0628214867598626));
#2286=CARTESIAN_POINT('',(-0.0674363991585372,-0.00783653860456587,0.0138741019554111));
#2287=CARTESIAN_POINT('',(-0.0674363991585372,0.00409506849006787,0.0138741019554111));
#2288=CARTESIAN_POINT('',(-0.0604363991585372,0.00409506849006787,0.0138741019554111));
#2289=CARTESIAN_POINT('',(-0.0674363991585372,0.00409506849006787,0.0138741019554111));
#2290=CARTESIAN_POINT('',(-0.0674363991585372,0.00137555844013283,0.0138741019554111));
#2291=CARTESIAN_POINT('',(-0.0674363991585372,0.0148950684900679,0.0138741019554111));
#2292=CARTESIAN_POINT('',(-0.0488863991585372,0.0148950684900679,0.0138741019554111));
#2293=CARTESIAN_POINT('',(-0.0473363991585372,0.0148950684900679,0.0138741019554111));
#2294=CARTESIAN_POINT('',(-0.0473363991585372,0.00409506849006788,0.0138741019554111));
#2295=CARTESIAN_POINT('',(-0.0473363991585372,-0.0161049315099321,0.0138741019554111));
#2296=CARTESIAN_POINT('',(-0.0488863991585372,-0.0161049315099321,0.0138741019554111));
#2297=CARTESIAN_POINT('',(-0.0819741712371524,-0.00323049008221655,0.0138741019554111));
#2298=CARTESIAN_POINT('',(-0.0674363991585372,0.00409506849006788,0.0516931473595794));
#2299=CARTESIAN_POINT('',(-0.0674363991585372,0.0255950684900679,0.0607121927637477));
#2300=CARTESIAN_POINT('',(-0.0674363991585372,0.0249950684900679,0.0615738771607284));
#2301=CARTESIAN_POINT('',(-0.0674363991585372,0.0255950684900679,0.0329121927637477));
#2302=CARTESIAN_POINT('',(-0.0674363991585372,0.0261950684900679,0.032050508366767));
#2303=CARTESIAN_POINT('',(-0.0674363991585372,0.0188950684900678,0.0468121927637477));
#2304=CARTESIAN_POINT('',(-0.0674363991585372,0.0188950684900678,0.0585121927637477));
#2305=CARTESIAN_POINT('',(-0.0674363991585372,0.0188950684900678,0.0351121927637477));
#2306=CARTESIAN_POINT('',(-0.0674363991585372,0.0255950684900679,0.0351121927637477));
#2307=CARTESIAN_POINT('',(-0.0674363991585372,0.0322950684900679,0.0351121927637477));
#2308=CARTESIAN_POINT('',(-0.0674363991585372,0.0322950684900679,0.0468121927637477));
#2309=CARTESIAN_POINT('',(-0.0674363991585372,0.0322950684900679,0.0585121927637477));
#2310=CARTESIAN_POINT('',(-0.0674363991585372,0.0255950684900679,0.0585121927637477));
#2311=CARTESIAN_POINT('',(-0.0674363991585372,0.0392950684900679,0.0516931473595794));
#2312=CARTESIAN_POINT('',(-0.0674363991585372,0.0392950684900679,0.0625121927637476));
#2313=CARTESIAN_POINT('',(-0.0674363991585372,0.0392950684900679,0.0245214867598627));
#2314=CARTESIAN_POINT('',(-0.0674363991585372,0.0352950684900678,0.0245214867598627));
#2315=CARTESIAN_POINT('',(-0.0674363991585372,0.0352950684900679,0.0205214867598627));
#2316=CARTESIAN_POINT('',(-0.0674363991585372,0.00409506849006787,0.0205214867598627));
#2317=CARTESIAN_POINT('',(-0.0674363991585372,0.0192695099177835,0.0205214867598627));
#2318=CARTESIAN_POINT('',(-0.0674363991585372,0.0192695099177835,0.0139214867598626));
#2319=CARTESIAN_POINT('',(-0.0674363991585372,0.0192695099177835,0.0281304867598626));
#2320=CARTESIAN_POINT('',(-0.0674363991585372,0.00959199888200819,0.0281304867598626));
#2321=CARTESIAN_POINT('',(-0.0674363991585372,0.00524174249232296,0.0281304867598626));
#2322=CARTESIAN_POINT('',(-0.0674363991585372,0.00524174249232296,0.0628214867598626));
#2323=CARTESIAN_POINT('',(-0.0674363991585372,0.00524174249232296,0.0628214867598626));
#2324=CARTESIAN_POINT('',(-0.0674363991585372,0.00409506849006787,0.0628214867598626));
#2325=CARTESIAN_POINT('',(-0.0674363991585372,0.00137555844013283,0.0628214867598626));
#2326=CARTESIAN_POINT('',(-0.0674363991585372,0.00137555844013283,0.0628214867598626));
#2327=CARTESIAN_POINT('',(-0.0674363991585372,0.00137555844013283,0.0795121927637476));
#2328=CARTESIAN_POINT('',(-0.0674363991585372,0.00409506849006787,0.0795121927637476));
#2329=CARTESIAN_POINT('',(-0.0674363991585372,0.0148950684900679,0.0795121927637476));
#2330=CARTESIAN_POINT('',(-0.0674363991585372,0.0148950684900679,0.0665121927637477));
#2331=CARTESIAN_POINT('',(-0.0674363991585372,0.0148950684900679,0.0705121927637477));
#2332=CARTESIAN_POINT('',(-0.0674363991585372,0.0188950684900678,0.0705121927637477));
#2333=CARTESIAN_POINT('',(-0.0674363991585372,0.0188950684900678,0.0665121927637477));
#2334=CARTESIAN_POINT('',(-0.0674363991585372,0.00409506849006787,0.0665121927637477));
#2335=CARTESIAN_POINT('',(-0.0674363991585372,0.0352950684900679,0.0665121927637477));
#2336=CARTESIAN_POINT('',(-0.0674363991585372,0.0352950684900679,0.0625121927637476));
#2337=CARTESIAN_POINT('',(-0.0604363991585372,0.00409506849006787,0.0795121927637476));
#2338=CARTESIAN_POINT('',(-0.0488863991585372,0.0148950684900679,0.0795121927637476));
#2339=CARTESIAN_POINT('',(-0.0473363991585372,0.0148950684900679,0.0795121927637476));
#2340=CARTESIAN_POINT('',(-0.0819741712371523,-0.00323049008221655,0.0795121927637477));
#2341=CARTESIAN_POINT('',(-0.0674363991585372,-0.00783653860456592,0.0795121927637477));
#2342=CARTESIAN_POINT('',(-0.0674363991585372,0.00409506849006787,0.0795121927637476));
#2343=CARTESIAN_POINT('',(-0.0674363991585372,-0.0161049315099321,0.0795121927637476));
#2344=CARTESIAN_POINT('',(-0.0488863991585372,-0.0161049315099321,0.0795121927637476));
#2345=CARTESIAN_POINT('',(-0.0473363991585372,-0.0161049315099321,0.0795121927637476));
#2346=CARTESIAN_POINT('',(-0.0473363991585372,0.0148950684900679,0.0795121927637476));
#2347=CARTESIAN_POINT('',(-0.0446696323983408,0.00489506849006787,0.0466931473595794));
#2348=CARTESIAN_POINT('',(-0.0373363991585371,0.00489506849006787,0.0362741927637475));
#2349=CARTESIAN_POINT('',(-0.0373363991585371,0.00489506849006787,0.0362741927637475));
#2350=CARTESIAN_POINT('',(-0.0304028656381443,0.00489506849006787,0.0416669410573864));
#2351=CARTESIAN_POINT('',(-0.0304028656381443,0.00489506849006787,0.062214777803442));
#2352=CARTESIAN_POINT('',(-0.0304028656381443,0.00489506849006787,0.0462741927637476));
#2353=CARTESIAN_POINT('',(-0.0346196323983408,0.00489506849006787,0.0462741927637476));
#2354=CARTESIAN_POINT('',(-0.0373363991585371,0.00489506849006787,0.0462741927637476));
#2355=CARTESIAN_POINT('',(-0.0373363991585371,0.00489506849006787,0.0659621927637476));
#2356=CARTESIAN_POINT('',(-0.0446696323983408,-0.00610493150993213,0.0466931473595794));
#2357=CARTESIAN_POINT('',(-0.0446696323983408,-0.00610493150993213,0.0447741927637475));
#2358=CARTESIAN_POINT('',(-0.0373363991585371,-0.00610493150993213,0.0447741927637475));
#2359=CARTESIAN_POINT('',(-0.0304028656381443,-0.00610493150993213,0.0447741927637475));
#2360=CARTESIAN_POINT('',(-0.0304028656381443,-0.00610493150993213,0.0466931473595794));
#2361=CARTESIAN_POINT('',(-0.0304028656381443,-0.00610493150993213,0.0416669410573864));
#2362=CARTESIAN_POINT('',(-0.0368563818730501,-0.00610493150993213,0.0366475395413486));
#2363=CARTESIAN_POINT('',(-0.0373363991585371,-0.00610493150993213,0.0362741927637475));
#2364=CARTESIAN_POINT('',(-0.0373363991585371,-0.00610493150993213,0.0659621927637476));
#2365=CARTESIAN_POINT('',(-0.0373363991585371,0.0148950684900679,0.0659621927637476));
#2366=CARTESIAN_POINT('',(-0.0373363991585371,0.0148950684900679,0.0659621927637476));
#2367=CARTESIAN_POINT('',(-0.0373363991585371,0.0148950684900679,0.0362741927637475));
#2368=CARTESIAN_POINT('',(-0.0373363991585371,0.0148950684900679,0.0238741019554112));
#2369=CARTESIAN_POINT('',(-0.0373363991585371,0.0148950684900679,0.0362741927637475));
#2370=CARTESIAN_POINT('',(-0.0373363991585371,0.0148950684900679,0.0462741927637476));
#2371=CARTESIAN_POINT('',(-0.0373363991585371,0.0133950684900679,0.0462741927637476));
#2372=CARTESIAN_POINT('',(-0.0373363991585371,0.0133950684900679,0.0447741927637475));
#2373=CARTESIAN_POINT('',(-0.0373363991585371,0.0148950684900679,0.0447741927637475));
#2374=CARTESIAN_POINT('',(-0.0373363991585371,0.0148950684900679,0.0659621927637476));
#2375=CARTESIAN_POINT('',(-0.0373363991585371,0.0148950684900679,0.0602741927637476));
#2376=CARTESIAN_POINT('',(-0.0373363991585371,0.0133950684900679,0.0602741927637476));
#2377=CARTESIAN_POINT('',(-0.0373363991585371,0.0133950684900679,0.0587741927637476));
#2378=CARTESIAN_POINT('',(-0.0373363991585371,0.0148950684900679,0.0587741927637476));
#2379=CARTESIAN_POINT('',(-0.0373363991585371,0.00489506849006787,0.0587741927637476));
#2380=CARTESIAN_POINT('',(-0.0373363991585371,0.00489506849006787,0.0659621927637476));
#2381=CARTESIAN_POINT('',(-0.0373363991585371,0.00489506849006787,0.0687741927637476));
#2382=CARTESIAN_POINT('',(-0.0373363991585371,0.0148950684900679,0.0687741927637476));
#2383=CARTESIAN_POINT('',(-0.0373363991585371,0.0148950684900679,0.0687741927637476));
#2384=CARTESIAN_POINT('',(-0.0373363991585371,0.0148950684900679,0.0659621927637476));
#2385=CARTESIAN_POINT('',(-0.0373363991585371,0.0148950684900679,0.0695121927637477));
#2386=CARTESIAN_POINT('',(-0.0373363991585371,-0.0161049315099321,0.0695121927637477));
#2387=CARTESIAN_POINT('',(-0.0373363991585371,-0.0161049315099321,0.0695121927637477));
#2388=CARTESIAN_POINT('',(-0.0373363991585371,-0.0161049315099321,0.0659621927637476));
#2389=CARTESIAN_POINT('',(-0.0373363991585371,-0.0161049315099321,0.0687741927637476));
#2390=CARTESIAN_POINT('',(-0.0373363991585371,-0.00610493150993214,0.0687741927637476));
#2391=CARTESIAN_POINT('',(-0.0373363991585371,-0.00610493150993213,0.0687741927637476));
#2392=CARTESIAN_POINT('',(-0.0373363991585371,-0.00610493150993213,0.0659621927637476));
#2393=CARTESIAN_POINT('',(-0.0373363991585371,-0.00610493150993213,0.0602741927637476));
#2394=CARTESIAN_POINT('',(-0.0373363991585371,-0.00760493150993213,0.0602741927637476));
#2395=CARTESIAN_POINT('',(-0.0373363991585371,-0.00760493150993213,0.0587741927637476));
#2396=CARTESIAN_POINT('',(-0.0373363991585371,-0.00610493150993213,0.0587741927637476));
#2397=CARTESIAN_POINT('',(-0.0373363991585371,-0.0146049315099321,0.0587741927637476));
#2398=CARTESIAN_POINT('',(-0.0373363991585371,-0.0146049315099321,0.0602741927637476));
#2399=CARTESIAN_POINT('',(-0.0373363991585371,-0.0161049315099321,0.0602741927637476));
#2400=CARTESIAN_POINT('',(-0.0373363991585371,-0.0161049315099321,0.0659621927637476));
#2401=CARTESIAN_POINT('',(-0.0373363991585371,-0.0161049315099321,0.0447741927637475));
#2402=CARTESIAN_POINT('',(-0.0373363991585371,-0.0146049315099321,0.0447741927637475));
#2403=CARTESIAN_POINT('',(-0.0373363991585371,-0.0146049315099321,0.0462741927637476));
#2404=CARTESIAN_POINT('',(-0.0373363991585371,-0.00610493150993213,0.0462741927637476));
#2405=CARTESIAN_POINT('',(-0.0373363991585371,-0.00760493150993213,0.0462741927637476));
#2406=CARTESIAN_POINT('',(-0.0373363991585371,-0.00760493150993213,0.0447741927637475));
#2407=CARTESIAN_POINT('',(-0.0373363991585371,0.0148950684900679,0.0362741927637475));
#2408=CARTESIAN_POINT('',(-0.0373363991585371,-0.0161049315099321,0.0362741927637475));
#2409=CARTESIAN_POINT('',(-0.0373363991585371,-0.0161049315099321,0.0659621927637476));
#2410=CARTESIAN_POINT('',(-0.0373363991585371,-0.0161049315099321,0.0238741019554112));
#2411=CARTESIAN_POINT('',(-0.0373363991585371,0.0148950684900679,0.0238741019554112));
#2412=CARTESIAN_POINT('',(-0.0819741712371524,-0.00323049008221659,0.0139214867598626));
#2413=CARTESIAN_POINT('',(-0.0674363991585372,-0.0204032354361265,0.0139214867598626));
#2414=CARTESIAN_POINT('',(-0.0674363991585371,-0.0204032354361265,0.0628214867598627));
#2415=CARTESIAN_POINT('',(-0.0674363991585372,-0.0204032354361265,0.0281304867598626));
#2416=CARTESIAN_POINT('',(-0.0819741712371524,-0.00323049008221659,0.0628214867598626));
#2417=CARTESIAN_POINT('',(-0.102086076320528,-0.0133181693949859,0.0628214867598627));
#2418=CARTESIAN_POINT('',(-0.102086076320528,-0.0133181693949859,0.0628214867598627));
#2419=CARTESIAN_POINT('',(-0.102086076320528,-0.0133181693949859,0.0281304867598627));
#2420=CARTESIAN_POINT('',(-0.0819741712371524,-0.00323049008221659,0.0281304867598626));
#2421=CARTESIAN_POINT('',(-0.0819741712371524,0.0192695099177835,0.0281304867598626));
#2422=CARTESIAN_POINT('',(-0.0819741712371524,0.0192695099177835,0.0139214867598626));
#2423=CARTESIAN_POINT('',(-0.0819741712371524,0.0192695099177835,0.0205214867598627));
#2424=CARTESIAN_POINT('',(-0.0819741712371524,-0.00323049008221659,0.0205214867598627));
#2425=CARTESIAN_POINT('',(-0.0819741712371524,-0.0257304900822166,0.0205214867598627));
#2426=CARTESIAN_POINT('',(-0.0819741712371524,-0.0257304900822166,0.0139214867598626));
#2427=CARTESIAN_POINT('',(-0.0819741712371524,-0.0257304900822166,0.0281304867598626));
#2428=CARTESIAN_POINT('',(-0.0819741712371524,-0.00323049008221659,0.0281304867598626));
#2429=CARTESIAN_POINT('',(-0.0819741712371524,0.00409506849006787,0.0628214867598626));
#2430=CARTESIAN_POINT('',(-0.0674363991585372,0.00409506849006787,0.0628214867598626));
#2431=CARTESIAN_POINT('',(-0.0674363991585372,-0.00783653860456592,0.0628214867598626));
#2432=CARTESIAN_POINT('',(-0.0819741712371523,-0.00323049008221655,0.0628214867598626));
#2433=CARTESIAN_POINT('',(-0.0956695834075017,-0.00993855876733346,0.0628214867598627));
#2434=CARTESIAN_POINT('',(-0.098877829864015,-0.0116283640811597,0.0628214867598627));
#2435=CARTESIAN_POINT('',(-0.0819741712371524,0.00409506849006787,0.0628214867598626));
#2436=CARTESIAN_POINT('',(-0.0649773749347083,0.00665631305820346,0.0628214867598626));
#2437=CARTESIAN_POINT('',(-0.0688028059050265,0.00445570763106619,0.0628214867598626));
#2438=CARTESIAN_POINT('',(-0.0819741712371523,-0.00323049008221655,0.0628214867598626));
#2439=CARTESIAN_POINT('',(-0.0819741712371524,0.00409506849006787,0.0205214867598627));
#2440=CARTESIAN_POINT('',(-0.0819741712371524,-0.00323049008221655,0.0205214867598627));
#2441=CARTESIAN_POINT('',(-0.0894741712371524,-0.00323049008221655,0.0205214867598627));
#2442=CARTESIAN_POINT('',(-0.0604363991585372,-0.0201049315099321,0.0205214867598627));
#2443=CARTESIAN_POINT('',(-0.0604363991585372,-0.0201049315099321,0.0205214867598627));
#2444=CARTESIAN_POINT('',(-0.0604363991585372,0.00409506849006787,0.0205214867598627));
#2445=CARTESIAN_POINT('',(-0.0604363991585372,-0.0257304900822166,0.0205214867598627));
#2446=CARTESIAN_POINT('',(-0.0747052851978448,-0.0257304900822166,0.0205214867598627));
#2447=CARTESIAN_POINT('',(-0.0747052851978448,0.0192695099177835,0.0205214867598627));
#2448=CARTESIAN_POINT('',(-0.0819741712371524,0.0352950684900678,0.0205214867598627));
#2449=CARTESIAN_POINT('',(-0.0604363991585372,0.0352950684900679,0.0205214867598627));
#2450=CARTESIAN_POINT('',(-0.0604363991585372,0.00409506849006787,0.0205214867598627));
#2451=CARTESIAN_POINT('',(-0.0604363991585372,0.0188950684900678,0.0205214867598627));
#2452=CARTESIAN_POINT('',(-0.0819741712371524,0.0188950684900678,0.0205214867598627));
#2453=CARTESIAN_POINT('',(-0.0674363991585372,0.0188950684900678,0.0205214867598627));
#2454=CARTESIAN_POINT('',(-0.0674363991585372,0.00409506849006788,0.0205214867598627));
#2455=CARTESIAN_POINT('',(-0.0674363991585372,0.00137555844013283,0.0205214867598627));
#2456=CARTESIAN_POINT('',(-0.0819741712371524,-0.00323049008221655,0.0205214867598627));
#2457=CARTESIAN_POINT('',(-0.0649773749347083,0.00665631305820346,0.0628214867598626));
#2458=CARTESIAN_POINT('',(-0.0681196025317818,0.00484872506169457,0.0281304867598626));
#2459=CARTESIAN_POINT('',(-0.0688028059050265,0.00445570763106619,0.0281304867598626));
#2460=CARTESIAN_POINT('',(-0.0688028059050265,0.00445570763106619,0.0628214867598626));
#2461=CARTESIAN_POINT('',(-0.0747052851978448,0.0192695099177835,0.0139214867598626));
#2462=CARTESIAN_POINT('',(-0.0747052851978448,0.0192695099177835,0.0281304867598626));
#2463=CARTESIAN_POINT('',(-0.0747052851978448,-0.0257304900822166,0.0139214867598626));
#2464=CARTESIAN_POINT('',(-0.0604363991585372,-0.0257304900822166,0.0516931473595794));
#2465=CARTESIAN_POINT('',(-0.0604363991585372,-0.0257304900822166,0.0625121927637476));
#2466=CARTESIAN_POINT('',(-0.0747052851978448,-0.0257304900822166,0.0625121927637476));
#2467=CARTESIAN_POINT('',(-0.0674363991585372,-0.0257304900822166,0.0625121927637476));
#2468=CARTESIAN_POINT('',(-0.0674363991585372,-0.0257304900822166,0.0516931473595794));
#2469=CARTESIAN_POINT('',(-0.0674363991585372,-0.0257304900822166,0.0281304867598626));
#2470=CARTESIAN_POINT('',(-0.0747052851978448,-0.0257304900822166,0.0281304867598626));
#2471=CARTESIAN_POINT('',(-0.0819741712371524,-0.00323049008221655,0.0139214867598626));
#2472=CARTESIAN_POINT('',(-0.0819741712371524,-0.00323049008221655,0.0281304867598626));
#2473=CARTESIAN_POINT('',(-0.0819741712371524,0.00426950991778345,0.0281304867598626));
#2474=CARTESIAN_POINT('',(-0.098877829864015,-0.0116283640811597,0.0628214867598627));
#2475=CARTESIAN_POINT('',(-0.079162077571795,-0.00124394273415303,0.0281304867598626));
#2476=CARTESIAN_POINT('',(-0.0956695834075018,-0.00993855876733345,0.0281304867598626));
#2477=CARTESIAN_POINT('',(-0.0956695834075017,-0.00993855876733346,0.0628214867598627));
#2478=CARTESIAN_POINT('',(-0.0819741712371523,-0.00323049008221655,0.0628214867598626));
#2479=CARTESIAN_POINT('',(-0.0674363991585372,-0.00783653860456592,0.0628214867598626));
#2480=CARTESIAN_POINT('',(-0.0819741712371538,-0.00323049008221724,0.0281304867598626));
#2481=CARTESIAN_POINT('',(-0.0819741712371524,0.00409506849006787,0.0281304867598626));
#2482=CARTESIAN_POINT('',(-0.0819741712371524,0.00409506849006787,0.0281304867598626));
#2483=CARTESIAN_POINT('',(-0.0674363991585372,-0.0141198870203462,0.0281304867598626));
#2484=CARTESIAN_POINT('',(-0.0674363991585372,0.00409506849006788,0.0516931473595794));
#2485=CARTESIAN_POINT('',(-0.0674363991585372,0.0188950684900678,0.0165214867598627));
#2486=CARTESIAN_POINT('',(-0.0674363991585372,0.0148950684900679,0.0165214867598627));
#2487=CARTESIAN_POINT('',(-0.0674363991585372,0.0148950684900679,0.0205234867598626));
#2488=CARTESIAN_POINT('',(-0.0674363991585372,0.00137555844013283,0.0628214867598626));
#2489=CARTESIAN_POINT('',(-0.0674363991585372,0.00409506849006788,0.0516931473595794));
#2490=CARTESIAN_POINT('',(-0.0674363991585372,-0.0217304900822166,0.0625121927637476));
#2491=CARTESIAN_POINT('',(-0.0674363991585372,-0.0217304900822166,0.0665121927637477));
#2492=CARTESIAN_POINT('',(-0.0674363991585372,0.00409506849006787,0.0665121927637477));
#2493=CARTESIAN_POINT('',(-0.0674363991585372,-0.0161049315099321,0.0665121927637477));
#2494=CARTESIAN_POINT('',(-0.0674363991585372,-0.0161049315099321,0.0665121927637477));
#2495=CARTESIAN_POINT('',(-0.0604363991585372,0.0188950684900678,0.0468121927637477));
#2496=CARTESIAN_POINT('',(-0.0604363991585372,0.0188950684900678,0.0585121927637477));
#2497=CARTESIAN_POINT('',(-0.0604363991585372,0.0188950684900678,0.0585121927637477));
#2498=CARTESIAN_POINT('',(-0.0604363991585372,0.0188950684900678,0.0468121927637477));
#2499=CARTESIAN_POINT('',(-0.0604363991585372,0.0188950684900678,0.0351121927637477));
#2500=CARTESIAN_POINT('',(-0.0604363991585372,0.0188950684900678,0.0351121927637477));
#2501=CARTESIAN_POINT('',(-0.0604363991585372,0.0255950684900679,0.0585121927637477));
#2502=CARTESIAN_POINT('',(-0.0604363991585372,0.0322950684900679,0.0585121927637477));
#2503=CARTESIAN_POINT('',(-0.0604363991585372,0.0322950684900679,0.0585121927637477));
#2504=CARTESIAN_POINT('',(-0.0604363991585372,0.0255950684900679,0.0585121927637477));
#2505=CARTESIAN_POINT('',(-0.0604363991585372,0.0322950684900679,0.0468121927637477));
#2506=CARTESIAN_POINT('',(-0.0604363991585372,0.0322950684900679,0.0351121927637477));
#2507=CARTESIAN_POINT('',(-0.0604363991585372,0.0322950684900679,0.0351121927637477));
#2508=CARTESIAN_POINT('',(-0.0604363991585372,0.0322950684900679,0.0468121927637477));
#2509=CARTESIAN_POINT('',(-0.0604363991585372,0.0255950684900679,0.0329121927637477));
#2510=CARTESIAN_POINT('',(-0.0604363991585372,0.0255950684900679,0.0329121927637477));
#2511=CARTESIAN_POINT('',(-0.0604363991585372,0.0261950684900679,0.032050508366767));
#2512=CARTESIAN_POINT('',(-0.0604363991585372,0.0392950684900679,0.0516931473595794));
#2513=CARTESIAN_POINT('',(-0.0604363991585372,0.0392950684900679,0.0516931473595794));
#2514=CARTESIAN_POINT('',(-0.0604363991585372,0.0392950684900679,0.0625121927637476));
#2515=CARTESIAN_POINT('',(-0.0604363991585372,0.0392950684900679,0.0245214867598627));
#2516=CARTESIAN_POINT('',(-0.0604363991585372,0.0392950684900679,0.0245214867598627));
#2517=CARTESIAN_POINT('',(-0.0604363991585372,0.0392950684900679,0.0625121927637476));
#2518=CARTESIAN_POINT('',(-0.0604363991585372,0.0255950684900679,0.0351121927637477));
#2519=CARTESIAN_POINT('',(-0.0604363991585372,0.0255950684900679,0.0351121927637477));
#2520=CARTESIAN_POINT('',(-0.0604363991585372,0.0255950684900679,0.0607121927637477));
#2521=CARTESIAN_POINT('',(-0.0604363991585372,0.0255950684900679,0.0607121927637477));
#2522=CARTESIAN_POINT('',(-0.0604363991585372,0.0249950684900679,0.0615738771607284));
#2523=CARTESIAN_POINT('',(-0.0819741712371523,-0.00323049008221655,0.0628214867598626));
#2524=CARTESIAN_POINT('',(-0.0604363991585372,0.00409506849006788,0.0516931473595794));
#2525=CARTESIAN_POINT('',(-0.0604363991585372,0.00409506849006787,0.0665121927637477));
#2526=CARTESIAN_POINT('',(-0.0604363991585372,-0.0217304900822166,0.0665121927637477));
#2527=CARTESIAN_POINT('',(-0.0604363991585372,-0.0161049315099321,0.0665121927637477));
#2528=CARTESIAN_POINT('',(-0.0604363991585372,-0.0217304900822166,0.0625121927637476));
#2529=CARTESIAN_POINT('',(-0.0604363991585372,-0.0201049315099321,0.0165214867598627));
#2530=CARTESIAN_POINT('',(-0.0604363991585372,-0.0161049315099321,0.0165214867598626));
#2531=CARTESIAN_POINT('',(-0.0604363991585372,-0.0161049315099321,0.0516931473595794));
#2532=CARTESIAN_POINT('',(-0.0604363991585372,-0.0161049315099321,0.0466741019554111));
#2533=CARTESIAN_POINT('',(-0.0604363991585372,0.0148950684900679,0.0466741019554111));
#2534=CARTESIAN_POINT('',(-0.0604363991585372,0.0148950684900679,0.0466741019554111));
#2535=CARTESIAN_POINT('',(-0.0604363991585372,0.0148950684900679,0.0516931473595794));
#2536=CARTESIAN_POINT('',(-0.0604363991585372,0.0148950684900679,0.0165214867598627));
#2537=CARTESIAN_POINT('',(-0.0604363991585372,0.0188950684900678,0.0165214867598627));
#2538=CARTESIAN_POINT('',(-0.0604363991585372,0.0352950684900679,0.0245214867598627));
#2539=CARTESIAN_POINT('',(-0.0604363991585372,0.0352950684900679,0.0625121927637476));
#2540=CARTESIAN_POINT('',(-0.0604363991585372,0.0352950684900679,0.0665121927637477));
#2541=CARTESIAN_POINT('',(-0.0604363991585372,0.00409506849006787,0.0665121927637477));
#2542=CARTESIAN_POINT('',(-0.0604363991585372,0.0188950684900678,0.0665121927637477));
#2543=CARTESIAN_POINT('',(-0.0604363991585372,0.0188950684900678,0.0705121927637477));
#2544=CARTESIAN_POINT('',(-0.0604363991585372,0.0148950684900679,0.0705121927637477));
#2545=CARTESIAN_POINT('',(-0.0604363991585372,0.0148950684900679,0.0516931473595794));
#2546=CARTESIAN_POINT('',(-0.0604363991585372,0.0148950684900679,0.0467121927637477));
#2547=CARTESIAN_POINT('',(-0.0604363991585372,0.00409506849006788,0.0467121927637477));
#2548=CARTESIAN_POINT('',(-0.0604363991585372,-0.0161049315099321,0.0467121927637477));
#2549=CARTESIAN_POINT('',(-0.0604363991585372,-0.0161049315099321,0.0516931473595794));
#2550=CARTESIAN_POINT('',(-0.0513863991585372,0.0148950684900679,0.0524121927637476));
#2551=CARTESIAN_POINT('',(-0.0513863991585372,0.0148950684900679,0.0524121927637476));
#2552=CARTESIAN_POINT('',(-0.0480363991585372,0.0148950684900679,0.0524121927637476));
#2553=CARTESIAN_POINT('',(-0.0547363991585372,0.0148950684900679,0.0524121927637476));
#2554=CARTESIAN_POINT('',(-0.0480363991585372,0.0148950684900679,0.0524121927637476));
#2555=CARTESIAN_POINT('',(-0.0480363991585371,-0.0161049315099321,0.0524121927637476));
#2556=CARTESIAN_POINT('',(-0.0513863991585372,-0.0161049315099321,0.0524121927637476));
#2557=CARTESIAN_POINT('',(-0.0547363991585372,-0.0161049315099321,0.0524121927637476));
#2558=CARTESIAN_POINT('',(-0.0547363991585372,0.0148950684900679,0.0524121927637476));
#2559=CARTESIAN_POINT('',(-0.0423363991585371,0.0148950684900679,0.0466931473595794));
#2560=CARTESIAN_POINT('',(-0.0423363991585371,-0.0161049315099321,0.0466931473595794));
#2561=CARTESIAN_POINT('',(-0.0423363991585371,-0.0161049315099321,0.0467121927637477));
#2562=CARTESIAN_POINT('',(-0.0423363991585371,-0.0161049315099321,0.0466741019554111));
#2563=CARTESIAN_POINT('',(-0.0423363991585371,0.0148950684900679,0.0467121927637477));
#2564=CARTESIAN_POINT('',(-0.0423363991585371,0.0148950684900679,0.0467121927637477));
#2565=CARTESIAN_POINT('',(-0.0423363991585371,0.0148950684900679,0.0466931473595794));
#2566=CARTESIAN_POINT('',(-0.0423363991585371,0.0148950684900679,0.0466741019554111));
#2567=CARTESIAN_POINT('',(-0.0423363991585371,-0.0161049315099321,0.0466741019554111));
#2568=CARTESIAN_POINT('',(-0.0513863991585372,0.0148950684900679,0.0409741019554111));
#2569=CARTESIAN_POINT('',(-0.0513863991585372,-0.0161049315099321,0.0409741019554111));
#2570=CARTESIAN_POINT('',(-0.0480363991585371,-0.0161049315099321,0.0409741019554111));
#2571=CARTESIAN_POINT('',(-0.0547363991585372,-0.0161049315099321,0.0409741019554111));
#2572=CARTESIAN_POINT('',(-0.0480363991585372,0.0148950684900679,0.0409741019554111));
#2573=CARTESIAN_POINT('',(-0.0480363991585372,0.0148950684900679,0.0409741019554111));
#2574=CARTESIAN_POINT('',(-0.0513863991585372,0.0148950684900679,0.0409741019554111));
#2575=CARTESIAN_POINT('',(-0.0547363991585372,0.0148950684900679,0.0409741019554111));
#2576=CARTESIAN_POINT('',(-0.0547363991585372,-0.0161049315099321,0.0409741019554111));
#2577=CARTESIAN_POINT('',(-0.0498863991585372,0.0148950684900679,0.0659621927637476));
#2578=CARTESIAN_POINT('',(-0.0498863991585372,0.0148950684900679,0.0659621927637476));
#2579=CARTESIAN_POINT('',(-0.0403363991585372,0.0148950684900679,0.0659621927637476));
#2580=CARTESIAN_POINT('',(-0.0498863991585372,-0.0161049315099321,0.0659621927637476));
#2581=CARTESIAN_POINT('',(-0.0403363991585372,-0.0161049315099321,0.0659621927637476));
#2582=CARTESIAN_POINT('',(-0.0498863991585372,0.0148950684900679,0.0274241019554112));
#2583=CARTESIAN_POINT('',(-0.0498863991585372,0.0148950684900679,0.0274241019554112));
#2584=CARTESIAN_POINT('',(-0.0403363991585372,0.0148950684900679,0.0274241019554112));
#2585=CARTESIAN_POINT('',(-0.0498863991585372,-0.0161049315099321,0.0274241019554111));
#2586=CARTESIAN_POINT('',(-0.0403363991585372,-0.0161049315099321,0.0274241019554111));
#2587=CARTESIAN_POINT('',(-0.0523863991585372,0.0148950684900679,0.0466931473595794));
#2588=CARTESIAN_POINT('',(-0.0523863991585372,0.0148950684900679,0.0165214867598626));
#2589=CARTESIAN_POINT('',(-0.0547363991585372,0.0148950684900679,0.0466741019554111));
#2590=CARTESIAN_POINT('',(-0.0480363991585372,0.0148950684900679,0.0466741019554111));
#2591=CARTESIAN_POINT('',(-0.0480363991585372,0.0148950684900679,0.0467121927637477));
#2592=CARTESIAN_POINT('',(-0.0547363991585372,0.0148950684900679,0.0467121927637477));
#2593=CARTESIAN_POINT('',(-0.0523863991585372,0.0148950684900679,0.0705121927637477));
#2594=CARTESIAN_POINT('',(-0.0473363991585372,0.0148950684900679,0.0695121927637477));
#2595=CARTESIAN_POINT('',(-0.0360128925395941,0.0148950684900679,0.0677447987267919));
#2596=CARTESIAN_POINT('',(-0.0304028656381443,0.0148950684900679,0.0633814444701087));
#2597=CARTESIAN_POINT('',(-0.0304028656381443,0.0148950684900679,0.0466931473595794));
#2598=CARTESIAN_POINT('',(-0.0304028656381443,0.0148950684900679,0.0602741927637476));
#2599=CARTESIAN_POINT('',(-0.0373363991585371,0.0148950684900679,0.0602741927637476));
#2600=CARTESIAN_POINT('',(-0.0523863991585372,0.0148950684900679,0.0447741927637475));
#2601=CARTESIAN_POINT('',(-0.0304028656381443,0.0148950684900679,0.0447741927637475));
#2602=CARTESIAN_POINT('',(-0.0304028656381443,0.0148950684900679,0.0466931473595794));
#2603=CARTESIAN_POINT('',(-0.0304028656381443,0.0148950684900679,0.0416669410573864));
#2604=CARTESIAN_POINT('',(-0.0416645211620956,0.0148950684900679,0.0329078756498688));
#2605=CARTESIAN_POINT('',(-0.0473363991585372,0.0148950684900679,0.0238741019554112));
#2606=CARTESIAN_POINT('',(-0.0523863991585372,-0.0161049315099321,0.0466931473595794));
#2607=CARTESIAN_POINT('',(-0.0674363991585372,-0.0161049315099321,0.0165214867598627));
#2608=CARTESIAN_POINT('',(-0.0473363991585372,-0.0161049315099321,0.0238741019554112));
#2609=CARTESIAN_POINT('',(-0.0373363991585371,-0.0161049315099321,0.0362741927637475));
#2610=CARTESIAN_POINT('',(-0.0304028656381443,-0.0161049315099321,0.0416669410573864));
#2611=CARTESIAN_POINT('',(-0.0304028656381443,-0.0161049315099321,0.062214777803442));
#2612=CARTESIAN_POINT('',(-0.0304028656381443,-0.0161049315099321,0.0447741927637475));
#2613=CARTESIAN_POINT('',(-0.0373363991585371,-0.0161049315099321,0.0447741927637475));
#2614=CARTESIAN_POINT('',(-0.0523863991585372,-0.0161049315099321,0.0602741927637476));
#2615=CARTESIAN_POINT('',(-0.0304028656381443,-0.0161049315099321,0.0602741927637476));
#2616=CARTESIAN_POINT('',(-0.0304028656381443,-0.0161049315099321,0.062214777803442));
#2617=CARTESIAN_POINT('',(-0.0304028656381443,-0.0161049315099321,0.0633814444701087));
#2618=CARTESIAN_POINT('',(-0.0283363991585372,-0.0161049315099321,0.0617741927637475));
#2619=CARTESIAN_POINT('',(-0.0473363991585372,-0.0161049315099321,0.0695121927637477));
#2620=CARTESIAN_POINT('',(-0.0639363991585371,-0.0161049315099321,0.0665121927637477));
#2621=CARTESIAN_POINT('',(-0.0547363991585372,-0.0161049315099321,0.0467121927637477));
#2622=CARTESIAN_POINT('',(-0.0480363991585371,-0.0161049315099321,0.0467121927637477));
#2623=CARTESIAN_POINT('',(-0.0480363991585371,-0.0161049315099321,0.0466741019554111));
#2624=CARTESIAN_POINT('',(-0.0547363991585372,-0.0161049315099321,0.0466741019554111));
#2625=CARTESIAN_POINT('',(-0.0473363991585372,0.00409506849006788,0.0238741019554112));
#2626=CARTESIAN_POINT('',(-0.0473363991585372,0.0148950684900679,0.0695121927637477));
#2627=CARTESIAN_POINT('',(-0.0480363991585372,0.0148950684900679,0.0467121927637477));
#2628=CARTESIAN_POINT('',(-0.0480363991585372,0.0148950684900679,0.0466741019554111));
#2629=CARTESIAN_POINT('',(-0.0547363991585372,0.0148950684900679,0.0466741019554111));
#2630=CARTESIAN_POINT('',(-0.0547363991585372,0.00409506849006788,0.0467121927637477));
#2631=CARTESIAN_POINT('',(-0.0346196323983408,-0.00610493150993213,0.0587741927637476));
#2632=CARTESIAN_POINT('',(-0.0319028656381443,-0.00760493150993213,0.0587741927637476));
#2633=CARTESIAN_POINT('',(-0.0319028656381443,-0.00760493150993213,0.0587741927637476));
#2634=CARTESIAN_POINT('',(-0.0319028656381443,-0.00610493150993213,0.0587741927637476));
#2635=CARTESIAN_POINT('',(-0.0319028656381443,-0.0146049315099321,0.0587741927637476));
#2636=CARTESIAN_POINT('',(-0.0346196323983408,-0.0146049315099321,0.0587741927637476));
#2637=CARTESIAN_POINT('',(-0.0319028656381443,-0.00610493150993213,0.0525241927637476));
#2638=CARTESIAN_POINT('',(-0.0319028656381443,-0.00760493150993213,0.0462741927637476));
#2639=CARTESIAN_POINT('',(-0.0319028656381443,-0.00760493150993213,0.0462741927637476));
#2640=CARTESIAN_POINT('',(-0.0319028656381443,-0.00610493150993213,0.0462741927637476));
#2641=CARTESIAN_POINT('',(-0.0319028656381443,-0.0146049315099321,0.0462741927637476));
#2642=CARTESIAN_POINT('',(-0.0319028656381443,-0.0146049315099321,0.0525241927637476));
#2643=CARTESIAN_POINT('',(-0.0346196323983408,-0.00610493150993213,0.0462741927637476));
#2644=CARTESIAN_POINT('',(-0.0346196323983408,-0.00760493150993213,0.0462741927637476));
#2645=CARTESIAN_POINT('',(-0.0319028656381443,-0.0146049315099321,0.0462741927637476));
#2646=CARTESIAN_POINT('',(-0.0289028656381443,-0.00610493150993213,0.0525241927637476));
#2647=CARTESIAN_POINT('',(-0.0289028656381443,-0.00610493150993213,0.0435672334325517));
#2648=CARTESIAN_POINT('',(-0.0289028656381443,-0.0146049315099321,0.0435672334325517));
#2649=CARTESIAN_POINT('',(-0.0289028656381443,-0.00760493150993213,0.0435672334325517));
#2650=CARTESIAN_POINT('',(-0.0289028656381443,-0.00760493150993213,0.0525241927637476));
#2651=CARTESIAN_POINT('',(-0.0289028656381443,-0.00760493150993213,0.0614811520949435));
#2652=CARTESIAN_POINT('',(-0.0289028656381443,-0.00610493150993213,0.0614811520949435));
#2653=CARTESIAN_POINT('',(-0.0289028656381443,-0.0146049315099321,0.0614811520949435));
#2654=CARTESIAN_POINT('',(-0.0289028656381443,-0.0146049315099321,0.0428336077240531));
#2655=CARTESIAN_POINT('',(-0.0446696323983408,-0.00610493150993213,0.0466931473595794));
#2656=CARTESIAN_POINT('',(-0.0312047532505486,-0.00610493150993213,0.0640051348353121));
#2657=CARTESIAN_POINT('',(-0.0304028656381443,-0.00610493150993213,0.0633814444701087));
#2658=CARTESIAN_POINT('',(-0.0304028656381443,-0.00610493150993213,0.0466931473595794));
#2659=CARTESIAN_POINT('',(-0.0304028656381443,-0.00610493150993213,0.0602741927637476));
#2660=CARTESIAN_POINT('',(-0.0373363991585371,-0.00610493150993213,0.0602741927637476));
#2661=CARTESIAN_POINT('',(-0.0289028656381443,0.0148950684900679,0.0525241927637476));
#2662=CARTESIAN_POINT('',(-0.0289028656381443,0.0148950684900679,0.0614811520949435));
#2663=CARTESIAN_POINT('',(-0.0289028656381443,0.0133950684900679,0.0614811520949435));
#2664=CARTESIAN_POINT('',(-0.0289028656381443,0.00639506849006787,0.0614811520949435));
#2665=CARTESIAN_POINT('',(-0.0289028656381443,0.00639506849006787,0.0428336077240531));
#2666=CARTESIAN_POINT('',(-0.0289028656381443,0.00639506849006787,0.0435672334325517));
#2667=CARTESIAN_POINT('',(-0.0289028656381443,0.0148950684900679,0.0435672334325517));
#2668=CARTESIAN_POINT('',(-0.0289028656381443,0.0133950684900679,0.0435672334325517));
#2669=CARTESIAN_POINT('',(-0.0289028656381443,0.0133950684900679,0.0525241927637476));
#2670=CARTESIAN_POINT('',(-0.0346196323983408,0.0148950684900679,0.0462741927637476));
#2671=CARTESIAN_POINT('',(-0.0319028656381443,0.0148950684900679,0.0462741927637476));
#2672=CARTESIAN_POINT('',(-0.0319028656381443,0.0133950684900679,0.0462741927637476));
#2673=CARTESIAN_POINT('',(-0.0319028656381443,0.00639506849006787,0.0462741927637476));
#2674=CARTESIAN_POINT('',(-0.0346196323983408,0.0133950684900679,0.0462741927637476));
#2675=CARTESIAN_POINT('',(-0.0304028656381443,0.00639506849006787,0.0462741927637476));
#2676=CARTESIAN_POINT('',(-0.0319028656381443,0.0148950684900679,0.0525241927637476));
#2677=CARTESIAN_POINT('',(-0.0319028656381443,0.00639506849006787,0.0525241927637476));
#2678=CARTESIAN_POINT('',(-0.0319028656381443,0.00639506849006787,0.0587741927637476));
#2679=CARTESIAN_POINT('',(-0.0319028656381443,0.0148950684900679,0.0587741927637476));
#2680=CARTESIAN_POINT('',(-0.0319028656381443,0.0133950684900679,0.0587741927637476));
#2681=CARTESIAN_POINT('',(-0.0319028656381443,0.0133950684900679,0.0462741927637476));
#2682=CARTESIAN_POINT('',(-0.0346196323983408,0.0148950684900679,0.0587741927637476));
#2683=CARTESIAN_POINT('',(-0.0319028656381443,0.0133950684900679,0.0587741927637476));
#2684=CARTESIAN_POINT('',(-0.0304028656381443,0.00639506849006787,0.0587741927637476));
#2685=CARTESIAN_POINT('',(-0.0304028656381443,0.00489506849006787,0.0587741927637476));
#2686=CARTESIAN_POINT('',(-0.0346196323983408,0.00489506849006787,0.0587741927637476));
#2687=CARTESIAN_POINT('',(-0.0446696323983408,0.00489506849006787,0.0466931473595794));
#2688=CARTESIAN_POINT('',(-0.0304028656381443,0.00489506849006787,0.062214777803442));
#2689=CARTESIAN_POINT('',(-0.0304028656381443,0.00489506849006787,0.0633814444701087));
#2690=CARTESIAN_POINT('',(-0.0283363991585372,0.00489506849006787,0.0617741927637475));
#2691=CARTESIAN_POINT('',(-0.0373363991585371,0.0148950684900679,0.0362741927637475));
#2692=CARTESIAN_POINT('',(-0.029481954717872,0.0148950684900679,0.0423832051064872));
#2693=CARTESIAN_POINT('',(-0.029481954717872,0.0145790968161324,0.0423832051064872));
#2694=CARTESIAN_POINT('',(-0.029481954717872,0.00521104016400338,0.0423832051064872));
#2695=CARTESIAN_POINT('',(-0.0304028656381443,0.00639506849006787,0.0416669410573864));
#2696=CARTESIAN_POINT('',(-0.0304028656381443,0.0133950684900679,0.0416669410573864));
#2697=CARTESIAN_POINT('',(-0.0283363991585372,0.0148950684900679,0.0617741927637475));
#2698=CARTESIAN_POINT('',(-0.0304028656381443,0.00639506849006787,0.0633814444701087));
#2699=CARTESIAN_POINT('',(-0.029481954717872,0.00521104016400339,0.0626651804210079));
#2700=CARTESIAN_POINT('',(-0.029481954717872,0.0148950684900679,0.0626651804210079));
#2701=CARTESIAN_POINT('',(-0.029481954717872,0.0145790968161324,0.0626651804210079));
#2702=CARTESIAN_POINT('',(-0.0304028656381443,0.0133950684900679,0.0633814444701087));
#2703=CARTESIAN_POINT('',(-0.0373363991585371,0.0148950684900679,0.0362741927637475));
#2704=CARTESIAN_POINT('',(-0.0304028656381443,-0.00760493150993213,0.0416669410573864));
#2705=CARTESIAN_POINT('',(-0.029481954717872,-0.00642090318386764,0.0423832051064872));
#2706=CARTESIAN_POINT('',(-0.029481954717872,0.0148950684900679,0.0423832051064872));
#2707=CARTESIAN_POINT('',(-0.029481954717872,-0.0157889598359966,0.0423832051064872));
#2708=CARTESIAN_POINT('',(-0.0304028656381443,-0.0146049315099321,0.0416669410573864));
#2709=CARTESIAN_POINT('',(-0.0283363991585372,-0.00610493150993213,0.0617741927637475));
#2710=CARTESIAN_POINT('',(-0.029481954717872,-0.00610493150993213,0.0626651804210079));
#2711=CARTESIAN_POINT('',(-0.029481954717872,-0.0157889598359966,0.0626651804210079));
#2712=CARTESIAN_POINT('',(-0.029481954717872,-0.00642090318386764,0.0626651804210079));
#2713=CARTESIAN_POINT('',(-0.0304028656381443,-0.00760493150993213,0.0633814444701087));
#2714=CARTESIAN_POINT('',(-0.0304028656381443,-0.0146049315099321,0.0633814444701087));
#2715=CARTESIAN_POINT('',(-0.0346196323983408,0.0133950684900679,0.0602741927637476));
#2716=CARTESIAN_POINT('',(-0.0304028656381443,0.0133950684900679,0.0602741927637476));
#2717=CARTESIAN_POINT('',(-0.0523863991585372,0.0133950684900679,0.0447741927637475));
#2718=CARTESIAN_POINT('',(-0.0304028656381443,0.0133950684900679,0.0447741927637475));
#2719=CARTESIAN_POINT('',(-0.0304028656381443,0.0133950684900679,0.0525241927637476));
#2720=CARTESIAN_POINT('',(-0.0304028656381443,0.0133950684900679,0.0614811520949435));
#2721=CARTESIAN_POINT('',(-0.0304028656381443,0.0133950684900679,0.0435672334325517));
#2722=CARTESIAN_POINT('',(-0.0304028656381443,0.0148950684900679,0.0435672334325517));
#2723=CARTESIAN_POINT('',(-0.0304028656381443,0.00639506849006787,0.0435672334325517));
#2724=CARTESIAN_POINT('',(-0.0304028656381443,0.00639506849006787,0.0466931473595794));
#2725=CARTESIAN_POINT('',(-0.0304028656381443,0.00639506849006787,0.0614811520949435));
#2726=CARTESIAN_POINT('',(-0.0304028656381443,0.0148950684900679,0.0614811520949435));
#2727=CARTESIAN_POINT('',(-0.0346196323983408,-0.00760493150993213,0.0602741927637476));
#2728=CARTESIAN_POINT('',(-0.0304028656381443,-0.00760493150993213,0.0602741927637476));
#2729=CARTESIAN_POINT('',(-0.0446696323983408,-0.00760493150993213,0.0447741927637475));
#2730=CARTESIAN_POINT('',(-0.0304028656381443,-0.00760493150993213,0.0447741927637475));
#2731=CARTESIAN_POINT('',(-0.0346196323983408,-0.0146049315099321,0.0447741927637475));
#2732=CARTESIAN_POINT('',(-0.0304028656381443,-0.0146049315099321,0.0447741927637475));
#2733=CARTESIAN_POINT('',(-0.0523863991585372,-0.0146049315099321,0.0602741927637476));
#2734=CARTESIAN_POINT('',(-0.0304028656381443,-0.0146049315099321,0.0602741927637476));
#2735=CARTESIAN_POINT('',(-0.0304028656381443,-0.00760493150993213,0.0525241927637476));
#2736=CARTESIAN_POINT('',(-0.0304028656381443,-0.00760493150993213,0.0614811520949435));
#2737=CARTESIAN_POINT('',(-0.0304028656381443,-0.00760493150993213,0.0435672334325517));
#2738=CARTESIAN_POINT('',(-0.0304028656381443,-0.00610493150993213,0.0435672334325517));
#2739=CARTESIAN_POINT('',(-0.0304028656381443,-0.0146049315099321,0.0435672334325517));
#2740=CARTESIAN_POINT('',(-0.0304028656381443,-0.0146049315099321,0.0466931473595794));
#2741=CARTESIAN_POINT('',(-0.0304028656381443,-0.0146049315099321,0.0614811520949435));
#2742=CARTESIAN_POINT('',(-0.0304028656381443,-0.00610493150993213,0.0614811520949435));
#2743=CARTESIAN_POINT('',(-0.0573863991585372,0.00678228920392567,0.0665121927637477));
#2744=CARTESIAN_POINT('',(-0.0573863991585372,-0.0217304900822166,0.0665121927637477));
#2745=CARTESIAN_POINT('',(-0.0573863991585372,0.00678228920392567,0.0665121927637477));
#2746=CARTESIAN_POINT('',(-0.0573863991585372,0.0188950684900678,0.0665121927637477));
#2747=CARTESIAN_POINT('',(-0.0573863991585372,0.0352950684900679,0.0665121927637477));
#2748=CARTESIAN_POINT('',(-0.0573863991585372,-0.0217304900822166,0.0625121927637476));
#2749=CARTESIAN_POINT('',(-0.0819741712371524,-0.0201049315099321,0.0165214867598627));
#2750=CARTESIAN_POINT('',(-0.0523863991585372,0.0188950684900678,0.0165214867598626));
#2751=CARTESIAN_POINT('',(-0.0523863991585372,0.0188950684900678,0.0705121927637477));
#2752=CARTESIAN_POINT('',(-0.0819741712371524,0.0352950684900678,0.0245214867598627));
#2753=CARTESIAN_POINT('',(-0.0573863991585372,0.0352950684900679,0.0625121927637476));
#2754=MECHANICAL_DESIGN_GEOMETRIC_PRESENTATION_REPRESENTATION('',(#1639),
#2755);
#2755=(
GEOMETRIC_REPRESENTATION_CONTEXT(3)
GLOBAL_UNCERTAINTY_ASSIGNED_CONTEXT((#2756))
GLOBAL_UNIT_ASSIGNED_CONTEXT((#2759,#2758,#2757))
REPRESENTATION_CONTEXT('Part 1','TOP_LEVEL_ASSEMBLY_PART')
);
#2756=UNCERTAINTY_MEASURE_WITH_UNIT(LENGTH_MEASURE(1.E-8),#2759,
'DISTANCE_ACCURACY_VALUE','Maximum Tolerance applied to model');
#2757=(
NAMED_UNIT(*)
SI_UNIT($,.STERADIAN.)
SOLID_ANGLE_UNIT()
);
#2758=(
NAMED_UNIT(*)
PLANE_ANGLE_UNIT()
SI_UNIT($,.RADIAN.)
);
#2759=(
LENGTH_UNIT()
NAMED_UNIT(*)
SI_UNIT($,.METRE.)
);
#2760=PRODUCT_DEFINITION_SHAPE('','',#2761);
#2761=PRODUCT_DEFINITION('','',#2763,#2762);
#2762=PRODUCT_DEFINITION_CONTEXT('',#2769,'design');
#2763=PRODUCT_DEFINITION_FORMATION_WITH_SPECIFIED_SOURCE('','',#2765,
 .NOT_KNOWN.);
#2764=PRODUCT_RELATED_PRODUCT_CATEGORY('','',(#2765));
#2765=PRODUCT('Part 1','Part 1','Part 1',(#2767));
#2766=PRODUCT_CATEGORY('','');
#2767=PRODUCT_CONTEXT('',#2769,'mechanical');
#2768=APPLICATION_PROTOCOL_DEFINITION('international standard',
'ap242_managed_model_based_3d_engineering',2020,#2769);
#2769=APPLICATION_CONTEXT('managed model based 3d engineering');
ENDSEC;
END-ISO-10303-21;
