ISO-10303-21;
HEADER;
/* Generated by software containing ST-Developer
 * from STEP Tools, Inc. (www.steptools.com) 
 */
/* OPTION: using custom renumber hook */

FILE_DESCRIPTION(
/* description */ ('STEP AP242 Edition 2',
'CAx-IF Rec.Pracs.---Representation and Presentation of Product Manufa
cturing Information (PMI)---4.0---2014-10-13',
'CAx-IF Rec.Pracs.---3D Tessellated Geometry---0.4---2014-09-14','2;1',
'CAx-IF Rec.Pracs.---User Defined Attributes---1.5---2016-08-15'),
/* implementation_level */ '2;1');

FILE_NAME(
/* name */ '6ac21eb457509febd213deca',
/* time_stamp */ '2026-10-04T09:39:01Z',
/* author */ (''),
/* organization */ (''),
/* preprocessor_version */ 'ST-DEVELOPER v20',
/* originating_system */ 'ONSHAPE BY PTC INC, 1.221',
/* authorisation */ '  ');

FILE_SCHEMA (('AP242_MANAGED_MODEL_BASED_3D_ENGINEERING_MIM_LF { 1 0 10303 442 3 1 4 }'));
ENDSEC;

DATA;
#10=CONTEXT_DEPENDENT_SHAPE_REPRESENTATION(#14,#3860);
#11=CONTEXT_DEPENDENT_SHAPE_REPRESENTATION(#15,#3862);
#12=NEXT_ASSEMBLY_USAGE_OCCURRENCE('NAUO1','Part 2','Part 2',#3863,#3864,
'');
#13=NEXT_ASSEMBLY_USAGE_OCCURRENCE('NAUO2','Rack (7 teeth)',
'Rack (7 teeth)',#3863,#3865,'');
#14=(
REPRESENTATION_RELATIONSHIP(' ',' ',#2192,#2191)
REPRESENTATION_RELATIONSHIP_WITH_TRANSFORMATION(#16)
SHAPE_REPRESENTATION_RELATIONSHIP()
);
#15=(
REPRESENTATION_RELATIONSHIP(' ',' ',#2193,#2191)
REPRESENTATION_RELATIONSHIP_WITH_TRANSFORMATION(#17)
SHAPE_REPRESENTATION_RELATIONSHIP()
);
#16=ITEM_DEFINED_TRANSFORMATION(' ',' ',#2194,#2281);
#17=ITEM_DEFINED_TRANSFORMATION(' ',' ',#2194,#2394);
#18=SHAPE_REPRESENTATION_RELATIONSHIP('','',#2192,#20);
#19=SHAPE_REPRESENTATION_RELATIONSHIP('','',#2193,#21);
#20=ADVANCED_BREP_SHAPE_REPRESENTATION('',(#2186),#3850);
#21=ADVANCED_BREP_SHAPE_REPRESENTATION('',(#2187),#3851);
#22=SPHERICAL_SURFACE('',#2224,0.0005);
#23=SPHERICAL_SURFACE('',#2235,0.0005);
#24=SPHERICAL_SURFACE('',#2237,0.0005);
#25=SPHERICAL_SURFACE('',#2243,0.0005);
#26=SPHERICAL_SURFACE('',#2259,0.0005);
#27=SPHERICAL_SURFACE('',#2270,0.0005);
#28=SPHERICAL_SURFACE('',#2272,0.0005);
#29=SPHERICAL_SURFACE('',#2278,0.0005);
#30=SPHERICAL_SURFACE('',#2339,0.0009);
#31=SPHERICAL_SURFACE('',#2346,0.0009);
#32=SPHERICAL_SURFACE('',#2348,0.0009);
#33=SPHERICAL_SURFACE('',#2354,0.0009);
#34=SPHERICAL_SURFACE('',#2372,0.0009);
#35=SPHERICAL_SURFACE('',#2383,0.0009);
#36=SPHERICAL_SURFACE('',#2385,0.0009);
#37=SPHERICAL_SURFACE('',#2391,0.0009);
#38=CONICAL_SURFACE('',#2219,0.007,0.785398163397448);
#39=CONICAL_SURFACE('',#2220,0.009,0.785398163397448);
#40=CONICAL_SURFACE('',#2254,0.009,0.785398163397449);
#41=CONICAL_SURFACE('',#2255,0.007,0.785398163397448);
#42=CONICAL_SURFACE('',#2357,0.00728284271247462,0.785398163397448);
#43=CONICAL_SURFACE('',#2358,0.00928284271247462,0.785398163397449);
#44=CONICAL_SURFACE('',#2361,0.00728284271247462,0.785398163397448);
#45=CONICAL_SURFACE('',#2363,0.00928284271247462,0.785398163397448);
#46=B_SPLINE_CURVE_WITH_KNOTS('',3,(#3033,#3034,#3035,#3036),
 .UNSPECIFIED.,.F.,.F.,(4,4),(-0.000720913076698913,0.00117848967727701),
 .UNSPECIFIED.);
#47=B_SPLINE_CURVE_WITH_KNOTS('',3,(#3040,#3041,#3042,#3043),
 .UNSPECIFIED.,.F.,.F.,(4,4),(0.,0.00189940275397942),.UNSPECIFIED.);
#48=B_SPLINE_CURVE_WITH_KNOTS('',3,(#3052,#3053,#3054,#3055),
 .UNSPECIFIED.,.F.,.F.,(4,4),(-0.000720913076698919,0.00117848967727701),
 .UNSPECIFIED.);
#49=B_SPLINE_CURVE_WITH_KNOTS('',3,(#3059,#3060,#3061,#3062),
 .UNSPECIFIED.,.F.,.F.,(4,4),(0.,0.00189940275397942),.UNSPECIFIED.);
#50=B_SPLINE_CURVE_WITH_KNOTS('',3,(#3086,#3087,#3088,#3089),
 .UNSPECIFIED.,.F.,.F.,(4,4),(0.,0.00232487874819004),.UNSPECIFIED.);
#51=B_SPLINE_CURVE_WITH_KNOTS('',3,(#3090,#3091,#3092,#3093),
 .UNSPECIFIED.,.F.,.F.,(4,4),(0.,0.00232487874819004),.UNSPECIFIED.);
#52=B_SPLINE_CURVE_WITH_KNOTS('',3,(#3095,#3096,#3097,#3098,#3099),
 .UNSPECIFIED.,.F.,.F.,(4,1,4),(0.,0.000458596047647483,0.000917192095294966),
 .UNSPECIFIED.);
#53=B_SPLINE_CURVE_WITH_KNOTS('',3,(#3100,#3101,#3102,#3103),
 .UNSPECIFIED.,.F.,.F.,(4,4),(0.,0.00232487874819004),.UNSPECIFIED.);
#54=B_SPLINE_CURVE_WITH_KNOTS('',3,(#3104,#3105,#3106,#3107,#3108),
 .UNSPECIFIED.,.F.,.F.,(4,1,4),(0.,0.000457486469663515,0.00091497293932703),
 .UNSPECIFIED.);
#55=B_SPLINE_CURVE_WITH_KNOTS('',3,(#3110,#3111,#3112,#3113),
 .UNSPECIFIED.,.F.,.F.,(4,4),(0.,0.00232487874819004),.UNSPECIFIED.);
#56=B_SPLINE_CURVE_WITH_KNOTS('',3,(#3114,#3115,#3116,#3117,#3118),
 .UNSPECIFIED.,.F.,.F.,(4,1,4),(0.,0.00045748646966356,0.000914972939327119),
 .UNSPECIFIED.);
#57=B_SPLINE_CURVE_WITH_KNOTS('',3,(#3119,#3120,#3121,#3122,#3123),
 .UNSPECIFIED.,.F.,.F.,(4,1,4),(0.,0.000458596047647501,0.000917192095295002),
 .UNSPECIFIED.);
#58=B_SPLINE_CURVE_WITH_KNOTS('',3,(#3162,#3163,#3164,#3165),
 .UNSPECIFIED.,.F.,.F.,(4,4),(-0.000720913076698943,0.00117848967727697),
 .UNSPECIFIED.);
#59=B_SPLINE_CURVE_WITH_KNOTS('',3,(#3169,#3170,#3171,#3172),
 .UNSPECIFIED.,.F.,.F.,(4,4),(0.,0.00189940275397927),.UNSPECIFIED.);
#60=B_SPLINE_CURVE_WITH_KNOTS('',3,(#3181,#3182,#3183,#3184),
 .UNSPECIFIED.,.F.,.F.,(4,4),(-0.000720913076698938,0.00117848967727697),
 .UNSPECIFIED.);
#61=B_SPLINE_CURVE_WITH_KNOTS('',3,(#3188,#3189,#3190,#3191),
 .UNSPECIFIED.,.F.,.F.,(4,4),(0.,0.00189940275397917),.UNSPECIFIED.);
#62=B_SPLINE_CURVE_WITH_KNOTS('',3,(#3215,#3216,#3217,#3218),
 .UNSPECIFIED.,.F.,.F.,(4,4),(0.,0.00232487874819004),.UNSPECIFIED.);
#63=B_SPLINE_CURVE_WITH_KNOTS('',3,(#3219,#3220,#3221,#3222),
 .UNSPECIFIED.,.F.,.F.,(4,4),(0.,0.00232487874819004),.UNSPECIFIED.);
#64=B_SPLINE_CURVE_WITH_KNOTS('',3,(#3224,#3225,#3226,#3227),
 .UNSPECIFIED.,.F.,.F.,(4,4),(4.33680868994202E-18,0.00232487874819004),
 .UNSPECIFIED.);
#65=B_SPLINE_CURVE_WITH_KNOTS('',3,(#3228,#3229,#3230,#3231,#3232),
 .UNSPECIFIED.,.F.,.F.,(4,1,4),(0.,0.000457486469663559,0.000914972939327118),
 .UNSPECIFIED.);
#66=B_SPLINE_CURVE_WITH_KNOTS('',3,(#3233,#3234,#3235,#3236,#3237),
 .UNSPECIFIED.,.F.,.F.,(4,1,4),(0.,0.00045859604764739,0.00091719209529478),
 .UNSPECIFIED.);
#67=B_SPLINE_CURVE_WITH_KNOTS('',3,(#3239,#3240,#3241,#3242,#3243),
 .UNSPECIFIED.,.F.,.F.,(4,1,4),(0.,0.000458596047647403,0.000917192095294806),
 .UNSPECIFIED.);
#68=B_SPLINE_CURVE_WITH_KNOTS('',3,(#3244,#3245,#3246,#3247),
 .UNSPECIFIED.,.F.,.F.,(4,4),(0.,0.00232487874819004),.UNSPECIFIED.);
#69=B_SPLINE_CURVE_WITH_KNOTS('',3,(#3248,#3249,#3250,#3251,#3252),
 .UNSPECIFIED.,.F.,.F.,(4,1,4),(0.,0.000457486469663512,0.000914972939327024),
 .UNSPECIFIED.);
#70=B_SPLINE_CURVE_WITH_KNOTS('',3,(#3288,#3289,#3290,#3291,#3292,#3293,
#3294,#3295,#3296,#3297,#3298),.UNSPECIFIED.,.T.,.F.,(1,1,1,1,1,1,1,1,1,
1,1,1,1,1,1),(-0.00590374453187819,-0.0039358296879188,-0.0019679148439594,
0.,0.0019679148439594,0.0039358296879188,0.00590374453187819,0.00787165937583759,
0.00983957421979699,0.0118074890637564,0.0137754039077158,0.0157433187516752,
0.0177112335956346,0.019679148439594,0.0216470632835534),.UNSPECIFIED.);
#71=B_SPLINE_CURVE_WITH_KNOTS('',3,(#3506,#3507,#3508,#3509,#3510),
 .UNSPECIFIED.,.F.,.F.,(4,1,4),(1.99304660597499E-7,0.000672591728659013,
0.00134498415265743),.UNSPECIFIED.);
#72=B_SPLINE_CURVE_WITH_KNOTS('',3,(#3513,#3514,#3515,#3516,#3517),
 .UNSPECIFIED.,.F.,.F.,(4,1,4),(0.,0.00200720553813153,0.00401441107626307),
 .UNSPECIFIED.);
#73=B_SPLINE_CURVE_WITH_KNOTS('',3,(#3519,#3520,#3521,#3522,#3523),
 .UNSPECIFIED.,.F.,.F.,(4,1,4),(1.97146861595868E-7,0.00067264387196244,
0.00134509059706328),.UNSPECIFIED.);
#74=B_SPLINE_CURVE_WITH_KNOTS('',3,(#3527,#3528,#3529,#3530,#3531),
 .UNSPECIFIED.,.F.,.F.,(4,1,4),(1.99304660643238E-7,0.000672591728659039,
0.00134498415265743),.UNSPECIFIED.);
#75=B_SPLINE_CURVE_WITH_KNOTS('',3,(#3533,#3534,#3535,#3536,#3537),
 .UNSPECIFIED.,.F.,.F.,(4,1,4),(0.,0.00200720553813154,0.00401441107626307),
 .UNSPECIFIED.);
#76=B_SPLINE_CURVE_WITH_KNOTS('',3,(#3539,#3540,#3541,#3542,#3543),
 .UNSPECIFIED.,.F.,.F.,(4,1,4),(1.97146861596154E-7,0.000672643871962484,
0.00134509059706337),.UNSPECIFIED.);
#77=B_SPLINE_CURVE_WITH_KNOTS('',3,(#3546,#3547,#3548,#3549,#3550),
 .UNSPECIFIED.,.F.,.F.,(4,1,4),(1.97146861597864E-7,0.000672643871962481,
0.00134509059706336),.UNSPECIFIED.);
#78=B_SPLINE_CURVE_WITH_KNOTS('',3,(#3555,#3556,#3557,#3558,#3559),
 .UNSPECIFIED.,.F.,.F.,(4,1,4),(1.99304660597123E-7,0.000672591728659012,
0.00134498415265743),.UNSPECIFIED.);
#79=B_SPLINE_CURVE_WITH_KNOTS('',3,(#3561,#3562,#3563,#3564,#3565),
 .UNSPECIFIED.,.F.,.F.,(4,1,4),(0.,0.00200720553813153,0.00401441107626307),
 .UNSPECIFIED.);
#80=B_SPLINE_CURVE_WITH_KNOTS('',3,(#3567,#3568,#3569,#3570,#3571),
 .UNSPECIFIED.,.F.,.F.,(4,1,4),(1.97146861601284E-7,0.000672643871962441,
0.00134509059706328),.UNSPECIFIED.);
#81=B_SPLINE_CURVE_WITH_KNOTS('',3,(#3575,#3576,#3577,#3578,#3579),
 .UNSPECIFIED.,.F.,.F.,(4,1,4),(1.99304660646463E-7,0.000672591728659044,
0.00134498415265744),.UNSPECIFIED.);
#82=B_SPLINE_CURVE_WITH_KNOTS('',3,(#3581,#3582,#3583,#3584,#3585),
 .UNSPECIFIED.,.F.,.F.,(4,1,4),(0.,0.00200720553813153,0.00401441107626307),
 .UNSPECIFIED.);
#83=B_SPLINE_CURVE_WITH_KNOTS('',3,(#3586,#3587,#3588,#3589,#3590,#3591,
#3592,#3593,#3594,#3595,#3596),.UNSPECIFIED.,.T.,.F.,(1,1,1,1,1,1,1,1,1,
1,1,1,1,1,1),(-0.00587161358845344,-0.00391440905896896,-0.00195720452948448,
0.,0.00195720452948448,0.00391440905896896,0.00587161358845344,0.00782881811793792,
0.0097860226474224,0.0117432271769069,0.0137004317063914,0.0156576362358758,
0.0176148407653603,0.0195720452948448,0.0215292498243293),.UNSPECIFIED.);
#84=B_SPLINE_CURVE_WITH_KNOTS('',3,(#3605,#3606,#3607,#3608,#3609,#3610),
 .UNSPECIFIED.,.F.,.F.,(4,1,1,4),(0.,0.000412053593265975,0.00082410718653195,
0.0016482143730639),.UNSPECIFIED.);
#85=B_SPLINE_CURVE_WITH_KNOTS('',3,(#3620,#3621,#3622,#3623,#3624,#3625),
 .UNSPECIFIED.,.F.,.F.,(4,1,1,4),(0.,0.00082201073436744,0.00123301610155116,
0.00164402146873488),.UNSPECIFIED.);
#86=B_SPLINE_CURVE_WITH_KNOTS('',3,(#3636,#3637,#3638,#3639,#3640,#3641),
 .UNSPECIFIED.,.F.,.F.,(4,1,1,4),(0.,0.000412053593265963,0.000824107186531927,
0.00164821437306385),.UNSPECIFIED.);
#87=B_SPLINE_CURVE_WITH_KNOTS('',3,(#3651,#3652,#3653,#3654,#3655,#3656),
 .UNSPECIFIED.,.F.,.F.,(4,1,1,4),(0.,0.000822010734367397,0.00123301610155109,
0.00164402146873479),.UNSPECIFIED.);
#88=B_SPLINE_CURVE_WITH_KNOTS('',3,(#3663,#3664,#3665,#3666),
 .UNSPECIFIED.,.F.,.F.,(4,4),(0.,0.00239534683945203),.UNSPECIFIED.);
#89=B_SPLINE_CURVE_WITH_KNOTS('',3,(#3670,#3671,#3672,#3673),
 .UNSPECIFIED.,.F.,.F.,(4,4),(0.,0.00239534683945205),.UNSPECIFIED.);
#90=B_SPLINE_CURVE_WITH_KNOTS('',3,(#3692,#3693,#3694,#3695),
 .UNSPECIFIED.,.F.,.F.,(4,4),(0.,0.00239534683945204),.UNSPECIFIED.);
#91=B_SPLINE_CURVE_WITH_KNOTS('',3,(#3699,#3700,#3701,#3702),
 .UNSPECIFIED.,.F.,.F.,(4,4),(0.,0.00239534683945203),.UNSPECIFIED.);
#92=B_SPLINE_CURVE_WITH_KNOTS('',3,(#3704,#3705,#3706,#3707),
 .UNSPECIFIED.,.F.,.F.,(4,4),(0.,0.00183205060585632),.UNSPECIFIED.);
#93=B_SPLINE_CURVE_WITH_KNOTS('',3,(#3708,#3709,#3710,#3711),
 .UNSPECIFIED.,.F.,.F.,(4,4),(0.00849228984136051,0.0103146699343303),
 .UNSPECIFIED.);
#94=B_SPLINE_CURVE_WITH_KNOTS('',3,(#3713,#3714,#3715,#3716),
 .UNSPECIFIED.,.F.,.F.,(4,4),(0.00849228984136051,0.0103146699343303),
 .UNSPECIFIED.);
#95=B_SPLINE_CURVE_WITH_KNOTS('',3,(#3718,#3719,#3720,#3721),
 .UNSPECIFIED.,.F.,.F.,(4,4),(0.,0.00183205060585632),.UNSPECIFIED.);
#96=B_SPLINE_CURVE_WITH_KNOTS('',3,(#3724,#3725,#3726,#3727),
 .UNSPECIFIED.,.F.,.F.,(4,4),(0.000224172300282601,0.00205622290613892),
 .UNSPECIFIED.);
#97=B_SPLINE_CURVE_WITH_KNOTS('',3,(#3731,#3732,#3733,#3734),
 .UNSPECIFIED.,.F.,.F.,(4,4),(0.00849228984136049,0.0103146699343302),
 .UNSPECIFIED.);
#98=B_SPLINE_CURVE_WITH_KNOTS('',3,(#3736,#3737,#3738,#3739),
 .UNSPECIFIED.,.F.,.F.,(4,4),(0.000224172300282588,0.00205622290613891),
 .UNSPECIFIED.);
#99=B_SPLINE_CURVE_WITH_KNOTS('',3,(#3741,#3742,#3743,#3744),
 .UNSPECIFIED.,.F.,.F.,(4,4),(0.,0.00239534683945203),.UNSPECIFIED.);
#100=B_SPLINE_CURVE_WITH_KNOTS('',3,(#3746,#3747,#3748,#3749,#3750,#3751),
 .UNSPECIFIED.,.F.,.F.,(4,1,1,4),(0.,0.000412053593265969,0.000824107186531939,
0.00164821437306388),.UNSPECIFIED.);
#101=B_SPLINE_CURVE_WITH_KNOTS('',3,(#3755,#3756,#3757,#3758,#3759,#3760),
 .UNSPECIFIED.,.F.,.F.,(4,1,1,4),(0.,0.000822010734367397,0.00123301610155109,
0.00164402146873479),.UNSPECIFIED.);
#102=B_SPLINE_CURVE_WITH_KNOTS('',3,(#3762,#3763,#3764,#3765),
 .UNSPECIFIED.,.F.,.F.,(4,4),(0.,0.00239534683945203),.UNSPECIFIED.);
#103=B_SPLINE_CURVE_WITH_KNOTS('',3,(#3767,#3768,#3769,#3770),
 .UNSPECIFIED.,.F.,.F.,(4,4),(0.,0.00239534683945206),.UNSPECIFIED.);
#104=B_SPLINE_CURVE_WITH_KNOTS('',3,(#3772,#3773,#3774,#3775,#3776,#3777),
 .UNSPECIFIED.,.F.,.F.,(4,1,1,4),(0.,0.000412053593265976,0.000824107186531952,
0.0016482143730639),.UNSPECIFIED.);
#105=B_SPLINE_CURVE_WITH_KNOTS('',3,(#3781,#3782,#3783,#3784,#3785,#3786),
 .UNSPECIFIED.,.F.,.F.,(4,1,1,4),(0.,0.000822010734367439,0.00123301610155116,
0.00164402146873488),.UNSPECIFIED.);
#106=B_SPLINE_CURVE_WITH_KNOTS('',3,(#3788,#3789,#3790,#3791),
 .UNSPECIFIED.,.F.,.F.,(4,4),(0.,0.00239534683945207),.UNSPECIFIED.);
#107=B_SPLINE_CURVE_WITH_KNOTS('',3,(#3793,#3794,#3795,#3796),
 .UNSPECIFIED.,.F.,.F.,(4,4),(0.0084922898413605,0.0103146699343302),
 .UNSPECIFIED.);
#108=PLANE('',#2202);
#109=PLANE('',#2206);
#110=PLANE('',#2207);
#111=PLANE('',#2209);
#112=PLANE('',#2211);
#113=PLANE('',#2212);
#114=PLANE('',#2213);
#115=PLANE('',#2214);
#116=PLANE('',#2216);
#117=PLANE('',#2218);
#118=PLANE('',#2221);
#119=PLANE('',#2246);
#120=PLANE('',#2247);
#121=PLANE('',#2248);
#122=PLANE('',#2249);
#123=PLANE('',#2251);
#124=PLANE('',#2253);
#125=PLANE('',#2256);
#126=PLANE('',#2289);
#127=PLANE('',#2290);
#128=PLANE('',#2291);
#129=PLANE('',#2292);
#130=PLANE('',#2293);
#131=PLANE('',#2294);
#132=PLANE('',#2295);
#133=PLANE('',#2296);
#134=PLANE('',#2297);
#135=PLANE('',#2298);
#136=PLANE('',#2299);
#137=PLANE('',#2300);
#138=PLANE('',#2301);
#139=PLANE('',#2302);
#140=PLANE('',#2303);
#141=PLANE('',#2304);
#142=PLANE('',#2305);
#143=PLANE('',#2306);
#144=PLANE('',#2307);
#145=PLANE('',#2308);
#146=PLANE('',#2309);
#147=PLANE('',#2310);
#148=PLANE('',#2311);
#149=PLANE('',#2312);
#150=PLANE('',#2313);
#151=PLANE('',#2314);
#152=PLANE('',#2315);
#153=PLANE('',#2317);
#154=PLANE('',#2319);
#155=PLANE('',#2320);
#156=PLANE('',#2321);
#157=PLANE('',#2322);
#158=PLANE('',#2323);
#159=PLANE('',#2328);
#160=PLANE('',#2334);
#161=PLANE('',#2338);
#162=PLANE('',#2355);
#163=PLANE('',#2356);
#164=PLANE('',#2359);
#165=PLANE('',#2360);
#166=PLANE('',#2365);
#167=PLANE('',#2366);
#168=PLANE('',#2367);
#169=PLANE('',#2368);
#170=PLANE('',#2369);
#171=LINE('',#2980,#349);
#172=LINE('',#2984,#350);
#173=LINE('',#2988,#351);
#174=LINE('',#2992,#352);
#175=LINE('',#2996,#353);
#176=LINE('',#3000,#354);
#177=LINE('',#3002,#355);
#178=LINE('',#3004,#356);
#179=LINE('',#3006,#357);
#180=LINE('',#3012,#358);
#181=LINE('',#3014,#359);
#182=LINE('',#3015,#360);
#183=LINE('',#3021,#361);
#184=LINE('',#3024,#362);
#185=LINE('',#3026,#363);
#186=LINE('',#3028,#364);
#187=LINE('',#3030,#365);
#188=LINE('',#3038,#366);
#189=LINE('',#3045,#367);
#190=LINE('',#3047,#368);
#191=LINE('',#3049,#369);
#192=LINE('',#3057,#370);
#193=LINE('',#3064,#371);
#194=LINE('',#3066,#372);
#195=LINE('',#3071,#373);
#196=LINE('',#3073,#374);
#197=LINE('',#3075,#375);
#198=LINE('',#3077,#376);
#199=LINE('',#3080,#377);
#200=LINE('',#3084,#378);
#201=LINE('',#3150,#379);
#202=LINE('',#3153,#380);
#203=LINE('',#3155,#381);
#204=LINE('',#3157,#382);
#205=LINE('',#3159,#383);
#206=LINE('',#3167,#384);
#207=LINE('',#3174,#385);
#208=LINE('',#3176,#386);
#209=LINE('',#3178,#387);
#210=LINE('',#3186,#388);
#211=LINE('',#3193,#389);
#212=LINE('',#3195,#390);
#213=LINE('',#3197,#391);
#214=LINE('',#3200,#392);
#215=LINE('',#3204,#393);
#216=LINE('',#3209,#394);
#217=LINE('',#3211,#395);
#218=LINE('',#3213,#396);
#219=LINE('',#3280,#397);
#220=LINE('',#3285,#398);
#221=LINE('',#3304,#399);
#222=LINE('',#3309,#400);
#223=LINE('',#3313,#401);
#224=LINE('',#3316,#402);
#225=LINE('',#3318,#403);
#226=LINE('',#3320,#404);
#227=LINE('',#3322,#405);
#228=LINE('',#3325,#406);
#229=LINE('',#3327,#407);
#230=LINE('',#3329,#408);
#231=LINE('',#3331,#409);
#232=LINE('',#3333,#410);
#233=LINE('',#3335,#411);
#234=LINE('',#3337,#412);
#235=LINE('',#3338,#413);
#236=LINE('',#3340,#414);
#237=LINE('',#3342,#415);
#238=LINE('',#3344,#416);
#239=LINE('',#3346,#417);
#240=LINE('',#3349,#418);
#241=LINE('',#3351,#419);
#242=LINE('',#3353,#420);
#243=LINE('',#3355,#421);
#244=LINE('',#3357,#422);
#245=LINE('',#3359,#423);
#246=LINE('',#3361,#424);
#247=LINE('',#3362,#425);
#248=LINE('',#3364,#426);
#249=LINE('',#3366,#427);
#250=LINE('',#3368,#428);
#251=LINE('',#3370,#429);
#252=LINE('',#3373,#430);
#253=LINE('',#3375,#431);
#254=LINE('',#3377,#432);
#255=LINE('',#3379,#433);
#256=LINE('',#3381,#434);
#257=LINE('',#3383,#435);
#258=LINE('',#3385,#436);
#259=LINE('',#3386,#437);
#260=LINE('',#3388,#438);
#261=LINE('',#3390,#439);
#262=LINE('',#3392,#440);
#263=LINE('',#3394,#441);
#264=LINE('',#3397,#442);
#265=LINE('',#3399,#443);
#266=LINE('',#3401,#444);
#267=LINE('',#3403,#445);
#268=LINE('',#3405,#446);
#269=LINE('',#3407,#447);
#270=LINE('',#3409,#448);
#271=LINE('',#3410,#449);
#272=LINE('',#3412,#450);
#273=LINE('',#3414,#451);
#274=LINE('',#3416,#452);
#275=LINE('',#3418,#453);
#276=LINE('',#3421,#454);
#277=LINE('',#3423,#455);
#278=LINE('',#3425,#456);
#279=LINE('',#3427,#457);
#280=LINE('',#3429,#458);
#281=LINE('',#3431,#459);
#282=LINE('',#3433,#460);
#283=LINE('',#3434,#461);
#284=LINE('',#3436,#462);
#285=LINE('',#3438,#463);
#286=LINE('',#3440,#464);
#287=LINE('',#3442,#465);
#288=LINE('',#3445,#466);
#289=LINE('',#3447,#467);
#290=LINE('',#3449,#468);
#291=LINE('',#3451,#469);
#292=LINE('',#3453,#470);
#293=LINE('',#3455,#471);
#294=LINE('',#3457,#472);
#295=LINE('',#3458,#473);
#296=LINE('',#3460,#474);
#297=LINE('',#3463,#475);
#298=LINE('',#3465,#476);
#299=LINE('',#3467,#477);
#300=LINE('',#3469,#478);
#301=LINE('',#3471,#479);
#302=LINE('',#3473,#480);
#303=LINE('',#3478,#481);
#304=LINE('',#3479,#482);
#305=LINE('',#3481,#483);
#306=LINE('',#3483,#484);
#307=LINE('',#3487,#485);
#308=LINE('',#3489,#486);
#309=LINE('',#3491,#487);
#310=LINE('',#3493,#488);
#311=LINE('',#3495,#489);
#312=LINE('',#3497,#490);
#313=LINE('',#3499,#491);
#314=LINE('',#3500,#492);
#315=LINE('',#3502,#493);
#316=LINE('',#3504,#494);
#317=LINE('',#3525,#495);
#318=LINE('',#3545,#496);
#319=LINE('',#3553,#497);
#320=LINE('',#3573,#498);
#321=LINE('',#3603,#499);
#322=LINE('',#3612,#500);
#323=LINE('',#3614,#501);
#324=LINE('',#3616,#502);
#325=LINE('',#3629,#503);
#326=LINE('',#3634,#504);
#327=LINE('',#3643,#505);
#328=LINE('',#3647,#506);
#329=LINE('',#3649,#507);
#330=LINE('',#3660,#508);
#331=LINE('',#3662,#509);
#332=LINE('',#3668,#510);
#333=LINE('',#3687,#511);
#334=LINE('',#3697,#512);
#335=LINE('',#3729,#513);
#336=LINE('',#3798,#514);
#337=LINE('',#3800,#515);
#338=LINE('',#3802,#516);
#339=LINE('',#3804,#517);
#340=LINE('',#3806,#518);
#341=LINE('',#3808,#519);
#342=LINE('',#3810,#520);
#343=LINE('',#3812,#521);
#344=LINE('',#3814,#522);
#345=LINE('',#3816,#523);
#346=LINE('',#3818,#524);
#347=LINE('',#3821,#525);
#348=LINE('',#3822,#526);
#349=VECTOR('',#2401,1.);
#350=VECTOR('',#2404,1.);
#351=VECTOR('',#2407,1.);
#352=VECTOR('',#2410,1.);
#353=VECTOR('',#2413,1.);
#354=VECTOR('',#2416,1.);
#355=VECTOR('',#2419,1.);
#356=VECTOR('',#2420,1.);
#357=VECTOR('',#2421,1.);
#358=VECTOR('',#2428,1.);
#359=VECTOR('',#2431,1.);
#360=VECTOR('',#2432,1.);
#361=VECTOR('',#2443,1.);
#362=VECTOR('',#2444,1.);
#363=VECTOR('',#2445,1.);
#364=VECTOR('',#2446,1.);
#365=VECTOR('',#2449,1.);
#366=VECTOR('',#2450,1.);
#367=VECTOR('',#2451,1.);
#368=VECTOR('',#2452,1.);
#369=VECTOR('',#2455,1.);
#370=VECTOR('',#2456,1.);
#371=VECTOR('',#2457,1.);
#372=VECTOR('',#2458,1.);
#373=VECTOR('',#2463,1.);
#374=VECTOR('',#2464,1.);
#375=VECTOR('',#2465,1.);
#376=VECTOR('',#2468,1.);
#377=VECTOR('',#2469,1.);
#378=VECTOR('',#2472,1.);
#379=VECTOR('',#2531,1.);
#380=VECTOR('',#2532,1.);
#381=VECTOR('',#2533,1.);
#382=VECTOR('',#2534,1.);
#383=VECTOR('',#2537,1.);
#384=VECTOR('',#2538,1.);
#385=VECTOR('',#2539,1.);
#386=VECTOR('',#2540,1.);
#387=VECTOR('',#2543,1.);
#388=VECTOR('',#2544,1.);
#389=VECTOR('',#2545,1.);
#390=VECTOR('',#2546,1.);
#391=VECTOR('',#2549,1.);
#392=VECTOR('',#2550,1.);
#393=VECTOR('',#2553,1.);
#394=VECTOR('',#2558,1.);
#395=VECTOR('',#2559,1.);
#396=VECTOR('',#2560,1.);
#397=VECTOR('',#2621,1.);
#398=VECTOR('',#2624,1.);
#399=VECTOR('',#2631,1.);
#400=VECTOR('',#2634,1.);
#401=VECTOR('',#2639,1.);
#402=VECTOR('',#2640,1.);
#403=VECTOR('',#2641,1.);
#404=VECTOR('',#2642,1.);
#405=VECTOR('',#2645,1.);
#406=VECTOR('',#2646,1.);
#407=VECTOR('',#2647,1.);
#408=VECTOR('',#2648,1.);
#409=VECTOR('',#2651,1.);
#410=VECTOR('',#2652,1.);
#411=VECTOR('',#2653,1.);
#412=VECTOR('',#2656,1.);
#413=VECTOR('',#2657,1.);
#414=VECTOR('',#2660,1.);
#415=VECTOR('',#2661,1.);
#416=VECTOR('',#2662,1.);
#417=VECTOR('',#2665,1.);
#418=VECTOR('',#2666,1.);
#419=VECTOR('',#2667,1.);
#420=VECTOR('',#2668,1.);
#421=VECTOR('',#2671,1.);
#422=VECTOR('',#2672,1.);
#423=VECTOR('',#2673,1.);
#424=VECTOR('',#2676,1.);
#425=VECTOR('',#2677,1.);
#426=VECTOR('',#2680,1.);
#427=VECTOR('',#2681,1.);
#428=VECTOR('',#2682,1.);
#429=VECTOR('',#2685,1.);
#430=VECTOR('',#2686,1.);
#431=VECTOR('',#2687,1.);
#432=VECTOR('',#2688,1.);
#433=VECTOR('',#2691,1.);
#434=VECTOR('',#2692,1.);
#435=VECTOR('',#2693,1.);
#436=VECTOR('',#2696,1.);
#437=VECTOR('',#2697,1.);
#438=VECTOR('',#2700,1.);
#439=VECTOR('',#2701,1.);
#440=VECTOR('',#2702,1.);
#441=VECTOR('',#2705,1.);
#442=VECTOR('',#2706,1.);
#443=VECTOR('',#2707,1.);
#444=VECTOR('',#2708,1.);
#445=VECTOR('',#2711,1.);
#446=VECTOR('',#2712,1.);
#447=VECTOR('',#2713,1.);
#448=VECTOR('',#2716,1.);
#449=VECTOR('',#2717,1.);
#450=VECTOR('',#2720,1.);
#451=VECTOR('',#2721,1.);
#452=VECTOR('',#2722,1.);
#453=VECTOR('',#2725,1.);
#454=VECTOR('',#2726,1.);
#455=VECTOR('',#2727,1.);
#456=VECTOR('',#2728,1.);
#457=VECTOR('',#2731,1.);
#458=VECTOR('',#2732,1.);
#459=VECTOR('',#2733,1.);
#460=VECTOR('',#2736,1.);
#461=VECTOR('',#2737,1.);
#462=VECTOR('',#2740,1.);
#463=VECTOR('',#2741,1.);
#464=VECTOR('',#2742,1.);
#465=VECTOR('',#2745,1.);
#466=VECTOR('',#2746,1.);
#467=VECTOR('',#2747,1.);
#468=VECTOR('',#2748,1.);
#469=VECTOR('',#2751,1.);
#470=VECTOR('',#2752,1.);
#471=VECTOR('',#2753,1.);
#472=VECTOR('',#2756,1.);
#473=VECTOR('',#2757,1.);
#474=VECTOR('',#2760,1.);
#475=VECTOR('',#2761,1.);
#476=VECTOR('',#2762,1.);
#477=VECTOR('',#2763,1.);
#478=VECTOR('',#2766,1.);
#479=VECTOR('',#2767,1.);
#480=VECTOR('',#2768,1.);
#481=VECTOR('',#2773,1.);
#482=VECTOR('',#2774,1.);
#483=VECTOR('',#2777,1.);
#484=VECTOR('',#2778,1.);
#485=VECTOR('',#2783,1.);
#486=VECTOR('',#2784,1.);
#487=VECTOR('',#2785,1.);
#488=VECTOR('',#2788,1.);
#489=VECTOR('',#2789,1.);
#490=VECTOR('',#2790,1.);
#491=VECTOR('',#2793,1.);
#492=VECTOR('',#2794,1.);
#493=VECTOR('',#2797,1.);
#494=VECTOR('',#2800,1.);
#495=VECTOR('',#2803,1.);
#496=VECTOR('',#2804,1.);
#497=VECTOR('',#2805,1.);
#498=VECTOR('',#2806,1.);
#499=VECTOR('',#2813,1.);
#500=VECTOR('',#2814,1.);
#501=VECTOR('',#2817,1.);
#502=VECTOR('',#2818,1.);
#503=VECTOR('',#2825,1.);
#504=VECTOR('',#2830,1.);
#505=VECTOR('',#2831,1.);
#506=VECTOR('',#2836,1.);
#507=VECTOR('',#2837,1.);
#508=VECTOR('',#2842,1.);
#509=VECTOR('',#2845,1.);
#510=VECTOR('',#2846,1.);
#511=VECTOR('',#2873,1.);
#512=VECTOR('',#2882,1.);
#513=VECTOR('',#2893,1.);
#514=VECTOR('',#2904,1.);
#515=VECTOR('',#2907,1.);
#516=VECTOR('',#2908,1.);
#517=VECTOR('',#2909,1.);
#518=VECTOR('',#2912,1.);
#519=VECTOR('',#2913,1.);
#520=VECTOR('',#2914,1.);
#521=VECTOR('',#2917,1.);
#522=VECTOR('',#2918,1.);
#523=VECTOR('',#2919,1.);
#524=VECTOR('',#2922,1.);
#525=VECTOR('',#2923,1.);
#526=VECTOR('',#2924,1.);
#527=ORIENTED_EDGE('',*,*,#1155,.F.);
#528=ORIENTED_EDGE('',*,*,#1156,.T.);
#529=ORIENTED_EDGE('',*,*,#1157,.T.);
#530=ORIENTED_EDGE('',*,*,#1158,.T.);
#531=ORIENTED_EDGE('',*,*,#1159,.F.);
#532=ORIENTED_EDGE('',*,*,#1160,.F.);
#533=ORIENTED_EDGE('',*,*,#1161,.T.);
#534=ORIENTED_EDGE('',*,*,#1162,.T.);
#535=ORIENTED_EDGE('',*,*,#1163,.T.);
#536=ORIENTED_EDGE('',*,*,#1164,.T.);
#537=ORIENTED_EDGE('',*,*,#1165,.T.);
#538=ORIENTED_EDGE('',*,*,#1166,.T.);
#539=ORIENTED_EDGE('',*,*,#1167,.T.);
#540=ORIENTED_EDGE('',*,*,#1166,.F.);
#541=ORIENTED_EDGE('',*,*,#1168,.F.);
#542=ORIENTED_EDGE('',*,*,#1169,.T.);
#543=ORIENTED_EDGE('',*,*,#1170,.T.);
#544=ORIENTED_EDGE('',*,*,#1169,.F.);
#545=ORIENTED_EDGE('',*,*,#1171,.F.);
#546=ORIENTED_EDGE('',*,*,#1172,.T.);
#547=ORIENTED_EDGE('',*,*,#1173,.F.);
#548=ORIENTED_EDGE('',*,*,#1172,.F.);
#549=ORIENTED_EDGE('',*,*,#1174,.T.);
#550=ORIENTED_EDGE('',*,*,#1160,.T.);
#551=ORIENTED_EDGE('',*,*,#1168,.T.);
#552=ORIENTED_EDGE('',*,*,#1165,.F.);
#553=ORIENTED_EDGE('',*,*,#1175,.F.);
#554=ORIENTED_EDGE('',*,*,#1161,.F.);
#555=ORIENTED_EDGE('',*,*,#1174,.F.);
#556=ORIENTED_EDGE('',*,*,#1171,.T.);
#557=ORIENTED_EDGE('',*,*,#1167,.F.);
#558=ORIENTED_EDGE('',*,*,#1170,.F.);
#559=ORIENTED_EDGE('',*,*,#1173,.T.);
#560=ORIENTED_EDGE('',*,*,#1159,.T.);
#561=ORIENTED_EDGE('',*,*,#1176,.T.);
#562=ORIENTED_EDGE('',*,*,#1155,.T.);
#563=ORIENTED_EDGE('',*,*,#1177,.T.);
#564=ORIENTED_EDGE('',*,*,#1178,.T.);
#565=ORIENTED_EDGE('',*,*,#1179,.T.);
#566=ORIENTED_EDGE('',*,*,#1180,.T.);
#567=ORIENTED_EDGE('',*,*,#1181,.T.);
#568=ORIENTED_EDGE('',*,*,#1182,.T.);
#569=ORIENTED_EDGE('',*,*,#1183,.T.);
#570=ORIENTED_EDGE('',*,*,#1184,.T.);
#571=ORIENTED_EDGE('',*,*,#1185,.T.);
#572=ORIENTED_EDGE('',*,*,#1186,.T.);
#573=ORIENTED_EDGE('',*,*,#1187,.T.);
#574=ORIENTED_EDGE('',*,*,#1188,.T.);
#575=ORIENTED_EDGE('',*,*,#1189,.T.);
#576=ORIENTED_EDGE('',*,*,#1190,.T.);
#577=ORIENTED_EDGE('',*,*,#1191,.T.);
#578=ORIENTED_EDGE('',*,*,#1192,.T.);
#579=ORIENTED_EDGE('',*,*,#1193,.T.);
#580=ORIENTED_EDGE('',*,*,#1194,.T.);
#581=ORIENTED_EDGE('',*,*,#1195,.T.);
#582=ORIENTED_EDGE('',*,*,#1196,.T.);
#583=ORIENTED_EDGE('',*,*,#1197,.T.);
#584=ORIENTED_EDGE('',*,*,#1198,.T.);
#585=ORIENTED_EDGE('',*,*,#1199,.T.);
#586=ORIENTED_EDGE('',*,*,#1200,.T.);
#587=ORIENTED_EDGE('',*,*,#1183,.F.);
#588=ORIENTED_EDGE('',*,*,#1201,.F.);
#589=ORIENTED_EDGE('',*,*,#1162,.F.);
#590=ORIENTED_EDGE('',*,*,#1202,.F.);
#591=ORIENTED_EDGE('',*,*,#1193,.F.);
#592=ORIENTED_EDGE('',*,*,#1203,.T.);
#593=ORIENTED_EDGE('',*,*,#1190,.F.);
#594=ORIENTED_EDGE('',*,*,#1204,.F.);
#595=ORIENTED_EDGE('',*,*,#1163,.F.);
#596=ORIENTED_EDGE('',*,*,#1201,.T.);
#597=ORIENTED_EDGE('',*,*,#1182,.F.);
#598=ORIENTED_EDGE('',*,*,#1205,.T.);
#599=ORIENTED_EDGE('',*,*,#1202,.T.);
#600=ORIENTED_EDGE('',*,*,#1175,.T.);
#601=ORIENTED_EDGE('',*,*,#1206,.F.);
#602=ORIENTED_EDGE('',*,*,#1188,.F.);
#603=ORIENTED_EDGE('',*,*,#1207,.T.);
#604=ORIENTED_EDGE('',*,*,#1199,.F.);
#605=ORIENTED_EDGE('',*,*,#1208,.T.);
#606=ORIENTED_EDGE('',*,*,#1184,.F.);
#607=ORIENTED_EDGE('',*,*,#1204,.T.);
#608=ORIENTED_EDGE('',*,*,#1189,.F.);
#609=ORIENTED_EDGE('',*,*,#1206,.T.);
#610=ORIENTED_EDGE('',*,*,#1164,.F.);
#611=ORIENTED_EDGE('',*,*,#1209,.F.);
#612=ORIENTED_EDGE('',*,*,#1200,.F.);
#613=ORIENTED_EDGE('',*,*,#1207,.F.);
#614=ORIENTED_EDGE('',*,*,#1187,.F.);
#615=ORIENTED_EDGE('',*,*,#1210,.F.);
#616=ORIENTED_EDGE('',*,*,#1209,.T.);
#617=ORIENTED_EDGE('',*,*,#1211,.F.);
#618=ORIENTED_EDGE('',*,*,#1203,.F.);
#619=ORIENTED_EDGE('',*,*,#1196,.F.);
#620=ORIENTED_EDGE('',*,*,#1212,.F.);
#621=ORIENTED_EDGE('',*,*,#1191,.F.);
#622=ORIENTED_EDGE('',*,*,#1211,.T.);
#623=ORIENTED_EDGE('',*,*,#1192,.F.);
#624=ORIENTED_EDGE('',*,*,#1213,.F.);
#625=ORIENTED_EDGE('',*,*,#1178,.F.);
#626=ORIENTED_EDGE('',*,*,#1210,.T.);
#627=ORIENTED_EDGE('',*,*,#1177,.F.);
#628=ORIENTED_EDGE('',*,*,#1214,.F.);
#629=ORIENTED_EDGE('',*,*,#1197,.F.);
#630=ORIENTED_EDGE('',*,*,#1208,.F.);
#631=ORIENTED_EDGE('',*,*,#1198,.F.);
#632=ORIENTED_EDGE('',*,*,#1215,.F.);
#633=ORIENTED_EDGE('',*,*,#1185,.F.);
#634=ORIENTED_EDGE('',*,*,#1213,.T.);
#635=ORIENTED_EDGE('',*,*,#1212,.T.);
#636=ORIENTED_EDGE('',*,*,#1216,.F.);
#637=ORIENTED_EDGE('',*,*,#1215,.T.);
#638=ORIENTED_EDGE('',*,*,#1214,.T.);
#639=ORIENTED_EDGE('',*,*,#1217,.F.);
#640=ORIENTED_EDGE('',*,*,#1216,.T.);
#641=ORIENTED_EDGE('',*,*,#1195,.F.);
#642=ORIENTED_EDGE('',*,*,#1218,.F.);
#643=ORIENTED_EDGE('',*,*,#1179,.F.);
#644=ORIENTED_EDGE('',*,*,#1217,.T.);
#645=ORIENTED_EDGE('',*,*,#1180,.F.);
#646=ORIENTED_EDGE('',*,*,#1219,.F.);
#647=ORIENTED_EDGE('',*,*,#1186,.F.);
#648=ORIENTED_EDGE('',*,*,#1219,.T.);
#649=ORIENTED_EDGE('',*,*,#1218,.T.);
#650=ORIENTED_EDGE('',*,*,#1220,.F.);
#651=ORIENTED_EDGE('',*,*,#1220,.T.);
#652=ORIENTED_EDGE('',*,*,#1194,.F.);
#653=ORIENTED_EDGE('',*,*,#1205,.F.);
#654=ORIENTED_EDGE('',*,*,#1181,.F.);
#655=ORIENTED_EDGE('',*,*,#1221,.T.);
#656=ORIENTED_EDGE('',*,*,#1222,.T.);
#657=ORIENTED_EDGE('',*,*,#1223,.T.);
#658=ORIENTED_EDGE('',*,*,#1224,.T.);
#659=ORIENTED_EDGE('',*,*,#1225,.T.);
#660=ORIENTED_EDGE('',*,*,#1226,.T.);
#661=ORIENTED_EDGE('',*,*,#1227,.T.);
#662=ORIENTED_EDGE('',*,*,#1228,.T.);
#663=ORIENTED_EDGE('',*,*,#1229,.T.);
#664=ORIENTED_EDGE('',*,*,#1230,.T.);
#665=ORIENTED_EDGE('',*,*,#1231,.T.);
#666=ORIENTED_EDGE('',*,*,#1232,.T.);
#667=ORIENTED_EDGE('',*,*,#1233,.T.);
#668=ORIENTED_EDGE('',*,*,#1234,.T.);
#669=ORIENTED_EDGE('',*,*,#1235,.T.);
#670=ORIENTED_EDGE('',*,*,#1236,.T.);
#671=ORIENTED_EDGE('',*,*,#1237,.T.);
#672=ORIENTED_EDGE('',*,*,#1238,.T.);
#673=ORIENTED_EDGE('',*,*,#1239,.T.);
#674=ORIENTED_EDGE('',*,*,#1240,.T.);
#675=ORIENTED_EDGE('',*,*,#1241,.T.);
#676=ORIENTED_EDGE('',*,*,#1242,.T.);
#677=ORIENTED_EDGE('',*,*,#1243,.T.);
#678=ORIENTED_EDGE('',*,*,#1244,.T.);
#679=ORIENTED_EDGE('',*,*,#1245,.F.);
#680=ORIENTED_EDGE('',*,*,#1158,.F.);
#681=ORIENTED_EDGE('',*,*,#1246,.F.);
#682=ORIENTED_EDGE('',*,*,#1233,.F.);
#683=ORIENTED_EDGE('',*,*,#1246,.T.);
#684=ORIENTED_EDGE('',*,*,#1157,.F.);
#685=ORIENTED_EDGE('',*,*,#1247,.F.);
#686=ORIENTED_EDGE('',*,*,#1226,.F.);
#687=ORIENTED_EDGE('',*,*,#1248,.T.);
#688=ORIENTED_EDGE('',*,*,#1239,.F.);
#689=ORIENTED_EDGE('',*,*,#1249,.T.);
#690=ORIENTED_EDGE('',*,*,#1234,.F.);
#691=ORIENTED_EDGE('',*,*,#1241,.F.);
#692=ORIENTED_EDGE('',*,*,#1250,.T.);
#693=ORIENTED_EDGE('',*,*,#1228,.F.);
#694=ORIENTED_EDGE('',*,*,#1251,.F.);
#695=ORIENTED_EDGE('',*,*,#1176,.F.);
#696=ORIENTED_EDGE('',*,*,#1245,.T.);
#697=ORIENTED_EDGE('',*,*,#1232,.F.);
#698=ORIENTED_EDGE('',*,*,#1252,.T.);
#699=ORIENTED_EDGE('',*,*,#1247,.T.);
#700=ORIENTED_EDGE('',*,*,#1156,.F.);
#701=ORIENTED_EDGE('',*,*,#1251,.T.);
#702=ORIENTED_EDGE('',*,*,#1227,.F.);
#703=ORIENTED_EDGE('',*,*,#1253,.F.);
#704=ORIENTED_EDGE('',*,*,#1229,.F.);
#705=ORIENTED_EDGE('',*,*,#1250,.F.);
#706=ORIENTED_EDGE('',*,*,#1244,.F.);
#707=ORIENTED_EDGE('',*,*,#1254,.F.);
#708=ORIENTED_EDGE('',*,*,#1253,.T.);
#709=ORIENTED_EDGE('',*,*,#1255,.F.);
#710=ORIENTED_EDGE('',*,*,#1252,.F.);
#711=ORIENTED_EDGE('',*,*,#1231,.F.);
#712=ORIENTED_EDGE('',*,*,#1256,.F.);
#713=ORIENTED_EDGE('',*,*,#1242,.F.);
#714=ORIENTED_EDGE('',*,*,#1255,.T.);
#715=ORIENTED_EDGE('',*,*,#1243,.F.);
#716=ORIENTED_EDGE('',*,*,#1257,.F.);
#717=ORIENTED_EDGE('',*,*,#1223,.F.);
#718=ORIENTED_EDGE('',*,*,#1254,.T.);
#719=ORIENTED_EDGE('',*,*,#1222,.F.);
#720=ORIENTED_EDGE('',*,*,#1258,.F.);
#721=ORIENTED_EDGE('',*,*,#1230,.F.);
#722=ORIENTED_EDGE('',*,*,#1248,.F.);
#723=ORIENTED_EDGE('',*,*,#1225,.F.);
#724=ORIENTED_EDGE('',*,*,#1259,.F.);
#725=ORIENTED_EDGE('',*,*,#1240,.F.);
#726=ORIENTED_EDGE('',*,*,#1257,.T.);
#727=ORIENTED_EDGE('',*,*,#1256,.T.);
#728=ORIENTED_EDGE('',*,*,#1260,.F.);
#729=ORIENTED_EDGE('',*,*,#1259,.T.);
#730=ORIENTED_EDGE('',*,*,#1258,.T.);
#731=ORIENTED_EDGE('',*,*,#1261,.F.);
#732=ORIENTED_EDGE('',*,*,#1260,.T.);
#733=ORIENTED_EDGE('',*,*,#1236,.F.);
#734=ORIENTED_EDGE('',*,*,#1262,.F.);
#735=ORIENTED_EDGE('',*,*,#1224,.F.);
#736=ORIENTED_EDGE('',*,*,#1261,.T.);
#737=ORIENTED_EDGE('',*,*,#1221,.F.);
#738=ORIENTED_EDGE('',*,*,#1263,.F.);
#739=ORIENTED_EDGE('',*,*,#1237,.F.);
#740=ORIENTED_EDGE('',*,*,#1263,.T.);
#741=ORIENTED_EDGE('',*,*,#1262,.T.);
#742=ORIENTED_EDGE('',*,*,#1264,.F.);
#743=ORIENTED_EDGE('',*,*,#1264,.T.);
#744=ORIENTED_EDGE('',*,*,#1235,.F.);
#745=ORIENTED_EDGE('',*,*,#1249,.F.);
#746=ORIENTED_EDGE('',*,*,#1238,.F.);
#747=ORIENTED_EDGE('',*,*,#1265,.F.);
#748=ORIENTED_EDGE('',*,*,#1266,.F.);
#749=ORIENTED_EDGE('',*,*,#1267,.F.);
#750=ORIENTED_EDGE('',*,*,#1268,.F.);
#751=ORIENTED_EDGE('',*,*,#1269,.T.);
#752=ORIENTED_EDGE('',*,*,#1270,.T.);
#753=ORIENTED_EDGE('',*,*,#1271,.T.);
#754=ORIENTED_EDGE('',*,*,#1272,.F.);
#755=ORIENTED_EDGE('',*,*,#1273,.F.);
#756=ORIENTED_EDGE('',*,*,#1274,.F.);
#757=ORIENTED_EDGE('',*,*,#1275,.F.);
#758=ORIENTED_EDGE('',*,*,#1276,.F.);
#759=ORIENTED_EDGE('',*,*,#1277,.F.);
#760=ORIENTED_EDGE('',*,*,#1278,.T.);
#761=ORIENTED_EDGE('',*,*,#1279,.T.);
#762=ORIENTED_EDGE('',*,*,#1280,.F.);
#763=ORIENTED_EDGE('',*,*,#1281,.F.);
#764=ORIENTED_EDGE('',*,*,#1282,.T.);
#765=ORIENTED_EDGE('',*,*,#1283,.T.);
#766=ORIENTED_EDGE('',*,*,#1284,.F.);
#767=ORIENTED_EDGE('',*,*,#1285,.F.);
#768=ORIENTED_EDGE('',*,*,#1286,.T.);
#769=ORIENTED_EDGE('',*,*,#1277,.T.);
#770=ORIENTED_EDGE('',*,*,#1287,.F.);
#771=ORIENTED_EDGE('',*,*,#1283,.F.);
#772=ORIENTED_EDGE('',*,*,#1288,.T.);
#773=ORIENTED_EDGE('',*,*,#1285,.T.);
#774=ORIENTED_EDGE('',*,*,#1289,.F.);
#775=ORIENTED_EDGE('',*,*,#1290,.F.);
#776=ORIENTED_EDGE('',*,*,#1291,.T.);
#777=ORIENTED_EDGE('',*,*,#1281,.T.);
#778=ORIENTED_EDGE('',*,*,#1292,.F.);
#779=ORIENTED_EDGE('',*,*,#1293,.F.);
#780=ORIENTED_EDGE('',*,*,#1294,.T.);
#781=ORIENTED_EDGE('',*,*,#1295,.T.);
#782=ORIENTED_EDGE('',*,*,#1296,.F.);
#783=ORIENTED_EDGE('',*,*,#1297,.F.);
#784=ORIENTED_EDGE('',*,*,#1298,.T.);
#785=ORIENTED_EDGE('',*,*,#1290,.T.);
#786=ORIENTED_EDGE('',*,*,#1299,.F.);
#787=ORIENTED_EDGE('',*,*,#1295,.F.);
#788=ORIENTED_EDGE('',*,*,#1300,.T.);
#789=ORIENTED_EDGE('',*,*,#1297,.T.);
#790=ORIENTED_EDGE('',*,*,#1301,.F.);
#791=ORIENTED_EDGE('',*,*,#1302,.F.);
#792=ORIENTED_EDGE('',*,*,#1303,.T.);
#793=ORIENTED_EDGE('',*,*,#1293,.T.);
#794=ORIENTED_EDGE('',*,*,#1304,.F.);
#795=ORIENTED_EDGE('',*,*,#1305,.F.);
#796=ORIENTED_EDGE('',*,*,#1306,.T.);
#797=ORIENTED_EDGE('',*,*,#1307,.T.);
#798=ORIENTED_EDGE('',*,*,#1308,.F.);
#799=ORIENTED_EDGE('',*,*,#1309,.F.);
#800=ORIENTED_EDGE('',*,*,#1310,.T.);
#801=ORIENTED_EDGE('',*,*,#1302,.T.);
#802=ORIENTED_EDGE('',*,*,#1311,.F.);
#803=ORIENTED_EDGE('',*,*,#1307,.F.);
#804=ORIENTED_EDGE('',*,*,#1312,.T.);
#805=ORIENTED_EDGE('',*,*,#1309,.T.);
#806=ORIENTED_EDGE('',*,*,#1313,.F.);
#807=ORIENTED_EDGE('',*,*,#1314,.F.);
#808=ORIENTED_EDGE('',*,*,#1315,.T.);
#809=ORIENTED_EDGE('',*,*,#1305,.T.);
#810=ORIENTED_EDGE('',*,*,#1316,.F.);
#811=ORIENTED_EDGE('',*,*,#1317,.F.);
#812=ORIENTED_EDGE('',*,*,#1318,.T.);
#813=ORIENTED_EDGE('',*,*,#1319,.T.);
#814=ORIENTED_EDGE('',*,*,#1320,.F.);
#815=ORIENTED_EDGE('',*,*,#1321,.F.);
#816=ORIENTED_EDGE('',*,*,#1322,.T.);
#817=ORIENTED_EDGE('',*,*,#1314,.T.);
#818=ORIENTED_EDGE('',*,*,#1323,.F.);
#819=ORIENTED_EDGE('',*,*,#1319,.F.);
#820=ORIENTED_EDGE('',*,*,#1324,.T.);
#821=ORIENTED_EDGE('',*,*,#1321,.T.);
#822=ORIENTED_EDGE('',*,*,#1325,.F.);
#823=ORIENTED_EDGE('',*,*,#1326,.F.);
#824=ORIENTED_EDGE('',*,*,#1327,.T.);
#825=ORIENTED_EDGE('',*,*,#1317,.T.);
#826=ORIENTED_EDGE('',*,*,#1328,.F.);
#827=ORIENTED_EDGE('',*,*,#1329,.F.);
#828=ORIENTED_EDGE('',*,*,#1330,.T.);
#829=ORIENTED_EDGE('',*,*,#1331,.T.);
#830=ORIENTED_EDGE('',*,*,#1332,.F.);
#831=ORIENTED_EDGE('',*,*,#1333,.F.);
#832=ORIENTED_EDGE('',*,*,#1334,.T.);
#833=ORIENTED_EDGE('',*,*,#1326,.T.);
#834=ORIENTED_EDGE('',*,*,#1335,.F.);
#835=ORIENTED_EDGE('',*,*,#1331,.F.);
#836=ORIENTED_EDGE('',*,*,#1336,.T.);
#837=ORIENTED_EDGE('',*,*,#1333,.T.);
#838=ORIENTED_EDGE('',*,*,#1337,.F.);
#839=ORIENTED_EDGE('',*,*,#1338,.F.);
#840=ORIENTED_EDGE('',*,*,#1339,.T.);
#841=ORIENTED_EDGE('',*,*,#1329,.T.);
#842=ORIENTED_EDGE('',*,*,#1340,.F.);
#843=ORIENTED_EDGE('',*,*,#1341,.F.);
#844=ORIENTED_EDGE('',*,*,#1342,.T.);
#845=ORIENTED_EDGE('',*,*,#1343,.T.);
#846=ORIENTED_EDGE('',*,*,#1344,.F.);
#847=ORIENTED_EDGE('',*,*,#1345,.F.);
#848=ORIENTED_EDGE('',*,*,#1346,.T.);
#849=ORIENTED_EDGE('',*,*,#1338,.T.);
#850=ORIENTED_EDGE('',*,*,#1347,.F.);
#851=ORIENTED_EDGE('',*,*,#1343,.F.);
#852=ORIENTED_EDGE('',*,*,#1348,.T.);
#853=ORIENTED_EDGE('',*,*,#1345,.T.);
#854=ORIENTED_EDGE('',*,*,#1349,.F.);
#855=ORIENTED_EDGE('',*,*,#1350,.F.);
#856=ORIENTED_EDGE('',*,*,#1351,.T.);
#857=ORIENTED_EDGE('',*,*,#1352,.T.);
#858=ORIENTED_EDGE('',*,*,#1353,.F.);
#859=ORIENTED_EDGE('',*,*,#1354,.F.);
#860=ORIENTED_EDGE('',*,*,#1355,.T.);
#861=ORIENTED_EDGE('',*,*,#1350,.T.);
#862=ORIENTED_EDGE('',*,*,#1270,.F.);
#863=ORIENTED_EDGE('',*,*,#1356,.T.);
#864=ORIENTED_EDGE('',*,*,#1357,.F.);
#865=ORIENTED_EDGE('',*,*,#1354,.T.);
#866=ORIENTED_EDGE('',*,*,#1358,.T.);
#867=ORIENTED_EDGE('',*,*,#1271,.F.);
#868=ORIENTED_EDGE('',*,*,#1359,.F.);
#869=ORIENTED_EDGE('',*,*,#1279,.F.);
#870=ORIENTED_EDGE('',*,*,#1360,.T.);
#871=ORIENTED_EDGE('',*,*,#1361,.F.);
#872=ORIENTED_EDGE('',*,*,#1362,.F.);
#873=ORIENTED_EDGE('',*,*,#1363,.F.);
#874=ORIENTED_EDGE('',*,*,#1364,.T.);
#875=ORIENTED_EDGE('',*,*,#1341,.T.);
#876=ORIENTED_EDGE('',*,*,#1365,.F.);
#877=ORIENTED_EDGE('',*,*,#1366,.F.);
#878=ORIENTED_EDGE('',*,*,#1367,.T.);
#879=ORIENTED_EDGE('',*,*,#1363,.T.);
#880=ORIENTED_EDGE('',*,*,#1368,.F.);
#881=ORIENTED_EDGE('',*,*,#1352,.F.);
#882=ORIENTED_EDGE('',*,*,#1369,.T.);
#883=ORIENTED_EDGE('',*,*,#1366,.T.);
#884=ORIENTED_EDGE('',*,*,#1370,.F.);
#885=ORIENTED_EDGE('',*,*,#1360,.F.);
#886=ORIENTED_EDGE('',*,*,#1278,.F.);
#887=ORIENTED_EDGE('',*,*,#1286,.F.);
#888=ORIENTED_EDGE('',*,*,#1288,.F.);
#889=ORIENTED_EDGE('',*,*,#1282,.F.);
#890=ORIENTED_EDGE('',*,*,#1291,.F.);
#891=ORIENTED_EDGE('',*,*,#1298,.F.);
#892=ORIENTED_EDGE('',*,*,#1300,.F.);
#893=ORIENTED_EDGE('',*,*,#1294,.F.);
#894=ORIENTED_EDGE('',*,*,#1303,.F.);
#895=ORIENTED_EDGE('',*,*,#1310,.F.);
#896=ORIENTED_EDGE('',*,*,#1312,.F.);
#897=ORIENTED_EDGE('',*,*,#1306,.F.);
#898=ORIENTED_EDGE('',*,*,#1315,.F.);
#899=ORIENTED_EDGE('',*,*,#1322,.F.);
#900=ORIENTED_EDGE('',*,*,#1324,.F.);
#901=ORIENTED_EDGE('',*,*,#1318,.F.);
#902=ORIENTED_EDGE('',*,*,#1327,.F.);
#903=ORIENTED_EDGE('',*,*,#1334,.F.);
#904=ORIENTED_EDGE('',*,*,#1336,.F.);
#905=ORIENTED_EDGE('',*,*,#1330,.F.);
#906=ORIENTED_EDGE('',*,*,#1339,.F.);
#907=ORIENTED_EDGE('',*,*,#1346,.F.);
#908=ORIENTED_EDGE('',*,*,#1348,.F.);
#909=ORIENTED_EDGE('',*,*,#1342,.F.);
#910=ORIENTED_EDGE('',*,*,#1364,.F.);
#911=ORIENTED_EDGE('',*,*,#1367,.F.);
#912=ORIENTED_EDGE('',*,*,#1369,.F.);
#913=ORIENTED_EDGE('',*,*,#1351,.F.);
#914=ORIENTED_EDGE('',*,*,#1355,.F.);
#915=ORIENTED_EDGE('',*,*,#1357,.T.);
#916=ORIENTED_EDGE('',*,*,#1359,.T.);
#917=ORIENTED_EDGE('',*,*,#1371,.T.);
#918=ORIENTED_EDGE('',*,*,#1358,.F.);
#919=ORIENTED_EDGE('',*,*,#1353,.T.);
#920=ORIENTED_EDGE('',*,*,#1349,.T.);
#921=ORIENTED_EDGE('',*,*,#1368,.T.);
#922=ORIENTED_EDGE('',*,*,#1365,.T.);
#923=ORIENTED_EDGE('',*,*,#1362,.T.);
#924=ORIENTED_EDGE('',*,*,#1340,.T.);
#925=ORIENTED_EDGE('',*,*,#1347,.T.);
#926=ORIENTED_EDGE('',*,*,#1344,.T.);
#927=ORIENTED_EDGE('',*,*,#1337,.T.);
#928=ORIENTED_EDGE('',*,*,#1328,.T.);
#929=ORIENTED_EDGE('',*,*,#1335,.T.);
#930=ORIENTED_EDGE('',*,*,#1332,.T.);
#931=ORIENTED_EDGE('',*,*,#1325,.T.);
#932=ORIENTED_EDGE('',*,*,#1316,.T.);
#933=ORIENTED_EDGE('',*,*,#1323,.T.);
#934=ORIENTED_EDGE('',*,*,#1320,.T.);
#935=ORIENTED_EDGE('',*,*,#1313,.T.);
#936=ORIENTED_EDGE('',*,*,#1304,.T.);
#937=ORIENTED_EDGE('',*,*,#1311,.T.);
#938=ORIENTED_EDGE('',*,*,#1308,.T.);
#939=ORIENTED_EDGE('',*,*,#1301,.T.);
#940=ORIENTED_EDGE('',*,*,#1292,.T.);
#941=ORIENTED_EDGE('',*,*,#1299,.T.);
#942=ORIENTED_EDGE('',*,*,#1296,.T.);
#943=ORIENTED_EDGE('',*,*,#1289,.T.);
#944=ORIENTED_EDGE('',*,*,#1280,.T.);
#945=ORIENTED_EDGE('',*,*,#1287,.T.);
#946=ORIENTED_EDGE('',*,*,#1284,.T.);
#947=ORIENTED_EDGE('',*,*,#1276,.T.);
#948=ORIENTED_EDGE('',*,*,#1372,.F.);
#949=ORIENTED_EDGE('',*,*,#1373,.F.);
#950=ORIENTED_EDGE('',*,*,#1374,.F.);
#951=ORIENTED_EDGE('',*,*,#1375,.F.);
#952=ORIENTED_EDGE('',*,*,#1376,.F.);
#953=ORIENTED_EDGE('',*,*,#1377,.F.);
#954=ORIENTED_EDGE('',*,*,#1378,.F.);
#955=ORIENTED_EDGE('',*,*,#1379,.F.);
#956=ORIENTED_EDGE('',*,*,#1380,.F.);
#957=ORIENTED_EDGE('',*,*,#1381,.F.);
#958=ORIENTED_EDGE('',*,*,#1382,.F.);
#959=ORIENTED_EDGE('',*,*,#1383,.F.);
#960=ORIENTED_EDGE('',*,*,#1384,.F.);
#961=ORIENTED_EDGE('',*,*,#1385,.F.);
#962=ORIENTED_EDGE('',*,*,#1386,.F.);
#963=ORIENTED_EDGE('',*,*,#1387,.F.);
#964=ORIENTED_EDGE('',*,*,#1388,.F.);
#965=ORIENTED_EDGE('',*,*,#1361,.T.);
#966=ORIENTED_EDGE('',*,*,#1370,.T.);
#967=ORIENTED_EDGE('',*,*,#1356,.F.);
#968=ORIENTED_EDGE('',*,*,#1371,.F.);
#969=ORIENTED_EDGE('',*,*,#1388,.T.);
#970=ORIENTED_EDGE('',*,*,#1269,.F.);
#971=ORIENTED_EDGE('',*,*,#1389,.F.);
#972=ORIENTED_EDGE('',*,*,#1390,.T.);
#973=ORIENTED_EDGE('',*,*,#1391,.T.);
#974=ORIENTED_EDGE('',*,*,#1392,.T.);
#975=ORIENTED_EDGE('',*,*,#1393,.F.);
#976=ORIENTED_EDGE('',*,*,#1394,.F.);
#977=ORIENTED_EDGE('',*,*,#1395,.F.);
#978=ORIENTED_EDGE('',*,*,#1390,.F.);
#979=ORIENTED_EDGE('',*,*,#1396,.T.);
#980=ORIENTED_EDGE('',*,*,#1394,.T.);
#981=ORIENTED_EDGE('',*,*,#1397,.T.);
#982=ORIENTED_EDGE('',*,*,#1398,.T.);
#983=ORIENTED_EDGE('',*,*,#1399,.T.);
#984=ORIENTED_EDGE('',*,*,#1400,.T.);
#985=ORIENTED_EDGE('',*,*,#1401,.T.);
#986=ORIENTED_EDGE('',*,*,#1402,.T.);
#987=ORIENTED_EDGE('',*,*,#1403,.F.);
#988=ORIENTED_EDGE('',*,*,#1400,.F.);
#989=ORIENTED_EDGE('',*,*,#1404,.F.);
#990=ORIENTED_EDGE('',*,*,#1405,.F.);
#991=ORIENTED_EDGE('',*,*,#1406,.T.);
#992=ORIENTED_EDGE('',*,*,#1405,.T.);
#993=ORIENTED_EDGE('',*,*,#1407,.T.);
#994=ORIENTED_EDGE('',*,*,#1408,.T.);
#995=ORIENTED_EDGE('',*,*,#1408,.F.);
#996=ORIENTED_EDGE('',*,*,#1409,.F.);
#997=ORIENTED_EDGE('',*,*,#1392,.F.);
#998=ORIENTED_EDGE('',*,*,#1410,.F.);
#999=ORIENTED_EDGE('',*,*,#1411,.F.);
#1000=ORIENTED_EDGE('',*,*,#1412,.F.);
#1001=ORIENTED_EDGE('',*,*,#1384,.T.);
#1002=ORIENTED_EDGE('',*,*,#1413,.F.);
#1003=ORIENTED_EDGE('',*,*,#1389,.T.);
#1004=ORIENTED_EDGE('',*,*,#1414,.F.);
#1005=ORIENTED_EDGE('',*,*,#1383,.T.);
#1006=ORIENTED_EDGE('',*,*,#1415,.F.);
#1007=ORIENTED_EDGE('',*,*,#1393,.T.);
#1008=ORIENTED_EDGE('',*,*,#1413,.T.);
#1009=ORIENTED_EDGE('',*,*,#1385,.T.);
#1010=ORIENTED_EDGE('',*,*,#1414,.T.);
#1011=ORIENTED_EDGE('',*,*,#1409,.T.);
#1012=ORIENTED_EDGE('',*,*,#1416,.F.);
#1013=ORIENTED_EDGE('',*,*,#1382,.T.);
#1014=ORIENTED_EDGE('',*,*,#1417,.F.);
#1015=ORIENTED_EDGE('',*,*,#1397,.F.);
#1016=ORIENTED_EDGE('',*,*,#1415,.T.);
#1017=ORIENTED_EDGE('',*,*,#1386,.T.);
#1018=ORIENTED_EDGE('',*,*,#1416,.T.);
#1019=ORIENTED_EDGE('',*,*,#1407,.F.);
#1020=ORIENTED_EDGE('',*,*,#1418,.F.);
#1021=ORIENTED_EDGE('',*,*,#1381,.T.);
#1022=ORIENTED_EDGE('',*,*,#1419,.F.);
#1023=ORIENTED_EDGE('',*,*,#1420,.T.);
#1024=ORIENTED_EDGE('',*,*,#1417,.T.);
#1025=ORIENTED_EDGE('',*,*,#1387,.T.);
#1026=ORIENTED_EDGE('',*,*,#1418,.T.);
#1027=ORIENTED_EDGE('',*,*,#1404,.T.);
#1028=ORIENTED_EDGE('',*,*,#1421,.F.);
#1029=ORIENTED_EDGE('',*,*,#1380,.T.);
#1030=ORIENTED_EDGE('',*,*,#1421,.T.);
#1031=ORIENTED_EDGE('',*,*,#1399,.F.);
#1032=ORIENTED_EDGE('',*,*,#1419,.T.);
#1033=ORIENTED_EDGE('',*,*,#1398,.F.);
#1034=ORIENTED_EDGE('',*,*,#1420,.F.);
#1035=ORIENTED_EDGE('',*,*,#1402,.F.);
#1036=ORIENTED_EDGE('',*,*,#1422,.F.);
#1037=ORIENTED_EDGE('',*,*,#1423,.F.);
#1038=ORIENTED_EDGE('',*,*,#1424,.F.);
#1039=ORIENTED_EDGE('',*,*,#1267,.T.);
#1040=ORIENTED_EDGE('',*,*,#1425,.F.);
#1041=ORIENTED_EDGE('',*,*,#1423,.T.);
#1042=ORIENTED_EDGE('',*,*,#1426,.F.);
#1043=ORIENTED_EDGE('',*,*,#1268,.T.);
#1044=ORIENTED_EDGE('',*,*,#1426,.T.);
#1045=ORIENTED_EDGE('',*,*,#1422,.T.);
#1046=ORIENTED_EDGE('',*,*,#1401,.F.);
#1047=ORIENTED_EDGE('',*,*,#1403,.T.);
#1048=ORIENTED_EDGE('',*,*,#1406,.F.);
#1049=ORIENTED_EDGE('',*,*,#1412,.T.);
#1050=ORIENTED_EDGE('',*,*,#1427,.F.);
#1051=ORIENTED_EDGE('',*,*,#1266,.T.);
#1052=ORIENTED_EDGE('',*,*,#1428,.F.);
#1053=ORIENTED_EDGE('',*,*,#1410,.T.);
#1054=ORIENTED_EDGE('',*,*,#1391,.F.);
#1055=ORIENTED_EDGE('',*,*,#1395,.T.);
#1056=ORIENTED_EDGE('',*,*,#1396,.F.);
#1057=ORIENTED_EDGE('',*,*,#1424,.T.);
#1058=ORIENTED_EDGE('',*,*,#1425,.T.);
#1059=ORIENTED_EDGE('',*,*,#1265,.T.);
#1060=ORIENTED_EDGE('',*,*,#1427,.T.);
#1061=ORIENTED_EDGE('',*,*,#1411,.T.);
#1062=ORIENTED_EDGE('',*,*,#1428,.T.);
#1063=ORIENTED_EDGE('',*,*,#1272,.T.);
#1064=ORIENTED_EDGE('',*,*,#1429,.T.);
#1065=ORIENTED_EDGE('',*,*,#1430,.T.);
#1066=ORIENTED_EDGE('',*,*,#1431,.T.);
#1067=ORIENTED_EDGE('',*,*,#1275,.T.);
#1068=ORIENTED_EDGE('',*,*,#1432,.T.);
#1069=ORIENTED_EDGE('',*,*,#1433,.T.);
#1070=ORIENTED_EDGE('',*,*,#1434,.F.);
#1071=ORIENTED_EDGE('',*,*,#1435,.T.);
#1072=ORIENTED_EDGE('',*,*,#1436,.F.);
#1073=ORIENTED_EDGE('',*,*,#1437,.T.);
#1074=ORIENTED_EDGE('',*,*,#1429,.F.);
#1075=ORIENTED_EDGE('',*,*,#1273,.T.);
#1076=ORIENTED_EDGE('',*,*,#1431,.F.);
#1077=ORIENTED_EDGE('',*,*,#1438,.T.);
#1078=ORIENTED_EDGE('',*,*,#1439,.F.);
#1079=ORIENTED_EDGE('',*,*,#1440,.T.);
#1080=ORIENTED_EDGE('',*,*,#1441,.F.);
#1081=ORIENTED_EDGE('',*,*,#1442,.T.);
#1082=ORIENTED_EDGE('',*,*,#1443,.T.);
#1083=ORIENTED_EDGE('',*,*,#1274,.T.);
#1084=ORIENTED_EDGE('',*,*,#1443,.F.);
#1085=ORIENTED_EDGE('',*,*,#1444,.T.);
#1086=ORIENTED_EDGE('',*,*,#1432,.F.);
#1087=ORIENTED_EDGE('',*,*,#1445,.F.);
#1088=ORIENTED_EDGE('',*,*,#1446,.F.);
#1089=ORIENTED_EDGE('',*,*,#1447,.F.);
#1090=ORIENTED_EDGE('',*,*,#1438,.F.);
#1091=ORIENTED_EDGE('',*,*,#1430,.F.);
#1092=ORIENTED_EDGE('',*,*,#1437,.F.);
#1093=ORIENTED_EDGE('',*,*,#1448,.F.);
#1094=ORIENTED_EDGE('',*,*,#1449,.F.);
#1095=ORIENTED_EDGE('',*,*,#1450,.F.);
#1096=ORIENTED_EDGE('',*,*,#1433,.F.);
#1097=ORIENTED_EDGE('',*,*,#1444,.F.);
#1098=ORIENTED_EDGE('',*,*,#1442,.F.);
#1099=ORIENTED_EDGE('',*,*,#1435,.F.);
#1100=ORIENTED_EDGE('',*,*,#1451,.F.);
#1101=ORIENTED_EDGE('',*,*,#1452,.F.);
#1102=ORIENTED_EDGE('',*,*,#1453,.F.);
#1103=ORIENTED_EDGE('',*,*,#1454,.F.);
#1104=ORIENTED_EDGE('',*,*,#1455,.F.);
#1105=ORIENTED_EDGE('',*,*,#1440,.F.);
#1106=ORIENTED_EDGE('',*,*,#1456,.F.);
#1107=ORIENTED_EDGE('',*,*,#1457,.T.);
#1108=ORIENTED_EDGE('',*,*,#1448,.T.);
#1109=ORIENTED_EDGE('',*,*,#1441,.T.);
#1110=ORIENTED_EDGE('',*,*,#1455,.T.);
#1111=ORIENTED_EDGE('',*,*,#1372,.T.);
#1112=ORIENTED_EDGE('',*,*,#1458,.T.);
#1113=ORIENTED_EDGE('',*,*,#1457,.F.);
#1114=ORIENTED_EDGE('',*,*,#1459,.T.);
#1115=ORIENTED_EDGE('',*,*,#1434,.T.);
#1116=ORIENTED_EDGE('',*,*,#1450,.T.);
#1117=ORIENTED_EDGE('',*,*,#1460,.T.);
#1118=ORIENTED_EDGE('',*,*,#1451,.T.);
#1119=ORIENTED_EDGE('',*,*,#1379,.T.);
#1120=ORIENTED_EDGE('',*,*,#1461,.T.);
#1121=ORIENTED_EDGE('',*,*,#1449,.T.);
#1122=ORIENTED_EDGE('',*,*,#1458,.F.);
#1123=ORIENTED_EDGE('',*,*,#1373,.T.);
#1124=ORIENTED_EDGE('',*,*,#1459,.F.);
#1125=ORIENTED_EDGE('',*,*,#1454,.T.);
#1126=ORIENTED_EDGE('',*,*,#1462,.T.);
#1127=ORIENTED_EDGE('',*,*,#1439,.T.);
#1128=ORIENTED_EDGE('',*,*,#1447,.T.);
#1129=ORIENTED_EDGE('',*,*,#1463,.T.);
#1130=ORIENTED_EDGE('',*,*,#1456,.T.);
#1131=ORIENTED_EDGE('',*,*,#1378,.T.);
#1132=ORIENTED_EDGE('',*,*,#1464,.T.);
#1133=ORIENTED_EDGE('',*,*,#1460,.F.);
#1134=ORIENTED_EDGE('',*,*,#1461,.F.);
#1135=ORIENTED_EDGE('',*,*,#1374,.T.);
#1136=ORIENTED_EDGE('',*,*,#1462,.F.);
#1137=ORIENTED_EDGE('',*,*,#1463,.F.);
#1138=ORIENTED_EDGE('',*,*,#1465,.T.);
#1139=ORIENTED_EDGE('',*,*,#1377,.T.);
#1140=ORIENTED_EDGE('',*,*,#1466,.T.);
#1141=ORIENTED_EDGE('',*,*,#1452,.T.);
#1142=ORIENTED_EDGE('',*,*,#1464,.F.);
#1143=ORIENTED_EDGE('',*,*,#1375,.T.);
#1144=ORIENTED_EDGE('',*,*,#1465,.F.);
#1145=ORIENTED_EDGE('',*,*,#1446,.T.);
#1146=ORIENTED_EDGE('',*,*,#1467,.T.);
#1147=ORIENTED_EDGE('',*,*,#1376,.T.);
#1148=ORIENTED_EDGE('',*,*,#1467,.F.);
#1149=ORIENTED_EDGE('',*,*,#1468,.T.);
#1150=ORIENTED_EDGE('',*,*,#1466,.F.);
#1151=ORIENTED_EDGE('',*,*,#1468,.F.);
#1152=ORIENTED_EDGE('',*,*,#1445,.T.);
#1153=ORIENTED_EDGE('',*,*,#1436,.T.);
#1154=ORIENTED_EDGE('',*,*,#1453,.T.);
#1155=EDGE_CURVE('',#1469,#1470,#1665,.T.);
#1156=EDGE_CURVE('',#1469,#1471,#171,.F.);
#1157=EDGE_CURVE('',#1471,#1472,#1666,.F.);
#1158=EDGE_CURVE('',#1472,#1473,#172,.T.);
#1159=EDGE_CURVE('',#1474,#1473,#1667,.T.);
#1160=EDGE_CURVE('',#1475,#1474,#173,.T.);
#1161=EDGE_CURVE('',#1475,#1476,#1668,.T.);
#1162=EDGE_CURVE('',#1476,#1477,#174,.T.);
#1163=EDGE_CURVE('',#1477,#1478,#1669,.F.);
#1164=EDGE_CURVE('',#1478,#1479,#175,.F.);
#1165=EDGE_CURVE('',#1479,#1480,#1670,.T.);
#1166=EDGE_CURVE('',#1480,#1470,#176,.T.);
#1167=EDGE_CURVE('',#1481,#1470,#177,.T.);
#1168=EDGE_CURVE('',#1482,#1480,#178,.T.);
#1169=EDGE_CURVE('',#1482,#1481,#179,.T.);
#1170=EDGE_CURVE('',#1483,#1481,#1671,.T.);
#1171=EDGE_CURVE('',#1484,#1482,#1672,.T.);
#1172=EDGE_CURVE('',#1484,#1483,#180,.T.);
#1173=EDGE_CURVE('',#1483,#1474,#181,.T.);
#1174=EDGE_CURVE('',#1484,#1475,#182,.T.);
#1175=EDGE_CURVE('',#1476,#1479,#1673,.T.);
#1176=EDGE_CURVE('',#1473,#1469,#1674,.T.);
#1177=EDGE_CURVE('',#1485,#1486,#183,.T.);
#1178=EDGE_CURVE('',#1486,#1487,#184,.F.);
#1179=EDGE_CURVE('',#1487,#1488,#185,.F.);
#1180=EDGE_CURVE('',#1488,#1485,#186,.T.);
#1181=EDGE_CURVE('',#1489,#1490,#187,.T.);
#1182=EDGE_CURVE('',#1490,#1491,#46,.T.);
#1183=EDGE_CURVE('',#1491,#1492,#188,.T.);
#1184=EDGE_CURVE('',#1492,#1493,#47,.T.);
#1185=EDGE_CURVE('',#1493,#1494,#189,.F.);
#1186=EDGE_CURVE('',#1494,#1489,#190,.F.);
#1187=EDGE_CURVE('',#1495,#1496,#191,.T.);
#1188=EDGE_CURVE('',#1496,#1497,#48,.T.);
#1189=EDGE_CURVE('',#1497,#1498,#192,.T.);
#1190=EDGE_CURVE('',#1498,#1499,#49,.T.);
#1191=EDGE_CURVE('',#1499,#1500,#193,.F.);
#1192=EDGE_CURVE('',#1500,#1495,#194,.T.);
#1193=EDGE_CURVE('',#1501,#1502,#1675,.T.);
#1194=EDGE_CURVE('',#1502,#1503,#195,.F.);
#1195=EDGE_CURVE('',#1503,#1504,#196,.T.);
#1196=EDGE_CURVE('',#1504,#1501,#197,.T.);
#1197=EDGE_CURVE('',#1505,#1506,#198,.F.);
#1198=EDGE_CURVE('',#1506,#1507,#199,.T.);
#1199=EDGE_CURVE('',#1507,#1508,#1676,.F.);
#1200=EDGE_CURVE('',#1508,#1505,#200,.F.);
#1201=EDGE_CURVE('',#1477,#1491,#50,.T.);
#1202=EDGE_CURVE('',#1492,#1476,#51,.F.);
#1203=EDGE_CURVE('',#1501,#1499,#52,.T.);
#1204=EDGE_CURVE('',#1478,#1498,#53,.F.);
#1205=EDGE_CURVE('',#1490,#1502,#54,.T.);
#1206=EDGE_CURVE('',#1497,#1479,#55,.F.);
#1207=EDGE_CURVE('',#1496,#1508,#56,.T.);
#1208=EDGE_CURVE('',#1507,#1493,#57,.T.);
#1209=EDGE_CURVE('',#1505,#1495,#1677,.T.);
#1210=EDGE_CURVE('',#1505,#1486,#1678,.F.);
#1211=EDGE_CURVE('',#1486,#1495,#1679,.F.);
#1212=EDGE_CURVE('',#1500,#1504,#1680,.T.);
#1213=EDGE_CURVE('',#1487,#1500,#1681,.T.);
#1214=EDGE_CURVE('',#1506,#1485,#1682,.T.);
#1215=EDGE_CURVE('',#1494,#1506,#1683,.T.);
#1216=EDGE_CURVE('',#1487,#1504,#1684,.F.);
#1217=EDGE_CURVE('',#1494,#1485,#1685,.F.);
#1218=EDGE_CURVE('',#1488,#1503,#1686,.T.);
#1219=EDGE_CURVE('',#1489,#1488,#1687,.T.);
#1220=EDGE_CURVE('',#1489,#1503,#1688,.F.);
#1221=EDGE_CURVE('',#1509,#1510,#201,.T.);
#1222=EDGE_CURVE('',#1510,#1511,#202,.T.);
#1223=EDGE_CURVE('',#1511,#1512,#203,.F.);
#1224=EDGE_CURVE('',#1512,#1509,#204,.F.);
#1225=EDGE_CURVE('',#1513,#1514,#205,.T.);
#1226=EDGE_CURVE('',#1514,#1515,#58,.T.);
#1227=EDGE_CURVE('',#1515,#1516,#206,.T.);
#1228=EDGE_CURVE('',#1516,#1517,#59,.T.);
#1229=EDGE_CURVE('',#1517,#1518,#207,.F.);
#1230=EDGE_CURVE('',#1518,#1513,#208,.F.);
#1231=EDGE_CURVE('',#1519,#1520,#209,.T.);
#1232=EDGE_CURVE('',#1520,#1521,#60,.T.);
#1233=EDGE_CURVE('',#1521,#1522,#210,.T.);
#1234=EDGE_CURVE('',#1522,#1523,#61,.T.);
#1235=EDGE_CURVE('',#1523,#1524,#211,.F.);
#1236=EDGE_CURVE('',#1524,#1519,#212,.T.);
#1237=EDGE_CURVE('',#1525,#1526,#213,.F.);
#1238=EDGE_CURVE('',#1526,#1527,#214,.T.);
#1239=EDGE_CURVE('',#1527,#1528,#1689,.T.);
#1240=EDGE_CURVE('',#1528,#1525,#215,.F.);
#1241=EDGE_CURVE('',#1529,#1530,#1690,.F.);
#1242=EDGE_CURVE('',#1530,#1531,#216,.F.);
#1243=EDGE_CURVE('',#1531,#1532,#217,.T.);
#1244=EDGE_CURVE('',#1532,#1529,#218,.T.);
#1245=EDGE_CURVE('',#1473,#1521,#62,.F.);
#1246=EDGE_CURVE('',#1522,#1472,#63,.T.);
#1247=EDGE_CURVE('',#1515,#1471,#64,.F.);
#1248=EDGE_CURVE('',#1514,#1528,#65,.T.);
#1249=EDGE_CURVE('',#1527,#1523,#66,.T.);
#1250=EDGE_CURVE('',#1529,#1517,#67,.T.);
#1251=EDGE_CURVE('',#1469,#1516,#68,.F.);
#1252=EDGE_CURVE('',#1520,#1530,#69,.T.);
#1253=EDGE_CURVE('',#1518,#1532,#1691,.T.);
#1254=EDGE_CURVE('',#1518,#1511,#1692,.F.);
#1255=EDGE_CURVE('',#1511,#1532,#1693,.F.);
#1256=EDGE_CURVE('',#1531,#1519,#1694,.T.);
#1257=EDGE_CURVE('',#1512,#1531,#1695,.T.);
#1258=EDGE_CURVE('',#1513,#1510,#1696,.T.);
#1259=EDGE_CURVE('',#1525,#1513,#1697,.T.);
#1260=EDGE_CURVE('',#1512,#1519,#1698,.F.);
#1261=EDGE_CURVE('',#1525,#1510,#1699,.F.);
#1262=EDGE_CURVE('',#1509,#1524,#1700,.T.);
#1263=EDGE_CURVE('',#1526,#1509,#1701,.T.);
#1264=EDGE_CURVE('',#1526,#1524,#1702,.F.);
#1265=EDGE_CURVE('',#1533,#1534,#219,.F.);
#1266=EDGE_CURVE('',#1535,#1533,#1703,.F.);
#1267=EDGE_CURVE('',#1536,#1535,#220,.T.);
#1268=EDGE_CURVE('',#1534,#1536,#1704,.F.);
#1269=EDGE_CURVE('',#1537,#1537,#70,.T.);
#1270=EDGE_CURVE('',#1538,#1538,#1705,.F.);
#1271=EDGE_CURVE('',#1539,#1539,#1706,.T.);
#1272=EDGE_CURVE('',#1540,#1541,#221,.F.);
#1273=EDGE_CURVE('',#1542,#1540,#1707,.F.);
#1274=EDGE_CURVE('',#1543,#1542,#222,.T.);
#1275=EDGE_CURVE('',#1541,#1543,#1708,.F.);
#1276=EDGE_CURVE('',#1544,#1545,#223,.T.);
#1277=EDGE_CURVE('',#1546,#1544,#224,.T.);
#1278=EDGE_CURVE('',#1546,#1547,#225,.T.);
#1279=EDGE_CURVE('',#1547,#1545,#226,.T.);
#1280=EDGE_CURVE('',#1548,#1549,#227,.T.);
#1281=EDGE_CURVE('',#1550,#1548,#228,.T.);
#1282=EDGE_CURVE('',#1550,#1551,#229,.T.);
#1283=EDGE_CURVE('',#1551,#1549,#230,.T.);
#1284=EDGE_CURVE('',#1552,#1544,#231,.T.);
#1285=EDGE_CURVE('',#1553,#1552,#232,.T.);
#1286=EDGE_CURVE('',#1553,#1546,#233,.T.);
#1287=EDGE_CURVE('',#1549,#1552,#234,.T.);
#1288=EDGE_CURVE('',#1551,#1553,#235,.T.);
#1289=EDGE_CURVE('',#1554,#1548,#236,.T.);
#1290=EDGE_CURVE('',#1555,#1554,#237,.T.);
#1291=EDGE_CURVE('',#1555,#1550,#238,.T.);
#1292=EDGE_CURVE('',#1556,#1557,#239,.T.);
#1293=EDGE_CURVE('',#1558,#1556,#240,.T.);
#1294=EDGE_CURVE('',#1558,#1559,#241,.T.);
#1295=EDGE_CURVE('',#1559,#1557,#242,.T.);
#1296=EDGE_CURVE('',#1560,#1554,#243,.T.);
#1297=EDGE_CURVE('',#1561,#1560,#244,.T.);
#1298=EDGE_CURVE('',#1561,#1555,#245,.T.);
#1299=EDGE_CURVE('',#1557,#1560,#246,.T.);
#1300=EDGE_CURVE('',#1559,#1561,#247,.T.);
#1301=EDGE_CURVE('',#1562,#1556,#248,.T.);
#1302=EDGE_CURVE('',#1563,#1562,#249,.T.);
#1303=EDGE_CURVE('',#1563,#1558,#250,.T.);
#1304=EDGE_CURVE('',#1564,#1565,#251,.T.);
#1305=EDGE_CURVE('',#1566,#1564,#252,.T.);
#1306=EDGE_CURVE('',#1566,#1567,#253,.T.);
#1307=EDGE_CURVE('',#1567,#1565,#254,.T.);
#1308=EDGE_CURVE('',#1568,#1562,#255,.T.);
#1309=EDGE_CURVE('',#1569,#1568,#256,.T.);
#1310=EDGE_CURVE('',#1569,#1563,#257,.T.);
#1311=EDGE_CURVE('',#1565,#1568,#258,.T.);
#1312=EDGE_CURVE('',#1567,#1569,#259,.T.);
#1313=EDGE_CURVE('',#1570,#1564,#260,.T.);
#1314=EDGE_CURVE('',#1571,#1570,#261,.T.);
#1315=EDGE_CURVE('',#1571,#1566,#262,.T.);
#1316=EDGE_CURVE('',#1572,#1573,#263,.T.);
#1317=EDGE_CURVE('',#1574,#1572,#264,.T.);
#1318=EDGE_CURVE('',#1574,#1575,#265,.T.);
#1319=EDGE_CURVE('',#1575,#1573,#266,.T.);
#1320=EDGE_CURVE('',#1576,#1570,#267,.T.);
#1321=EDGE_CURVE('',#1577,#1576,#268,.T.);
#1322=EDGE_CURVE('',#1577,#1571,#269,.T.);
#1323=EDGE_CURVE('',#1573,#1576,#270,.T.);
#1324=EDGE_CURVE('',#1575,#1577,#271,.T.);
#1325=EDGE_CURVE('',#1578,#1572,#272,.T.);
#1326=EDGE_CURVE('',#1579,#1578,#273,.T.);
#1327=EDGE_CURVE('',#1579,#1574,#274,.T.);
#1328=EDGE_CURVE('',#1580,#1581,#275,.T.);
#1329=EDGE_CURVE('',#1582,#1580,#276,.T.);
#1330=EDGE_CURVE('',#1582,#1583,#277,.T.);
#1331=EDGE_CURVE('',#1583,#1581,#278,.T.);
#1332=EDGE_CURVE('',#1584,#1578,#279,.T.);
#1333=EDGE_CURVE('',#1585,#1584,#280,.T.);
#1334=EDGE_CURVE('',#1585,#1579,#281,.T.);
#1335=EDGE_CURVE('',#1581,#1584,#282,.T.);
#1336=EDGE_CURVE('',#1583,#1585,#283,.T.);
#1337=EDGE_CURVE('',#1586,#1580,#284,.T.);
#1338=EDGE_CURVE('',#1587,#1586,#285,.T.);
#1339=EDGE_CURVE('',#1587,#1582,#286,.T.);
#1340=EDGE_CURVE('',#1588,#1589,#287,.T.);
#1341=EDGE_CURVE('',#1590,#1588,#288,.T.);
#1342=EDGE_CURVE('',#1590,#1591,#289,.T.);
#1343=EDGE_CURVE('',#1591,#1589,#290,.T.);
#1344=EDGE_CURVE('',#1592,#1586,#291,.T.);
#1345=EDGE_CURVE('',#1593,#1592,#292,.T.);
#1346=EDGE_CURVE('',#1593,#1587,#293,.T.);
#1347=EDGE_CURVE('',#1589,#1592,#294,.T.);
#1348=EDGE_CURVE('',#1591,#1593,#295,.T.);
#1349=EDGE_CURVE('',#1594,#1595,#296,.T.);
#1350=EDGE_CURVE('',#1596,#1594,#297,.T.);
#1351=EDGE_CURVE('',#1596,#1597,#298,.T.);
#1352=EDGE_CURVE('',#1597,#1595,#299,.T.);
#1353=EDGE_CURVE('',#1598,#1594,#300,.T.);
#1354=EDGE_CURVE('',#1599,#1598,#301,.T.);
#1355=EDGE_CURVE('',#1599,#1596,#302,.T.);
#1356=EDGE_CURVE('',#1600,#1601,#1709,.T.);
#1357=EDGE_CURVE('',#1599,#1601,#303,.T.);
#1358=EDGE_CURVE('',#1598,#1600,#304,.T.);
#1359=EDGE_CURVE('',#1545,#1602,#305,.T.);
#1360=EDGE_CURVE('',#1547,#1603,#306,.T.);
#1361=EDGE_CURVE('',#1602,#1603,#1710,.T.);
#1362=EDGE_CURVE('',#1604,#1588,#307,.T.);
#1363=EDGE_CURVE('',#1605,#1604,#308,.T.);
#1364=EDGE_CURVE('',#1605,#1590,#309,.T.);
#1365=EDGE_CURVE('',#1606,#1604,#310,.T.);
#1366=EDGE_CURVE('',#1607,#1606,#311,.T.);
#1367=EDGE_CURVE('',#1607,#1605,#312,.T.);
#1368=EDGE_CURVE('',#1595,#1606,#313,.T.);
#1369=EDGE_CURVE('',#1597,#1607,#314,.T.);
#1370=EDGE_CURVE('',#1603,#1601,#315,.T.);
#1371=EDGE_CURVE('',#1602,#1600,#316,.T.);
#1372=EDGE_CURVE('',#1608,#1609,#71,.T.);
#1373=EDGE_CURVE('',#1610,#1608,#72,.T.);
#1374=EDGE_CURVE('',#1611,#1610,#73,.T.);
#1375=EDGE_CURVE('',#1612,#1611,#317,.F.);
#1376=EDGE_CURVE('',#1613,#1612,#74,.T.);
#1377=EDGE_CURVE('',#1614,#1613,#75,.T.);
#1378=EDGE_CURVE('',#1615,#1614,#76,.T.);
#1379=EDGE_CURVE('',#1609,#1615,#318,.F.);
#1380=EDGE_CURVE('',#1616,#1617,#77,.T.);
#1381=EDGE_CURVE('',#1618,#1616,#319,.T.);
#1382=EDGE_CURVE('',#1619,#1618,#78,.T.);
#1383=EDGE_CURVE('',#1620,#1619,#79,.T.);
#1384=EDGE_CURVE('',#1621,#1620,#80,.T.);
#1385=EDGE_CURVE('',#1622,#1621,#320,.T.);
#1386=EDGE_CURVE('',#1623,#1622,#81,.T.);
#1387=EDGE_CURVE('',#1617,#1623,#82,.T.);
#1388=EDGE_CURVE('',#1624,#1624,#83,.T.);
#1389=EDGE_CURVE('',#1625,#1626,#1711,.T.);
#1390=EDGE_CURVE('',#1625,#1627,#321,.F.);
#1391=EDGE_CURVE('',#1627,#1628,#84,.T.);
#1392=EDGE_CURVE('',#1628,#1626,#322,.T.);
#1393=EDGE_CURVE('',#1629,#1625,#323,.F.);
#1394=EDGE_CURVE('',#1630,#1629,#324,.T.);
#1395=EDGE_CURVE('',#1627,#1630,#1712,.T.);
#1396=EDGE_CURVE('',#1631,#1630,#85,.T.);
#1397=EDGE_CURVE('',#1629,#1632,#1713,.T.);
#1398=EDGE_CURVE('',#1632,#1631,#325,.F.);
#1399=EDGE_CURVE('',#1633,#1634,#1714,.T.);
#1400=EDGE_CURVE('',#1634,#1635,#326,.F.);
#1401=EDGE_CURVE('',#1635,#1636,#86,.T.);
#1402=EDGE_CURVE('',#1636,#1633,#327,.T.);
#1403=EDGE_CURVE('',#1635,#1637,#1715,.F.);
#1404=EDGE_CURVE('',#1638,#1634,#328,.T.);
#1405=EDGE_CURVE('',#1637,#1638,#329,.T.);
#1406=EDGE_CURVE('',#1639,#1637,#87,.T.);
#1407=EDGE_CURVE('',#1638,#1640,#1716,.F.);
#1408=EDGE_CURVE('',#1640,#1639,#330,.F.);
#1409=EDGE_CURVE('',#1626,#1640,#331,.F.);
#1410=EDGE_CURVE('',#1641,#1628,#88,.T.);
#1411=EDGE_CURVE('',#1642,#1641,#332,.T.);
#1412=EDGE_CURVE('',#1639,#1642,#89,.T.);
#1413=EDGE_CURVE('',#1625,#1620,#1717,.T.);
#1414=EDGE_CURVE('',#1621,#1626,#1718,.F.);
#1415=EDGE_CURVE('',#1629,#1619,#1719,.T.);
#1416=EDGE_CURVE('',#1622,#1640,#1720,.T.);
#1417=EDGE_CURVE('',#1632,#1618,#1721,.F.);
#1418=EDGE_CURVE('',#1623,#1638,#1722,.T.);
#1419=EDGE_CURVE('',#1633,#1616,#1723,.F.);
#1420=EDGE_CURVE('',#1633,#1632,#333,.T.);
#1421=EDGE_CURVE('',#1617,#1634,#1724,.F.);
#1422=EDGE_CURVE('',#1643,#1636,#90,.T.);
#1423=EDGE_CURVE('',#1644,#1643,#334,.T.);
#1424=EDGE_CURVE('',#1631,#1644,#91,.T.);
#1425=EDGE_CURVE('',#1644,#1535,#92,.T.);
#1426=EDGE_CURVE('',#1536,#1643,#93,.F.);
#1427=EDGE_CURVE('',#1534,#1642,#94,.F.);
#1428=EDGE_CURVE('',#1641,#1533,#95,.T.);
#1429=EDGE_CURVE('',#1541,#1645,#96,.T.);
#1430=EDGE_CURVE('',#1645,#1646,#335,.F.);
#1431=EDGE_CURVE('',#1646,#1540,#97,.T.);
#1432=EDGE_CURVE('',#1543,#1647,#98,.T.);
#1433=EDGE_CURVE('',#1647,#1648,#99,.T.);
#1434=EDGE_CURVE('',#1649,#1648,#100,.T.);
#1435=EDGE_CURVE('',#1649,#1650,#1725,.T.);
#1436=EDGE_CURVE('',#1651,#1650,#101,.T.);
#1437=EDGE_CURVE('',#1651,#1645,#102,.T.);
#1438=EDGE_CURVE('',#1646,#1652,#103,.T.);
#1439=EDGE_CURVE('',#1653,#1652,#104,.T.);
#1440=EDGE_CURVE('',#1653,#1654,#1726,.F.);
#1441=EDGE_CURVE('',#1655,#1654,#105,.T.);
#1442=EDGE_CURVE('',#1655,#1656,#106,.T.);
#1443=EDGE_CURVE('',#1656,#1542,#107,.T.);
#1444=EDGE_CURVE('',#1656,#1647,#336,.F.);
#1445=EDGE_CURVE('',#1657,#1651,#337,.T.);
#1446=EDGE_CURVE('',#1658,#1657,#338,.F.);
#1447=EDGE_CURVE('',#1652,#1658,#339,.F.);
#1448=EDGE_CURVE('',#1659,#1655,#340,.T.);
#1449=EDGE_CURVE('',#1660,#1659,#341,.T.);
#1450=EDGE_CURVE('',#1648,#1660,#342,.F.);
#1451=EDGE_CURVE('',#1661,#1649,#343,.F.);
#1452=EDGE_CURVE('',#1662,#1661,#344,.F.);
#1453=EDGE_CURVE('',#1650,#1662,#345,.T.);
#1454=EDGE_CURVE('',#1663,#1664,#346,.T.);
#1455=EDGE_CURVE('',#1654,#1663,#347,.T.);
#1456=EDGE_CURVE('',#1664,#1653,#348,.F.);
#1457=EDGE_CURVE('',#1663,#1659,#1727,.T.);
#1458=EDGE_CURVE('',#1609,#1659,#1728,.F.);
#1459=EDGE_CURVE('',#1663,#1608,#1729,.T.);
#1460=EDGE_CURVE('',#1660,#1661,#1730,.F.);
#1461=EDGE_CURVE('',#1615,#1660,#1731,.T.);
#1462=EDGE_CURVE('',#1664,#1610,#1732,.F.);
#1463=EDGE_CURVE('',#1658,#1664,#1733,.T.);
#1464=EDGE_CURVE('',#1614,#1661,#1734,.F.);
#1465=EDGE_CURVE('',#1658,#1611,#1735,.T.);
#1466=EDGE_CURVE('',#1613,#1662,#1736,.F.);
#1467=EDGE_CURVE('',#1657,#1612,#1737,.T.);
#1468=EDGE_CURVE('',#1657,#1662,#1738,.F.);
#1469=VERTEX_POINT('',#2978);
#1470=VERTEX_POINT('',#2979);
#1471=VERTEX_POINT('',#2981);
#1472=VERTEX_POINT('',#2983);
#1473=VERTEX_POINT('',#2985);
#1474=VERTEX_POINT('',#2987);
#1475=VERTEX_POINT('',#2989);
#1476=VERTEX_POINT('',#2991);
#1477=VERTEX_POINT('',#2993);
#1478=VERTEX_POINT('',#2995);
#1479=VERTEX_POINT('',#2997);
#1480=VERTEX_POINT('',#2999);
#1481=VERTEX_POINT('',#3003);
#1482=VERTEX_POINT('',#3005);
#1483=VERTEX_POINT('',#3009);
#1484=VERTEX_POINT('',#3011);
#1485=VERTEX_POINT('',#3022);
#1486=VERTEX_POINT('',#3023);
#1487=VERTEX_POINT('',#3025);
#1488=VERTEX_POINT('',#3027);
#1489=VERTEX_POINT('',#3031);
#1490=VERTEX_POINT('',#3032);
#1491=VERTEX_POINT('',#3037);
#1492=VERTEX_POINT('',#3039);
#1493=VERTEX_POINT('',#3044);
#1494=VERTEX_POINT('',#3046);
#1495=VERTEX_POINT('',#3050);
#1496=VERTEX_POINT('',#3051);
#1497=VERTEX_POINT('',#3056);
#1498=VERTEX_POINT('',#3058);
#1499=VERTEX_POINT('',#3063);
#1500=VERTEX_POINT('',#3065);
#1501=VERTEX_POINT('',#3069);
#1502=VERTEX_POINT('',#3070);
#1503=VERTEX_POINT('',#3072);
#1504=VERTEX_POINT('',#3074);
#1505=VERTEX_POINT('',#3078);
#1506=VERTEX_POINT('',#3079);
#1507=VERTEX_POINT('',#3081);
#1508=VERTEX_POINT('',#3083);
#1509=VERTEX_POINT('',#3151);
#1510=VERTEX_POINT('',#3152);
#1511=VERTEX_POINT('',#3154);
#1512=VERTEX_POINT('',#3156);
#1513=VERTEX_POINT('',#3160);
#1514=VERTEX_POINT('',#3161);
#1515=VERTEX_POINT('',#3166);
#1516=VERTEX_POINT('',#3168);
#1517=VERTEX_POINT('',#3173);
#1518=VERTEX_POINT('',#3175);
#1519=VERTEX_POINT('',#3179);
#1520=VERTEX_POINT('',#3180);
#1521=VERTEX_POINT('',#3185);
#1522=VERTEX_POINT('',#3187);
#1523=VERTEX_POINT('',#3192);
#1524=VERTEX_POINT('',#3194);
#1525=VERTEX_POINT('',#3198);
#1526=VERTEX_POINT('',#3199);
#1527=VERTEX_POINT('',#3201);
#1528=VERTEX_POINT('',#3203);
#1529=VERTEX_POINT('',#3207);
#1530=VERTEX_POINT('',#3208);
#1531=VERTEX_POINT('',#3210);
#1532=VERTEX_POINT('',#3212);
#1533=VERTEX_POINT('',#3281);
#1534=VERTEX_POINT('',#3282);
#1535=VERTEX_POINT('',#3284);
#1536=VERTEX_POINT('',#3286);
#1537=VERTEX_POINT('',#3299);
#1538=VERTEX_POINT('',#3301);
#1539=VERTEX_POINT('',#3303);
#1540=VERTEX_POINT('',#3305);
#1541=VERTEX_POINT('',#3306);
#1542=VERTEX_POINT('',#3308);
#1543=VERTEX_POINT('',#3310);
#1544=VERTEX_POINT('',#3314);
#1545=VERTEX_POINT('',#3315);
#1546=VERTEX_POINT('',#3317);
#1547=VERTEX_POINT('',#3319);
#1548=VERTEX_POINT('',#3323);
#1549=VERTEX_POINT('',#3324);
#1550=VERTEX_POINT('',#3326);
#1551=VERTEX_POINT('',#3328);
#1552=VERTEX_POINT('',#3332);
#1553=VERTEX_POINT('',#3334);
#1554=VERTEX_POINT('',#3341);
#1555=VERTEX_POINT('',#3343);
#1556=VERTEX_POINT('',#3347);
#1557=VERTEX_POINT('',#3348);
#1558=VERTEX_POINT('',#3350);
#1559=VERTEX_POINT('',#3352);
#1560=VERTEX_POINT('',#3356);
#1561=VERTEX_POINT('',#3358);
#1562=VERTEX_POINT('',#3365);
#1563=VERTEX_POINT('',#3367);
#1564=VERTEX_POINT('',#3371);
#1565=VERTEX_POINT('',#3372);
#1566=VERTEX_POINT('',#3374);
#1567=VERTEX_POINT('',#3376);
#1568=VERTEX_POINT('',#3380);
#1569=VERTEX_POINT('',#3382);
#1570=VERTEX_POINT('',#3389);
#1571=VERTEX_POINT('',#3391);
#1572=VERTEX_POINT('',#3395);
#1573=VERTEX_POINT('',#3396);
#1574=VERTEX_POINT('',#3398);
#1575=VERTEX_POINT('',#3400);
#1576=VERTEX_POINT('',#3404);
#1577=VERTEX_POINT('',#3406);
#1578=VERTEX_POINT('',#3413);
#1579=VERTEX_POINT('',#3415);
#1580=VERTEX_POINT('',#3419);
#1581=VERTEX_POINT('',#3420);
#1582=VERTEX_POINT('',#3422);
#1583=VERTEX_POINT('',#3424);
#1584=VERTEX_POINT('',#3428);
#1585=VERTEX_POINT('',#3430);
#1586=VERTEX_POINT('',#3437);
#1587=VERTEX_POINT('',#3439);
#1588=VERTEX_POINT('',#3443);
#1589=VERTEX_POINT('',#3444);
#1590=VERTEX_POINT('',#3446);
#1591=VERTEX_POINT('',#3448);
#1592=VERTEX_POINT('',#3452);
#1593=VERTEX_POINT('',#3454);
#1594=VERTEX_POINT('',#3461);
#1595=VERTEX_POINT('',#3462);
#1596=VERTEX_POINT('',#3464);
#1597=VERTEX_POINT('',#3466);
#1598=VERTEX_POINT('',#3470);
#1599=VERTEX_POINT('',#3472);
#1600=VERTEX_POINT('',#3476);
#1601=VERTEX_POINT('',#3477);
#1602=VERTEX_POINT('',#3482);
#1603=VERTEX_POINT('',#3484);
#1604=VERTEX_POINT('',#3488);
#1605=VERTEX_POINT('',#3490);
#1606=VERTEX_POINT('',#3494);
#1607=VERTEX_POINT('',#3496);
#1608=VERTEX_POINT('',#3511);
#1609=VERTEX_POINT('',#3512);
#1610=VERTEX_POINT('',#3518);
#1611=VERTEX_POINT('',#3524);
#1612=VERTEX_POINT('',#3526);
#1613=VERTEX_POINT('',#3532);
#1614=VERTEX_POINT('',#3538);
#1615=VERTEX_POINT('',#3544);
#1616=VERTEX_POINT('',#3551);
#1617=VERTEX_POINT('',#3552);
#1618=VERTEX_POINT('',#3554);
#1619=VERTEX_POINT('',#3560);
#1620=VERTEX_POINT('',#3566);
#1621=VERTEX_POINT('',#3572);
#1622=VERTEX_POINT('',#3574);
#1623=VERTEX_POINT('',#3580);
#1624=VERTEX_POINT('',#3597);
#1625=VERTEX_POINT('',#3601);
#1626=VERTEX_POINT('',#3602);
#1627=VERTEX_POINT('',#3604);
#1628=VERTEX_POINT('',#3611);
#1629=VERTEX_POINT('',#3615);
#1630=VERTEX_POINT('',#3617);
#1631=VERTEX_POINT('',#3626);
#1632=VERTEX_POINT('',#3628);
#1633=VERTEX_POINT('',#3632);
#1634=VERTEX_POINT('',#3633);
#1635=VERTEX_POINT('',#3635);
#1636=VERTEX_POINT('',#3642);
#1637=VERTEX_POINT('',#3646);
#1638=VERTEX_POINT('',#3648);
#1639=VERTEX_POINT('',#3657);
#1640=VERTEX_POINT('',#3659);
#1641=VERTEX_POINT('',#3667);
#1642=VERTEX_POINT('',#3669);
#1643=VERTEX_POINT('',#3696);
#1644=VERTEX_POINT('',#3698);
#1645=VERTEX_POINT('',#3728);
#1646=VERTEX_POINT('',#3730);
#1647=VERTEX_POINT('',#3740);
#1648=VERTEX_POINT('',#3745);
#1649=VERTEX_POINT('',#3752);
#1650=VERTEX_POINT('',#3754);
#1651=VERTEX_POINT('',#3761);
#1652=VERTEX_POINT('',#3771);
#1653=VERTEX_POINT('',#3778);
#1654=VERTEX_POINT('',#3780);
#1655=VERTEX_POINT('',#3787);
#1656=VERTEX_POINT('',#3792);
#1657=VERTEX_POINT('',#3801);
#1658=VERTEX_POINT('',#3803);
#1659=VERTEX_POINT('',#3807);
#1660=VERTEX_POINT('',#3809);
#1661=VERTEX_POINT('',#3813);
#1662=VERTEX_POINT('',#3815);
#1663=VERTEX_POINT('',#3819);
#1664=VERTEX_POINT('',#3820);
#1665=CIRCLE('',#2196,0.007);
#1666=CIRCLE('',#2197,0.007);
#1667=CIRCLE('',#2198,0.007);
#1668=CIRCLE('',#2199,0.007);
#1669=CIRCLE('',#2200,0.007);
#1670=CIRCLE('',#2201,0.007);
#1671=CIRCLE('',#2204,0.0047);
#1672=CIRCLE('',#2205,0.0047);
#1673=CIRCLE('',#2208,0.007);
#1674=CIRCLE('',#2210,0.007);
#1675=CIRCLE('',#2215,0.009);
#1676=CIRCLE('',#2217,0.009);
#1677=CIRCLE('',#2223,0.0005);
#1678=CIRCLE('',#2225,0.0005);
#1679=CIRCLE('',#2226,0.0005);
#1680=CIRCLE('',#2228,0.0005);
#1681=CIRCLE('',#2230,0.0005);
#1682=CIRCLE('',#2232,0.0005);
#1683=CIRCLE('',#2234,0.0005);
#1684=CIRCLE('',#2236,0.0005);
#1685=CIRCLE('',#2238,0.0005);
#1686=CIRCLE('',#2240,0.0005);
#1687=CIRCLE('',#2242,0.0005);
#1688=CIRCLE('',#2244,0.0005);
#1689=CIRCLE('',#2250,0.009);
#1690=CIRCLE('',#2252,0.009);
#1691=CIRCLE('',#2258,0.0005);
#1692=CIRCLE('',#2260,0.0005);
#1693=CIRCLE('',#2261,0.0005);
#1694=CIRCLE('',#2263,0.0005);
#1695=CIRCLE('',#2265,0.0005);
#1696=CIRCLE('',#2267,0.0005);
#1697=CIRCLE('',#2269,0.0005);
#1698=CIRCLE('',#2271,0.0005);
#1699=CIRCLE('',#2273,0.0005);
#1700=CIRCLE('',#2275,0.0005);
#1701=CIRCLE('',#2277,0.0005);
#1702=CIRCLE('',#2279,0.0005);
#1703=CIRCLE('',#2283,0.0075);
#1704=CIRCLE('',#2284,0.0075);
#1705=CIRCLE('',#2285,0.0075);
#1706=CIRCLE('',#2286,0.0075);
#1707=CIRCLE('',#2287,0.0075);
#1708=CIRCLE('',#2288,0.0075);
#1709=CIRCLE('',#2316,0.015);
#1710=CIRCLE('',#2318,0.015);
#1711=CIRCLE('',#2327,0.0009);
#1712=CIRCLE('',#2329,0.00916568542494924);
#1713=CIRCLE('',#2331,0.0009);
#1714=CIRCLE('',#2333,0.0009);
#1715=CIRCLE('',#2335,0.00916568542494924);
#1716=CIRCLE('',#2337,0.0009);
#1717=CIRCLE('',#2340,0.0009);
#1718=CIRCLE('',#2341,0.0009);
#1719=CIRCLE('',#2343,0.0009);
#1720=CIRCLE('',#2345,0.0009);
#1721=CIRCLE('',#2347,0.0009);
#1722=CIRCLE('',#2349,0.0009);
#1723=CIRCLE('',#2351,0.0009);
#1724=CIRCLE('',#2353,0.0009);
#1725=CIRCLE('',#2362,0.00916568542494924);
#1726=CIRCLE('',#2364,0.00916568542494924);
#1727=CIRCLE('',#2371,0.0009);
#1728=CIRCLE('',#2373,0.0009);
#1729=CIRCLE('',#2374,0.0009);
#1730=CIRCLE('',#2376,0.0009);
#1731=CIRCLE('',#2378,0.0009);
#1732=CIRCLE('',#2380,0.0009);
#1733=CIRCLE('',#2382,0.0009);
#1734=CIRCLE('',#2384,0.0009);
#1735=CIRCLE('',#2386,0.0009);
#1736=CIRCLE('',#2388,0.0009);
#1737=CIRCLE('',#2390,0.0009);
#1738=CIRCLE('',#2392,0.0009);
#1739=EDGE_LOOP('',(#527,#528,#529,#530,#531,#532,#533,#534,#535,#536,#537,
#538));
#1740=EDGE_LOOP('',(#539,#540,#541,#542));
#1741=EDGE_LOOP('',(#543,#544,#545,#546));
#1742=EDGE_LOOP('',(#547,#548,#549,#550));
#1743=EDGE_LOOP('',(#551,#552,#553,#554,#555,#556));
#1744=EDGE_LOOP('',(#557,#558,#559,#560,#561,#562));
#1745=EDGE_LOOP('',(#563,#564,#565,#566));
#1746=EDGE_LOOP('',(#567,#568,#569,#570,#571,#572));
#1747=EDGE_LOOP('',(#573,#574,#575,#576,#577,#578));
#1748=EDGE_LOOP('',(#579,#580,#581,#582));
#1749=EDGE_LOOP('',(#583,#584,#585,#586));
#1750=EDGE_LOOP('',(#587,#588,#589,#590));
#1751=EDGE_LOOP('',(#591,#592,#593,#594,#595,#596,#597,#598));
#1752=EDGE_LOOP('',(#599,#600,#601,#602,#603,#604,#605,#606));
#1753=EDGE_LOOP('',(#607,#608,#609,#610));
#1754=EDGE_LOOP('',(#611,#612,#613,#614));
#1755=EDGE_LOOP('',(#615,#616,#617));
#1756=EDGE_LOOP('',(#618,#619,#620,#621));
#1757=EDGE_LOOP('',(#622,#623,#624,#625));
#1758=EDGE_LOOP('',(#626,#627,#628,#629));
#1759=EDGE_LOOP('',(#630,#631,#632,#633));
#1760=EDGE_LOOP('',(#634,#635,#636));
#1761=EDGE_LOOP('',(#637,#638,#639));
#1762=EDGE_LOOP('',(#640,#641,#642,#643));
#1763=EDGE_LOOP('',(#644,#645,#646,#647));
#1764=EDGE_LOOP('',(#648,#649,#650));
#1765=EDGE_LOOP('',(#651,#652,#653,#654));
#1766=EDGE_LOOP('',(#655,#656,#657,#658));
#1767=EDGE_LOOP('',(#659,#660,#661,#662,#663,#664));
#1768=EDGE_LOOP('',(#665,#666,#667,#668,#669,#670));
#1769=EDGE_LOOP('',(#671,#672,#673,#674));
#1770=EDGE_LOOP('',(#675,#676,#677,#678));
#1771=EDGE_LOOP('',(#679,#680,#681,#682));
#1772=EDGE_LOOP('',(#683,#684,#685,#686,#687,#688,#689,#690));
#1773=EDGE_LOOP('',(#691,#692,#693,#694,#695,#696,#697,#698));
#1774=EDGE_LOOP('',(#699,#700,#701,#702));
#1775=EDGE_LOOP('',(#703,#704,#705,#706));
#1776=EDGE_LOOP('',(#707,#708,#709));
#1777=EDGE_LOOP('',(#710,#711,#712,#713));
#1778=EDGE_LOOP('',(#714,#715,#716,#717));
#1779=EDGE_LOOP('',(#718,#719,#720,#721));
#1780=EDGE_LOOP('',(#722,#723,#724,#725));
#1781=EDGE_LOOP('',(#726,#727,#728));
#1782=EDGE_LOOP('',(#729,#730,#731));
#1783=EDGE_LOOP('',(#732,#733,#734,#735));
#1784=EDGE_LOOP('',(#736,#737,#738,#739));
#1785=EDGE_LOOP('',(#740,#741,#742));
#1786=EDGE_LOOP('',(#743,#744,#745,#746));
#1787=EDGE_LOOP('',(#747,#748,#749,#750));
#1788=EDGE_LOOP('',(#751));
#1789=EDGE_LOOP('',(#752));
#1790=EDGE_LOOP('',(#753));
#1791=EDGE_LOOP('',(#754,#755,#756,#757));
#1792=EDGE_LOOP('',(#758,#759,#760,#761));
#1793=EDGE_LOOP('',(#762,#763,#764,#765));
#1794=EDGE_LOOP('',(#766,#767,#768,#769));
#1795=EDGE_LOOP('',(#770,#771,#772,#773));
#1796=EDGE_LOOP('',(#774,#775,#776,#777));
#1797=EDGE_LOOP('',(#778,#779,#780,#781));
#1798=EDGE_LOOP('',(#782,#783,#784,#785));
#1799=EDGE_LOOP('',(#786,#787,#788,#789));
#1800=EDGE_LOOP('',(#790,#791,#792,#793));
#1801=EDGE_LOOP('',(#794,#795,#796,#797));
#1802=EDGE_LOOP('',(#798,#799,#800,#801));
#1803=EDGE_LOOP('',(#802,#803,#804,#805));
#1804=EDGE_LOOP('',(#806,#807,#808,#809));
#1805=EDGE_LOOP('',(#810,#811,#812,#813));
#1806=EDGE_LOOP('',(#814,#815,#816,#817));
#1807=EDGE_LOOP('',(#818,#819,#820,#821));
#1808=EDGE_LOOP('',(#822,#823,#824,#825));
#1809=EDGE_LOOP('',(#826,#827,#828,#829));
#1810=EDGE_LOOP('',(#830,#831,#832,#833));
#1811=EDGE_LOOP('',(#834,#835,#836,#837));
#1812=EDGE_LOOP('',(#838,#839,#840,#841));
#1813=EDGE_LOOP('',(#842,#843,#844,#845));
#1814=EDGE_LOOP('',(#846,#847,#848,#849));
#1815=EDGE_LOOP('',(#850,#851,#852,#853));
#1816=EDGE_LOOP('',(#854,#855,#856,#857));
#1817=EDGE_LOOP('',(#858,#859,#860,#861));
#1818=EDGE_LOOP('',(#862));
#1819=EDGE_LOOP('',(#863,#864,#865,#866));
#1820=EDGE_LOOP('',(#867));
#1821=EDGE_LOOP('',(#868,#869,#870,#871));
#1822=EDGE_LOOP('',(#872,#873,#874,#875));
#1823=EDGE_LOOP('',(#876,#877,#878,#879));
#1824=EDGE_LOOP('',(#880,#881,#882,#883));
#1825=EDGE_LOOP('',(#884,#885,#886,#887,#888,#889,#890,#891,#892,#893,#894,
#895,#896,#897,#898,#899,#900,#901,#902,#903,#904,#905,#906,#907,#908,#909,
#910,#911,#912,#913,#914,#915));
#1826=EDGE_LOOP('',(#916,#917,#918,#919,#920,#921,#922,#923,#924,#925,#926,
#927,#928,#929,#930,#931,#932,#933,#934,#935,#936,#937,#938,#939,#940,#941,
#942,#943,#944,#945,#946,#947));
#1827=EDGE_LOOP('',(#948,#949,#950,#951,#952,#953,#954,#955));
#1828=EDGE_LOOP('',(#956,#957,#958,#959,#960,#961,#962,#963));
#1829=EDGE_LOOP('',(#964));
#1830=EDGE_LOOP('',(#965,#966,#967,#968));
#1831=EDGE_LOOP('',(#969));
#1832=EDGE_LOOP('',(#970));
#1833=EDGE_LOOP('',(#971,#972,#973,#974));
#1834=EDGE_LOOP('',(#975,#976,#977,#978));
#1835=EDGE_LOOP('',(#979,#980,#981,#982));
#1836=EDGE_LOOP('',(#983,#984,#985,#986));
#1837=EDGE_LOOP('',(#987,#988,#989,#990));
#1838=EDGE_LOOP('',(#991,#992,#993,#994));
#1839=EDGE_LOOP('',(#995,#996,#997,#998,#999,#1000));
#1840=EDGE_LOOP('',(#1001,#1002,#1003,#1004));
#1841=EDGE_LOOP('',(#1005,#1006,#1007,#1008));
#1842=EDGE_LOOP('',(#1009,#1010,#1011,#1012));
#1843=EDGE_LOOP('',(#1013,#1014,#1015,#1016));
#1844=EDGE_LOOP('',(#1017,#1018,#1019,#1020));
#1845=EDGE_LOOP('',(#1021,#1022,#1023,#1024));
#1846=EDGE_LOOP('',(#1025,#1026,#1027,#1028));
#1847=EDGE_LOOP('',(#1029,#1030,#1031,#1032));
#1848=EDGE_LOOP('',(#1033,#1034,#1035,#1036,#1037,#1038));
#1849=EDGE_LOOP('',(#1039,#1040,#1041,#1042));
#1850=EDGE_LOOP('',(#1043,#1044,#1045,#1046,#1047,#1048,#1049,#1050));
#1851=EDGE_LOOP('',(#1051,#1052,#1053,#1054,#1055,#1056,#1057,#1058));
#1852=EDGE_LOOP('',(#1059,#1060,#1061,#1062));
#1853=EDGE_LOOP('',(#1063,#1064,#1065,#1066));
#1854=EDGE_LOOP('',(#1067,#1068,#1069,#1070,#1071,#1072,#1073,#1074));
#1855=EDGE_LOOP('',(#1075,#1076,#1077,#1078,#1079,#1080,#1081,#1082));
#1856=EDGE_LOOP('',(#1083,#1084,#1085,#1086));
#1857=EDGE_LOOP('',(#1087,#1088,#1089,#1090,#1091,#1092));
#1858=EDGE_LOOP('',(#1093,#1094,#1095,#1096,#1097,#1098));
#1859=EDGE_LOOP('',(#1099,#1100,#1101,#1102));
#1860=EDGE_LOOP('',(#1103,#1104,#1105,#1106));
#1861=EDGE_LOOP('',(#1107,#1108,#1109,#1110));
#1862=EDGE_LOOP('',(#1111,#1112,#1113,#1114));
#1863=EDGE_LOOP('',(#1115,#1116,#1117,#1118));
#1864=EDGE_LOOP('',(#1119,#1120,#1121,#1122));
#1865=EDGE_LOOP('',(#1123,#1124,#1125,#1126));
#1866=EDGE_LOOP('',(#1127,#1128,#1129,#1130));
#1867=EDGE_LOOP('',(#1131,#1132,#1133,#1134));
#1868=EDGE_LOOP('',(#1135,#1136,#1137,#1138));
#1869=EDGE_LOOP('',(#1139,#1140,#1141,#1142));
#1870=EDGE_LOOP('',(#1143,#1144,#1145,#1146));
#1871=EDGE_LOOP('',(#1147,#1148,#1149,#1150));
#1872=EDGE_LOOP('',(#1151,#1152,#1153,#1154));
#1873=FACE_BOUND('',#1739,.T.);
#1874=FACE_BOUND('',#1740,.T.);
#1875=FACE_BOUND('',#1741,.T.);
#1876=FACE_BOUND('',#1742,.T.);
#1877=FACE_BOUND('',#1743,.T.);
#1878=FACE_BOUND('',#1744,.T.);
#1879=FACE_BOUND('',#1745,.T.);
#1880=FACE_BOUND('',#1746,.T.);
#1881=FACE_BOUND('',#1747,.T.);
#1882=FACE_BOUND('',#1748,.T.);
#1883=FACE_BOUND('',#1749,.T.);
#1884=FACE_BOUND('',#1750,.T.);
#1885=FACE_BOUND('',#1751,.T.);
#1886=FACE_BOUND('',#1752,.T.);
#1887=FACE_BOUND('',#1753,.T.);
#1888=FACE_BOUND('',#1754,.T.);
#1889=FACE_BOUND('',#1755,.T.);
#1890=FACE_BOUND('',#1756,.T.);
#1891=FACE_BOUND('',#1757,.T.);
#1892=FACE_BOUND('',#1758,.T.);
#1893=FACE_BOUND('',#1759,.T.);
#1894=FACE_BOUND('',#1760,.T.);
#1895=FACE_BOUND('',#1761,.T.);
#1896=FACE_BOUND('',#1762,.T.);
#1897=FACE_BOUND('',#1763,.T.);
#1898=FACE_BOUND('',#1764,.T.);
#1899=FACE_BOUND('',#1765,.T.);
#1900=FACE_BOUND('',#1766,.T.);
#1901=FACE_BOUND('',#1767,.T.);
#1902=FACE_BOUND('',#1768,.T.);
#1903=FACE_BOUND('',#1769,.T.);
#1904=FACE_BOUND('',#1770,.T.);
#1905=FACE_BOUND('',#1771,.T.);
#1906=FACE_BOUND('',#1772,.T.);
#1907=FACE_BOUND('',#1773,.T.);
#1908=FACE_BOUND('',#1774,.T.);
#1909=FACE_BOUND('',#1775,.T.);
#1910=FACE_BOUND('',#1776,.T.);
#1911=FACE_BOUND('',#1777,.T.);
#1912=FACE_BOUND('',#1778,.T.);
#1913=FACE_BOUND('',#1779,.T.);
#1914=FACE_BOUND('',#1780,.T.);
#1915=FACE_BOUND('',#1781,.T.);
#1916=FACE_BOUND('',#1782,.T.);
#1917=FACE_BOUND('',#1783,.T.);
#1918=FACE_BOUND('',#1784,.T.);
#1919=FACE_BOUND('',#1785,.T.);
#1920=FACE_BOUND('',#1786,.T.);
#1921=FACE_BOUND('',#1787,.T.);
#1922=FACE_BOUND('',#1788,.T.);
#1923=FACE_BOUND('',#1789,.T.);
#1924=FACE_BOUND('',#1790,.T.);
#1925=FACE_BOUND('',#1791,.T.);
#1926=FACE_BOUND('',#1792,.T.);
#1927=FACE_BOUND('',#1793,.T.);
#1928=FACE_BOUND('',#1794,.T.);
#1929=FACE_BOUND('',#1795,.T.);
#1930=FACE_BOUND('',#1796,.T.);
#1931=FACE_BOUND('',#1797,.T.);
#1932=FACE_BOUND('',#1798,.T.);
#1933=FACE_BOUND('',#1799,.T.);
#1934=FACE_BOUND('',#1800,.T.);
#1935=FACE_BOUND('',#1801,.T.);
#1936=FACE_BOUND('',#1802,.T.);
#1937=FACE_BOUND('',#1803,.T.);
#1938=FACE_BOUND('',#1804,.T.);
#1939=FACE_BOUND('',#1805,.T.);
#1940=FACE_BOUND('',#1806,.T.);
#1941=FACE_BOUND('',#1807,.T.);
#1942=FACE_BOUND('',#1808,.T.);
#1943=FACE_BOUND('',#1809,.T.);
#1944=FACE_BOUND('',#1810,.T.);
#1945=FACE_BOUND('',#1811,.T.);
#1946=FACE_BOUND('',#1812,.T.);
#1947=FACE_BOUND('',#1813,.T.);
#1948=FACE_BOUND('',#1814,.T.);
#1949=FACE_BOUND('',#1815,.T.);
#1950=FACE_BOUND('',#1816,.T.);
#1951=FACE_BOUND('',#1817,.T.);
#1952=FACE_BOUND('',#1818,.T.);
#1953=FACE_BOUND('',#1819,.T.);
#1954=FACE_BOUND('',#1820,.T.);
#1955=FACE_BOUND('',#1821,.T.);
#1956=FACE_BOUND('',#1822,.T.);
#1957=FACE_BOUND('',#1823,.T.);
#1958=FACE_BOUND('',#1824,.T.);
#1959=FACE_BOUND('',#1825,.T.);
#1960=FACE_BOUND('',#1826,.T.);
#1961=FACE_BOUND('',#1827,.T.);
#1962=FACE_BOUND('',#1828,.T.);
#1963=FACE_BOUND('',#1829,.T.);
#1964=FACE_BOUND('',#1830,.T.);
#1965=FACE_BOUND('',#1831,.T.);
#1966=FACE_BOUND('',#1832,.T.);
#1967=FACE_BOUND('',#1833,.T.);
#1968=FACE_BOUND('',#1834,.T.);
#1969=FACE_BOUND('',#1835,.T.);
#1970=FACE_BOUND('',#1836,.T.);
#1971=FACE_BOUND('',#1837,.T.);
#1972=FACE_BOUND('',#1838,.T.);
#1973=FACE_BOUND('',#1839,.T.);
#1974=FACE_BOUND('',#1840,.T.);
#1975=FACE_BOUND('',#1841,.T.);
#1976=FACE_BOUND('',#1842,.T.);
#1977=FACE_BOUND('',#1843,.T.);
#1978=FACE_BOUND('',#1844,.T.);
#1979=FACE_BOUND('',#1845,.T.);
#1980=FACE_BOUND('',#1846,.T.);
#1981=FACE_BOUND('',#1847,.T.);
#1982=FACE_BOUND('',#1848,.T.);
#1983=FACE_BOUND('',#1849,.T.);
#1984=FACE_BOUND('',#1850,.T.);
#1985=FACE_BOUND('',#1851,.T.);
#1986=FACE_BOUND('',#1852,.T.);
#1987=FACE_BOUND('',#1853,.T.);
#1988=FACE_BOUND('',#1854,.T.);
#1989=FACE_BOUND('',#1855,.T.);
#1990=FACE_BOUND('',#1856,.T.);
#1991=FACE_BOUND('',#1857,.T.);
#1992=FACE_BOUND('',#1858,.T.);
#1993=FACE_BOUND('',#1859,.T.);
#1994=FACE_BOUND('',#1860,.T.);
#1995=FACE_BOUND('',#1861,.T.);
#1996=FACE_BOUND('',#1862,.T.);
#1997=FACE_BOUND('',#1863,.T.);
#1998=FACE_BOUND('',#1864,.T.);
#1999=FACE_BOUND('',#1865,.T.);
#2000=FACE_BOUND('',#1866,.T.);
#2001=FACE_BOUND('',#1867,.T.);
#2002=FACE_BOUND('',#1868,.T.);
#2003=FACE_BOUND('',#1869,.T.);
#2004=FACE_BOUND('',#1870,.T.);
#2005=FACE_BOUND('',#1871,.T.);
#2006=FACE_BOUND('',#1872,.T.);
#2007=CYLINDRICAL_SURFACE('',#2195,0.007);
#2008=CYLINDRICAL_SURFACE('',#2203,0.0047);
#2009=CYLINDRICAL_SURFACE('',#2222,0.0005);
#2010=CYLINDRICAL_SURFACE('',#2227,0.0005);
#2011=CYLINDRICAL_SURFACE('',#2229,0.0005);
#2012=CYLINDRICAL_SURFACE('',#2231,0.0005);
#2013=CYLINDRICAL_SURFACE('',#2233,0.0005);
#2014=CYLINDRICAL_SURFACE('',#2239,0.0005);
#2015=CYLINDRICAL_SURFACE('',#2241,0.0005);
#2016=CYLINDRICAL_SURFACE('',#2245,0.0005);
#2017=CYLINDRICAL_SURFACE('',#2257,0.0005);
#2018=CYLINDRICAL_SURFACE('',#2262,0.0005);
#2019=CYLINDRICAL_SURFACE('',#2264,0.0005);
#2020=CYLINDRICAL_SURFACE('',#2266,0.0005);
#2021=CYLINDRICAL_SURFACE('',#2268,0.0005);
#2022=CYLINDRICAL_SURFACE('',#2274,0.0005);
#2023=CYLINDRICAL_SURFACE('',#2276,0.0005);
#2024=CYLINDRICAL_SURFACE('',#2280,0.0005);
#2025=CYLINDRICAL_SURFACE('',#2282,0.0075);
#2026=CYLINDRICAL_SURFACE('',#2324,0.015);
#2027=CYLINDRICAL_SURFACE('',#2325,0.0025);
#2028=CYLINDRICAL_SURFACE('',#2326,0.0009);
#2029=CYLINDRICAL_SURFACE('',#2330,0.0009);
#2030=CYLINDRICAL_SURFACE('',#2332,0.0009);
#2031=CYLINDRICAL_SURFACE('',#2336,0.0009);
#2032=CYLINDRICAL_SURFACE('',#2342,0.0009);
#2033=CYLINDRICAL_SURFACE('',#2344,0.0009);
#2034=CYLINDRICAL_SURFACE('',#2350,0.0009);
#2035=CYLINDRICAL_SURFACE('',#2352,0.0009);
#2036=CYLINDRICAL_SURFACE('',#2370,0.0009);
#2037=CYLINDRICAL_SURFACE('',#2375,0.0009);
#2038=CYLINDRICAL_SURFACE('',#2377,0.0009);
#2039=CYLINDRICAL_SURFACE('',#2379,0.0009);
#2040=CYLINDRICAL_SURFACE('',#2381,0.0009);
#2041=CYLINDRICAL_SURFACE('',#2387,0.0009);
#2042=CYLINDRICAL_SURFACE('',#2389,0.0009);
#2043=CYLINDRICAL_SURFACE('',#2393,0.0009);
#2044=ADVANCED_FACE('',(#1873),#2007,.T.);
#2045=ADVANCED_FACE('',(#1874),#108,.F.);
#2046=ADVANCED_FACE('',(#1875),#2008,.F.);
#2047=ADVANCED_FACE('',(#1876),#109,.T.);
#2048=ADVANCED_FACE('',(#1877),#110,.F.);
#2049=ADVANCED_FACE('',(#1878),#111,.T.);
#2050=ADVANCED_FACE('',(#1879),#112,.F.);
#2051=ADVANCED_FACE('',(#1880),#113,.T.);
#2052=ADVANCED_FACE('',(#1881),#114,.F.);
#2053=ADVANCED_FACE('',(#1882),#115,.F.);
#2054=ADVANCED_FACE('',(#1883),#116,.T.);
#2055=ADVANCED_FACE('',(#1884),#117,.T.);
#2056=ADVANCED_FACE('',(#1885),#38,.T.);
#2057=ADVANCED_FACE('',(#1886),#39,.T.);
#2058=ADVANCED_FACE('',(#1887),#118,.T.);
#2059=ADVANCED_FACE('',(#1888),#2009,.T.);
#2060=ADVANCED_FACE('',(#1889),#22,.T.);
#2061=ADVANCED_FACE('',(#1890),#2010,.T.);
#2062=ADVANCED_FACE('',(#1891),#2011,.T.);
#2063=ADVANCED_FACE('',(#1892),#2012,.T.);
#2064=ADVANCED_FACE('',(#1893),#2013,.T.);
#2065=ADVANCED_FACE('',(#1894),#23,.T.);
#2066=ADVANCED_FACE('',(#1895),#24,.T.);
#2067=ADVANCED_FACE('',(#1896),#2014,.T.);
#2068=ADVANCED_FACE('',(#1897),#2015,.T.);
#2069=ADVANCED_FACE('',(#1898),#25,.T.);
#2070=ADVANCED_FACE('',(#1899),#2016,.T.);
#2071=ADVANCED_FACE('',(#1900),#119,.T.);
#2072=ADVANCED_FACE('',(#1901),#120,.T.);
#2073=ADVANCED_FACE('',(#1902),#121,.F.);
#2074=ADVANCED_FACE('',(#1903),#122,.F.);
#2075=ADVANCED_FACE('',(#1904),#123,.T.);
#2076=ADVANCED_FACE('',(#1905),#124,.F.);
#2077=ADVANCED_FACE('',(#1906),#40,.T.);
#2078=ADVANCED_FACE('',(#1907),#41,.T.);
#2079=ADVANCED_FACE('',(#1908),#125,.F.);
#2080=ADVANCED_FACE('',(#1909),#2017,.T.);
#2081=ADVANCED_FACE('',(#1910),#26,.T.);
#2082=ADVANCED_FACE('',(#1911),#2018,.T.);
#2083=ADVANCED_FACE('',(#1912),#2019,.T.);
#2084=ADVANCED_FACE('',(#1913),#2020,.T.);
#2085=ADVANCED_FACE('',(#1914),#2021,.T.);
#2086=ADVANCED_FACE('',(#1915),#27,.T.);
#2087=ADVANCED_FACE('',(#1916),#28,.T.);
#2088=ADVANCED_FACE('',(#1917),#2022,.T.);
#2089=ADVANCED_FACE('',(#1918),#2023,.T.);
#2090=ADVANCED_FACE('',(#1919),#29,.T.);
#2091=ADVANCED_FACE('',(#1920),#2024,.T.);
#2092=ADVANCED_FACE('',(#1921,#1922,#1923,#1924,#1925),#2025,.F.);
#2093=ADVANCED_FACE('',(#1926),#126,.T.);
#2094=ADVANCED_FACE('',(#1927),#127,.T.);
#2095=ADVANCED_FACE('',(#1928),#128,.T.);
#2096=ADVANCED_FACE('',(#1929),#129,.T.);
#2097=ADVANCED_FACE('',(#1930),#130,.T.);
#2098=ADVANCED_FACE('',(#1931),#131,.T.);
#2099=ADVANCED_FACE('',(#1932),#132,.T.);
#2100=ADVANCED_FACE('',(#1933),#133,.T.);
#2101=ADVANCED_FACE('',(#1934),#134,.T.);
#2102=ADVANCED_FACE('',(#1935),#135,.T.);
#2103=ADVANCED_FACE('',(#1936),#136,.T.);
#2104=ADVANCED_FACE('',(#1937),#137,.T.);
#2105=ADVANCED_FACE('',(#1938),#138,.T.);
#2106=ADVANCED_FACE('',(#1939),#139,.T.);
#2107=ADVANCED_FACE('',(#1940),#140,.T.);
#2108=ADVANCED_FACE('',(#1941),#141,.T.);
#2109=ADVANCED_FACE('',(#1942),#142,.T.);
#2110=ADVANCED_FACE('',(#1943),#143,.T.);
#2111=ADVANCED_FACE('',(#1944),#144,.T.);
#2112=ADVANCED_FACE('',(#1945),#145,.T.);
#2113=ADVANCED_FACE('',(#1946),#146,.T.);
#2114=ADVANCED_FACE('',(#1947),#147,.T.);
#2115=ADVANCED_FACE('',(#1948),#148,.T.);
#2116=ADVANCED_FACE('',(#1949),#149,.T.);
#2117=ADVANCED_FACE('',(#1950),#150,.T.);
#2118=ADVANCED_FACE('',(#1951),#151,.T.);
#2119=ADVANCED_FACE('',(#1952,#1953),#152,.F.);
#2120=ADVANCED_FACE('',(#1954,#1955),#153,.T.);
#2121=ADVANCED_FACE('',(#1956),#154,.T.);
#2122=ADVANCED_FACE('',(#1957),#155,.T.);
#2123=ADVANCED_FACE('',(#1958),#156,.T.);
#2124=ADVANCED_FACE('',(#1959),#157,.T.);
#2125=ADVANCED_FACE('',(#1960),#158,.F.);
#2126=ADVANCED_FACE('',(#1961,#1962,#1963,#1964),#2026,.T.);
#2127=ADVANCED_FACE('',(#1965,#1966),#2027,.F.);
#2128=ADVANCED_FACE('',(#1967),#2028,.F.);
#2129=ADVANCED_FACE('',(#1968),#159,.T.);
#2130=ADVANCED_FACE('',(#1969),#2029,.F.);
#2131=ADVANCED_FACE('',(#1970),#2030,.F.);
#2132=ADVANCED_FACE('',(#1971),#160,.F.);
#2133=ADVANCED_FACE('',(#1972),#2031,.F.);
#2134=ADVANCED_FACE('',(#1973),#161,.T.);
#2135=ADVANCED_FACE('',(#1974),#30,.F.);
#2136=ADVANCED_FACE('',(#1975),#2032,.F.);
#2137=ADVANCED_FACE('',(#1976),#2033,.F.);
#2138=ADVANCED_FACE('',(#1977),#31,.F.);
#2139=ADVANCED_FACE('',(#1978),#32,.F.);
#2140=ADVANCED_FACE('',(#1979),#2034,.F.);
#2141=ADVANCED_FACE('',(#1980),#2035,.F.);
#2142=ADVANCED_FACE('',(#1981),#33,.F.);
#2143=ADVANCED_FACE('',(#1982),#162,.F.);
#2144=ADVANCED_FACE('',(#1983),#163,.T.);
#2145=ADVANCED_FACE('',(#1984),#42,.F.);
#2146=ADVANCED_FACE('',(#1985),#43,.F.);
#2147=ADVANCED_FACE('',(#1986),#164,.T.);
#2148=ADVANCED_FACE('',(#1987),#165,.F.);
#2149=ADVANCED_FACE('',(#1988),#44,.F.);
#2150=ADVANCED_FACE('',(#1989),#45,.F.);
#2151=ADVANCED_FACE('',(#1990),#166,.F.);
#2152=ADVANCED_FACE('',(#1991),#167,.F.);
#2153=ADVANCED_FACE('',(#1992),#168,.T.);
#2154=ADVANCED_FACE('',(#1993),#169,.T.);
#2155=ADVANCED_FACE('',(#1994),#170,.F.);
#2156=ADVANCED_FACE('',(#1995),#2036,.F.);
#2157=ADVANCED_FACE('',(#1996),#34,.F.);
#2158=ADVANCED_FACE('',(#1997),#2037,.F.);
#2159=ADVANCED_FACE('',(#1998),#2038,.F.);
#2160=ADVANCED_FACE('',(#1999),#2039,.F.);
#2161=ADVANCED_FACE('',(#2000),#2040,.F.);
#2162=ADVANCED_FACE('',(#2001),#35,.F.);
#2163=ADVANCED_FACE('',(#2002),#36,.F.);
#2164=ADVANCED_FACE('',(#2003),#2041,.F.);
#2165=ADVANCED_FACE('',(#2004),#2042,.F.);
#2166=ADVANCED_FACE('',(#2005),#37,.F.);
#2167=ADVANCED_FACE('',(#2006),#2043,.F.);
#2168=CLOSED_SHELL('',(#2044,#2045,#2046,#2047,#2048,#2049,#2050,#2051,
#2052,#2053,#2054,#2055,#2056,#2057,#2058,#2059,#2060,#2061,#2062,#2063,
#2064,#2065,#2066,#2067,#2068,#2069,#2070,#2071,#2072,#2073,#2074,#2075,
#2076,#2077,#2078,#2079,#2080,#2081,#2082,#2083,#2084,#2085,#2086,#2087,
#2088,#2089,#2090,#2091));
#2169=CLOSED_SHELL('',(#2092,#2093,#2094,#2095,#2096,#2097,#2098,#2099,
#2100,#2101,#2102,#2103,#2104,#2105,#2106,#2107,#2108,#2109,#2110,#2111,
#2112,#2113,#2114,#2115,#2116,#2117,#2118,#2119,#2120,#2121,#2122,#2123,
#2124,#2125,#2126,#2127,#2128,#2129,#2130,#2131,#2132,#2133,#2134,#2135,
#2136,#2137,#2138,#2139,#2140,#2141,#2142,#2143,#2144,#2145,#2146,#2147,
#2148,#2149,#2150,#2151,#2152,#2153,#2154,#2155,#2156,#2157,#2158,#2159,
#2160,#2161,#2162,#2163,#2164,#2165,#2166,#2167));
#2170=STYLED_ITEM('',(#2172),#2186);
#2171=STYLED_ITEM('',(#2173),#2187);
#2172=PRESENTATION_STYLE_ASSIGNMENT((#2174));
#2173=PRESENTATION_STYLE_ASSIGNMENT((#2175));
#2174=SURFACE_STYLE_USAGE(.BOTH.,#2176);
#2175=SURFACE_STYLE_USAGE(.BOTH.,#2177);
#2176=SURFACE_SIDE_STYLE('',(#2178));
#2177=SURFACE_SIDE_STYLE('',(#2179));
#2178=SURFACE_STYLE_FILL_AREA(#2180);
#2179=SURFACE_STYLE_FILL_AREA(#2181);
#2180=FILL_AREA_STYLE('',(#2182));
#2181=FILL_AREA_STYLE('',(#2183));
#2182=FILL_AREA_STYLE_COLOUR('',#2184);
#2183=FILL_AREA_STYLE_COLOUR('',#2185);
#2184=COLOUR_RGB('',0.647058823529412,0.647058823529412,0.647058823529412);
#2185=COLOUR_RGB('',0.615686274509804,0.811764705882353,0.929411764705882);
#2186=MANIFOLD_SOLID_BREP('Part 2',#2168);
#2187=MANIFOLD_SOLID_BREP('Rack (7 teeth)',#2169);
#2188=SHAPE_DEFINITION_REPRESENTATION(#3858,#2191);
#2189=SHAPE_DEFINITION_REPRESENTATION(#3859,#2192);
#2190=SHAPE_DEFINITION_REPRESENTATION(#3861,#2193);
#2191=SHAPE_REPRESENTATION('Assembly 2',(#2194,#2281,#2394),#3849);
#2192=SHAPE_REPRESENTATION('Part 2',(#2194),#3850);
#2193=SHAPE_REPRESENTATION('Rack (7 teeth)',(#2194),#3851);
#2194=AXIS2_PLACEMENT_3D('',#2975,#2395,#2396);
#2195=AXIS2_PLACEMENT_3D('',#2976,#2397,#2398);
#2196=AXIS2_PLACEMENT_3D('',#2977,#2399,#2400);
#2197=AXIS2_PLACEMENT_3D('',#2982,#2402,#2403);
#2198=AXIS2_PLACEMENT_3D('',#2986,#2405,#2406);
#2199=AXIS2_PLACEMENT_3D('',#2990,#2408,#2409);
#2200=AXIS2_PLACEMENT_3D('',#2994,#2411,#2412);
#2201=AXIS2_PLACEMENT_3D('',#2998,#2414,#2415);
#2202=AXIS2_PLACEMENT_3D('',#3001,#2417,#2418);
#2203=AXIS2_PLACEMENT_3D('',#3007,#2422,#2423);
#2204=AXIS2_PLACEMENT_3D('',#3008,#2424,#2425);
#2205=AXIS2_PLACEMENT_3D('',#3010,#2426,#2427);
#2206=AXIS2_PLACEMENT_3D('',#3013,#2429,#2430);
#2207=AXIS2_PLACEMENT_3D('',#3016,#2433,#2434);
#2208=AXIS2_PLACEMENT_3D('',#3017,#2435,#2436);
#2209=AXIS2_PLACEMENT_3D('',#3018,#2437,#2438);
#2210=AXIS2_PLACEMENT_3D('',#3019,#2439,#2440);
#2211=AXIS2_PLACEMENT_3D('',#3020,#2441,#2442);
#2212=AXIS2_PLACEMENT_3D('',#3029,#2447,#2448);
#2213=AXIS2_PLACEMENT_3D('',#3048,#2453,#2454);
#2214=AXIS2_PLACEMENT_3D('',#3067,#2459,#2460);
#2215=AXIS2_PLACEMENT_3D('',#3068,#2461,#2462);
#2216=AXIS2_PLACEMENT_3D('',#3076,#2466,#2467);
#2217=AXIS2_PLACEMENT_3D('',#3082,#2470,#2471);
#2218=AXIS2_PLACEMENT_3D('',#3085,#2473,#2474);
#2219=AXIS2_PLACEMENT_3D('',#3094,#2475,#2476);
#2220=AXIS2_PLACEMENT_3D('',#3109,#2477,#2478);
#2221=AXIS2_PLACEMENT_3D('',#3124,#2479,#2480);
#2222=AXIS2_PLACEMENT_3D('',#3125,#2481,#2482);
#2223=AXIS2_PLACEMENT_3D('',#3126,#2483,#2484);
#2224=AXIS2_PLACEMENT_3D('',#3127,#2485,#2486);
#2225=AXIS2_PLACEMENT_3D('',#3128,#2487,#2488);
#2226=AXIS2_PLACEMENT_3D('',#3129,#2489,#2490);
#2227=AXIS2_PLACEMENT_3D('',#3130,#2491,#2492);
#2228=AXIS2_PLACEMENT_3D('',#3131,#2493,#2494);
#2229=AXIS2_PLACEMENT_3D('',#3132,#2495,#2496);
#2230=AXIS2_PLACEMENT_3D('',#3133,#2497,#2498);
#2231=AXIS2_PLACEMENT_3D('',#3134,#2499,#2500);
#2232=AXIS2_PLACEMENT_3D('',#3135,#2501,#2502);
#2233=AXIS2_PLACEMENT_3D('',#3136,#2503,#2504);
#2234=AXIS2_PLACEMENT_3D('',#3137,#2505,#2506);
#2235=AXIS2_PLACEMENT_3D('',#3138,#2507,#2508);
#2236=AXIS2_PLACEMENT_3D('',#3139,#2509,#2510);
#2237=AXIS2_PLACEMENT_3D('',#3140,#2511,#2512);
#2238=AXIS2_PLACEMENT_3D('',#3141,#2513,#2514);
#2239=AXIS2_PLACEMENT_3D('',#3142,#2515,#2516);
#2240=AXIS2_PLACEMENT_3D('',#3143,#2517,#2518);
#2241=AXIS2_PLACEMENT_3D('',#3144,#2519,#2520);
#2242=AXIS2_PLACEMENT_3D('',#3145,#2521,#2522);
#2243=AXIS2_PLACEMENT_3D('',#3146,#2523,#2524);
#2244=AXIS2_PLACEMENT_3D('',#3147,#2525,#2526);
#2245=AXIS2_PLACEMENT_3D('',#3148,#2527,#2528);
#2246=AXIS2_PLACEMENT_3D('',#3149,#2529,#2530);
#2247=AXIS2_PLACEMENT_3D('',#3158,#2535,#2536);
#2248=AXIS2_PLACEMENT_3D('',#3177,#2541,#2542);
#2249=AXIS2_PLACEMENT_3D('',#3196,#2547,#2548);
#2250=AXIS2_PLACEMENT_3D('',#3202,#2551,#2552);
#2251=AXIS2_PLACEMENT_3D('',#3205,#2554,#2555);
#2252=AXIS2_PLACEMENT_3D('',#3206,#2556,#2557);
#2253=AXIS2_PLACEMENT_3D('',#3214,#2561,#2562);
#2254=AXIS2_PLACEMENT_3D('',#3223,#2563,#2564);
#2255=AXIS2_PLACEMENT_3D('',#3238,#2565,#2566);
#2256=AXIS2_PLACEMENT_3D('',#3253,#2567,#2568);
#2257=AXIS2_PLACEMENT_3D('',#3254,#2569,#2570);
#2258=AXIS2_PLACEMENT_3D('',#3255,#2571,#2572);
#2259=AXIS2_PLACEMENT_3D('',#3256,#2573,#2574);
#2260=AXIS2_PLACEMENT_3D('',#3257,#2575,#2576);
#2261=AXIS2_PLACEMENT_3D('',#3258,#2577,#2578);
#2262=AXIS2_PLACEMENT_3D('',#3259,#2579,#2580);
#2263=AXIS2_PLACEMENT_3D('',#3260,#2581,#2582);
#2264=AXIS2_PLACEMENT_3D('',#3261,#2583,#2584);
#2265=AXIS2_PLACEMENT_3D('',#3262,#2585,#2586);
#2266=AXIS2_PLACEMENT_3D('',#3263,#2587,#2588);
#2267=AXIS2_PLACEMENT_3D('',#3264,#2589,#2590);
#2268=AXIS2_PLACEMENT_3D('',#3265,#2591,#2592);
#2269=AXIS2_PLACEMENT_3D('',#3266,#2593,#2594);
#2270=AXIS2_PLACEMENT_3D('',#3267,#2595,#2596);
#2271=AXIS2_PLACEMENT_3D('',#3268,#2597,#2598);
#2272=AXIS2_PLACEMENT_3D('',#3269,#2599,#2600);
#2273=AXIS2_PLACEMENT_3D('',#3270,#2601,#2602);
#2274=AXIS2_PLACEMENT_3D('',#3271,#2603,#2604);
#2275=AXIS2_PLACEMENT_3D('',#3272,#2605,#2606);
#2276=AXIS2_PLACEMENT_3D('',#3273,#2607,#2608);
#2277=AXIS2_PLACEMENT_3D('',#3274,#2609,#2610);
#2278=AXIS2_PLACEMENT_3D('',#3275,#2611,#2612);
#2279=AXIS2_PLACEMENT_3D('',#3276,#2613,#2614);
#2280=AXIS2_PLACEMENT_3D('',#3277,#2615,#2616);
#2281=AXIS2_PLACEMENT_3D('',#3278,#2617,#2618);
#2282=AXIS2_PLACEMENT_3D('',#3279,#2619,#2620);
#2283=AXIS2_PLACEMENT_3D('',#3283,#2622,#2623);
#2284=AXIS2_PLACEMENT_3D('',#3287,#2625,#2626);
#2285=AXIS2_PLACEMENT_3D('',#3300,#2627,#2628);
#2286=AXIS2_PLACEMENT_3D('',#3302,#2629,#2630);
#2287=AXIS2_PLACEMENT_3D('',#3307,#2632,#2633);
#2288=AXIS2_PLACEMENT_3D('',#3311,#2635,#2636);
#2289=AXIS2_PLACEMENT_3D('',#3312,#2637,#2638);
#2290=AXIS2_PLACEMENT_3D('',#3321,#2643,#2644);
#2291=AXIS2_PLACEMENT_3D('',#3330,#2649,#2650);
#2292=AXIS2_PLACEMENT_3D('',#3336,#2654,#2655);
#2293=AXIS2_PLACEMENT_3D('',#3339,#2658,#2659);
#2294=AXIS2_PLACEMENT_3D('',#3345,#2663,#2664);
#2295=AXIS2_PLACEMENT_3D('',#3354,#2669,#2670);
#2296=AXIS2_PLACEMENT_3D('',#3360,#2674,#2675);
#2297=AXIS2_PLACEMENT_3D('',#3363,#2678,#2679);
#2298=AXIS2_PLACEMENT_3D('',#3369,#2683,#2684);
#2299=AXIS2_PLACEMENT_3D('',#3378,#2689,#2690);
#2300=AXIS2_PLACEMENT_3D('',#3384,#2694,#2695);
#2301=AXIS2_PLACEMENT_3D('',#3387,#2698,#2699);
#2302=AXIS2_PLACEMENT_3D('',#3393,#2703,#2704);
#2303=AXIS2_PLACEMENT_3D('',#3402,#2709,#2710);
#2304=AXIS2_PLACEMENT_3D('',#3408,#2714,#2715);
#2305=AXIS2_PLACEMENT_3D('',#3411,#2718,#2719);
#2306=AXIS2_PLACEMENT_3D('',#3417,#2723,#2724);
#2307=AXIS2_PLACEMENT_3D('',#3426,#2729,#2730);
#2308=AXIS2_PLACEMENT_3D('',#3432,#2734,#2735);
#2309=AXIS2_PLACEMENT_3D('',#3435,#2738,#2739);
#2310=AXIS2_PLACEMENT_3D('',#3441,#2743,#2744);
#2311=AXIS2_PLACEMENT_3D('',#3450,#2749,#2750);
#2312=AXIS2_PLACEMENT_3D('',#3456,#2754,#2755);
#2313=AXIS2_PLACEMENT_3D('',#3459,#2758,#2759);
#2314=AXIS2_PLACEMENT_3D('',#3468,#2764,#2765);
#2315=AXIS2_PLACEMENT_3D('',#3474,#2769,#2770);
#2316=AXIS2_PLACEMENT_3D('',#3475,#2771,#2772);
#2317=AXIS2_PLACEMENT_3D('',#3480,#2775,#2776);
#2318=AXIS2_PLACEMENT_3D('',#3485,#2779,#2780);
#2319=AXIS2_PLACEMENT_3D('',#3486,#2781,#2782);
#2320=AXIS2_PLACEMENT_3D('',#3492,#2786,#2787);
#2321=AXIS2_PLACEMENT_3D('',#3498,#2791,#2792);
#2322=AXIS2_PLACEMENT_3D('',#3501,#2795,#2796);
#2323=AXIS2_PLACEMENT_3D('',#3503,#2798,#2799);
#2324=AXIS2_PLACEMENT_3D('',#3505,#2801,#2802);
#2325=AXIS2_PLACEMENT_3D('',#3598,#2807,#2808);
#2326=AXIS2_PLACEMENT_3D('',#3599,#2809,#2810);
#2327=AXIS2_PLACEMENT_3D('',#3600,#2811,#2812);
#2328=AXIS2_PLACEMENT_3D('',#3613,#2815,#2816);
#2329=AXIS2_PLACEMENT_3D('',#3618,#2819,#2820);
#2330=AXIS2_PLACEMENT_3D('',#3619,#2821,#2822);
#2331=AXIS2_PLACEMENT_3D('',#3627,#2823,#2824);
#2332=AXIS2_PLACEMENT_3D('',#3630,#2826,#2827);
#2333=AXIS2_PLACEMENT_3D('',#3631,#2828,#2829);
#2334=AXIS2_PLACEMENT_3D('',#3644,#2832,#2833);
#2335=AXIS2_PLACEMENT_3D('',#3645,#2834,#2835);
#2336=AXIS2_PLACEMENT_3D('',#3650,#2838,#2839);
#2337=AXIS2_PLACEMENT_3D('',#3658,#2840,#2841);
#2338=AXIS2_PLACEMENT_3D('',#3661,#2843,#2844);
#2339=AXIS2_PLACEMENT_3D('',#3674,#2847,#2848);
#2340=AXIS2_PLACEMENT_3D('',#3675,#2849,#2850);
#2341=AXIS2_PLACEMENT_3D('',#3676,#2851,#2852);
#2342=AXIS2_PLACEMENT_3D('',#3677,#2853,#2854);
#2343=AXIS2_PLACEMENT_3D('',#3678,#2855,#2856);
#2344=AXIS2_PLACEMENT_3D('',#3679,#2857,#2858);
#2345=AXIS2_PLACEMENT_3D('',#3680,#2859,#2860);
#2346=AXIS2_PLACEMENT_3D('',#3681,#2861,#2862);
#2347=AXIS2_PLACEMENT_3D('',#3682,#2863,#2864);
#2348=AXIS2_PLACEMENT_3D('',#3683,#2865,#2866);
#2349=AXIS2_PLACEMENT_3D('',#3684,#2867,#2868);
#2350=AXIS2_PLACEMENT_3D('',#3685,#2869,#2870);
#2351=AXIS2_PLACEMENT_3D('',#3686,#2871,#2872);
#2352=AXIS2_PLACEMENT_3D('',#3688,#2874,#2875);
#2353=AXIS2_PLACEMENT_3D('',#3689,#2876,#2877);
#2354=AXIS2_PLACEMENT_3D('',#3690,#2878,#2879);
#2355=AXIS2_PLACEMENT_3D('',#3691,#2880,#2881);
#2356=AXIS2_PLACEMENT_3D('',#3703,#2883,#2884);
#2357=AXIS2_PLACEMENT_3D('',#3712,#2885,#2886);
#2358=AXIS2_PLACEMENT_3D('',#3717,#2887,#2888);
#2359=AXIS2_PLACEMENT_3D('',#3722,#2889,#2890);
#2360=AXIS2_PLACEMENT_3D('',#3723,#2891,#2892);
#2361=AXIS2_PLACEMENT_3D('',#3735,#2894,#2895);
#2362=AXIS2_PLACEMENT_3D('',#3753,#2896,#2897);
#2363=AXIS2_PLACEMENT_3D('',#3766,#2898,#2899);
#2364=AXIS2_PLACEMENT_3D('',#3779,#2900,#2901);
#2365=AXIS2_PLACEMENT_3D('',#3797,#2902,#2903);
#2366=AXIS2_PLACEMENT_3D('',#3799,#2905,#2906);
#2367=AXIS2_PLACEMENT_3D('',#3805,#2910,#2911);
#2368=AXIS2_PLACEMENT_3D('',#3811,#2915,#2916);
#2369=AXIS2_PLACEMENT_3D('',#3817,#2920,#2921);
#2370=AXIS2_PLACEMENT_3D('',#3823,#2925,#2926);
#2371=AXIS2_PLACEMENT_3D('',#3824,#2927,#2928);
#2372=AXIS2_PLACEMENT_3D('',#3825,#2929,#2930);
#2373=AXIS2_PLACEMENT_3D('',#3826,#2931,#2932);
#2374=AXIS2_PLACEMENT_3D('',#3827,#2933,#2934);
#2375=AXIS2_PLACEMENT_3D('',#3828,#2935,#2936);
#2376=AXIS2_PLACEMENT_3D('',#3829,#2937,#2938);
#2377=AXIS2_PLACEMENT_3D('',#3830,#2939,#2940);
#2378=AXIS2_PLACEMENT_3D('',#3831,#2941,#2942);
#2379=AXIS2_PLACEMENT_3D('',#3832,#2943,#2944);
#2380=AXIS2_PLACEMENT_3D('',#3833,#2945,#2946);
#2381=AXIS2_PLACEMENT_3D('',#3834,#2947,#2948);
#2382=AXIS2_PLACEMENT_3D('',#3835,#2949,#2950);
#2383=AXIS2_PLACEMENT_3D('',#3836,#2951,#2952);
#2384=AXIS2_PLACEMENT_3D('',#3837,#2953,#2954);
#2385=AXIS2_PLACEMENT_3D('',#3838,#2955,#2956);
#2386=AXIS2_PLACEMENT_3D('',#3839,#2957,#2958);
#2387=AXIS2_PLACEMENT_3D('',#3840,#2959,#2960);
#2388=AXIS2_PLACEMENT_3D('',#3841,#2961,#2962);
#2389=AXIS2_PLACEMENT_3D('',#3842,#2963,#2964);
#2390=AXIS2_PLACEMENT_3D('',#3843,#2965,#2966);
#2391=AXIS2_PLACEMENT_3D('',#3844,#2967,#2968);
#2392=AXIS2_PLACEMENT_3D('',#3845,#2969,#2970);
#2393=AXIS2_PLACEMENT_3D('',#3846,#2971,#2972);
#2394=AXIS2_PLACEMENT_3D('',#3847,#2973,#2974);
#2395=DIRECTION('',(0.,0.,1.));
#2396=DIRECTION('',(1.,0.,0.));
#2397=DIRECTION('',(0.,-1.,0.));
#2398=DIRECTION('',(0.,0.,-1.));
#2399=DIRECTION('',(0.,-1.,0.));
#2400=DIRECTION('',(0.,0.,-1.));
#2401=DIRECTION('',(0.,-1.,0.));
#2402=DIRECTION('',(0.,-1.,0.));
#2403=DIRECTION('',(0.,0.,-1.));
#2404=DIRECTION('',(0.,-1.,0.));
#2405=DIRECTION('',(0.,-1.,0.));
#2406=DIRECTION('',(0.,0.,-1.));
#2407=DIRECTION('',(0.,-1.,0.));
#2408=DIRECTION('',(0.,-1.,0.));
#2409=DIRECTION('',(0.,0.,-1.));
#2410=DIRECTION('',(0.,-1.,0.));
#2411=DIRECTION('',(0.,1.,0.));
#2412=DIRECTION('',(0.,0.,1.));
#2413=DIRECTION('',(0.,-1.,0.));
#2414=DIRECTION('',(0.,-1.,0.));
#2415=DIRECTION('',(0.,0.,-1.));
#2416=DIRECTION('',(0.,-1.,0.));
#2417=DIRECTION('',(-0.707106781186548,0.,0.707106781186547));
#2418=DIRECTION('',(0.707106781186547,0.,0.707106781186548));
#2419=DIRECTION('',(-0.707106781186547,0.,-0.707106781186548));
#2420=DIRECTION('',(-0.707106781186547,0.,-0.707106781186548));
#2421=DIRECTION('',(0.,-1.,0.));
#2422=DIRECTION('',(0.,-1.,0.));
#2423=DIRECTION('',(0.,0.,-1.));
#2424=DIRECTION('',(0.,-1.,0.));
#2425=DIRECTION('',(-0.707106781186549,0.,0.707106781186547));
#2426=DIRECTION('',(0.,-1.,0.));
#2427=DIRECTION('',(-0.707106781186549,0.,0.707106781186547));
#2428=DIRECTION('',(0.,-1.,0.));
#2429=DIRECTION('',(0.707106781186547,0.,0.707106781186548));
#2430=DIRECTION('',(0.707106781186548,0.,-0.707106781186547));
#2431=DIRECTION('',(-0.707106781186548,0.,0.707106781186547));
#2432=DIRECTION('',(-0.707106781186548,0.,0.707106781186547));
#2433=DIRECTION('',(0.,-1.,0.));
#2434=DIRECTION('',(1.,0.,0.));
#2435=DIRECTION('',(0.,-1.,0.));
#2436=DIRECTION('',(0.,0.,-1.));
#2437=DIRECTION('',(0.,-1.,0.));
#2438=DIRECTION('',(1.,0.,0.));
#2439=DIRECTION('',(0.,-1.,0.));
#2440=DIRECTION('',(0.,0.,-1.));
#2441=DIRECTION('',(1.,0.,0.));
#2442=DIRECTION('',(0.,0.,-1.));
#2443=DIRECTION('',(0.,0.,-1.));
#2444=DIRECTION('',(0.,1.,0.));
#2445=DIRECTION('',(0.,0.,-1.));
#2446=DIRECTION('',(0.,1.,0.));
#2447=DIRECTION('',(0.,0.,1.));
#2448=DIRECTION('',(1.,0.,0.));
#2449=DIRECTION('',(1.,0.,0.));
#2450=DIRECTION('',(0.,1.,0.));
#2451=DIRECTION('',(1.,0.,0.));
#2452=DIRECTION('',(0.,1.,0.));
#2453=DIRECTION('',(0.,0.,1.));
#2454=DIRECTION('',(1.,0.,0.));
#2455=DIRECTION('',(1.,0.,0.));
#2456=DIRECTION('',(0.,-1.,0.));
#2457=DIRECTION('',(1.,0.,0.));
#2458=DIRECTION('',(0.,1.,0.));
#2459=DIRECTION('',(0.,1.,0.));
#2460=DIRECTION('',(-1.,0.,0.));
#2461=DIRECTION('',(0.,1.,0.));
#2462=DIRECTION('',(0.,0.,1.));
#2463=DIRECTION('',(1.,0.,0.));
#2464=DIRECTION('',(0.,0.,-1.));
#2465=DIRECTION('',(1.,0.,0.));
#2466=DIRECTION('',(0.,1.,0.));
#2467=DIRECTION('',(-1.,0.,0.));
#2468=DIRECTION('',(0.,0.,-1.));
#2469=DIRECTION('',(1.,0.,0.));
#2470=DIRECTION('',(0.,1.,0.));
#2471=DIRECTION('',(0.,0.,1.));
#2472=DIRECTION('',(1.,0.,0.));
#2473=DIRECTION('',(-0.5,0.,0.866025403784439));
#2474=DIRECTION('',(0.,-1.,0.));
#2475=DIRECTION('',(0.,1.,0.));
#2476=DIRECTION('',(0.,0.,1.));
#2477=DIRECTION('',(0.,-1.,0.));
#2478=DIRECTION('',(0.,0.,-1.));
#2479=DIRECTION('',(-0.5,0.,-0.866025403784439));
#2480=DIRECTION('',(0.,-1.,0.));
#2481=DIRECTION('',(-1.,0.,0.));
#2482=DIRECTION('',(0.,0.,1.));
#2483=DIRECTION('',(-1.,0.,0.));
#2484=DIRECTION('',(0.,0.,1.));
#2485=DIRECTION('',(0.,0.,-1.));
#2486=DIRECTION('',(-1.,0.,0.));
#2487=DIRECTION('',(0.,0.,-1.));
#2488=DIRECTION('',(-1.,0.,0.));
#2489=DIRECTION('',(0.,1.,0.));
#2490=DIRECTION('',(0.,0.,1.));
#2491=DIRECTION('',(1.,0.,0.));
#2492=DIRECTION('',(0.,0.,-1.));
#2493=DIRECTION('',(-1.,0.,0.));
#2494=DIRECTION('',(0.,0.,1.));
#2495=DIRECTION('',(0.,1.,0.));
#2496=DIRECTION('',(0.,0.,1.));
#2497=DIRECTION('',(0.,-1.,0.));
#2498=DIRECTION('',(0.,0.,-1.));
#2499=DIRECTION('',(0.,0.,1.));
#2500=DIRECTION('',(1.,0.,0.));
#2501=DIRECTION('',(0.,0.,1.));
#2502=DIRECTION('',(1.,0.,0.));
#2503=DIRECTION('',(1.,0.,0.));
#2504=DIRECTION('',(0.,0.,-1.));
#2505=DIRECTION('',(-1.,0.,0.));
#2506=DIRECTION('',(0.,0.,1.));
#2507=DIRECTION('',(0.,0.,-1.));
#2508=DIRECTION('',(-1.,0.,0.));
#2509=DIRECTION('',(0.,0.,-1.));
#2510=DIRECTION('',(-1.,0.,0.));
#2511=DIRECTION('',(0.,1.,0.));
#2512=DIRECTION('',(0.,0.,1.));
#2513=DIRECTION('',(0.,1.,0.));
#2514=DIRECTION('',(0.,0.,1.));
#2515=DIRECTION('',(0.,0.,-1.));
#2516=DIRECTION('',(-1.,0.,0.));
#2517=DIRECTION('',(0.,0.,1.));
#2518=DIRECTION('',(1.,0.,0.));
#2519=DIRECTION('',(0.,-1.,0.));
#2520=DIRECTION('',(0.,0.,-1.));
#2521=DIRECTION('',(0.,-1.,0.));
#2522=DIRECTION('',(0.,0.,-1.));
#2523=DIRECTION('',(-1.,0.,0.));
#2524=DIRECTION('',(0.,0.,1.));
#2525=DIRECTION('',(-1.,0.,0.));
#2526=DIRECTION('',(0.,0.,1.));
#2527=DIRECTION('',(-1.,0.,0.));
#2528=DIRECTION('',(0.,0.,1.));
#2529=DIRECTION('',(-1.,0.,0.));
#2530=DIRECTION('',(0.,0.,1.));
#2531=DIRECTION('',(0.,0.,-1.));
#2532=DIRECTION('',(0.,-1.,0.));
#2533=DIRECTION('',(0.,0.,-1.));
#2534=DIRECTION('',(0.,-1.,0.));
#2535=DIRECTION('',(0.,0.,-1.));
#2536=DIRECTION('',(-1.,0.,0.));
#2537=DIRECTION('',(1.,0.,0.));
#2538=DIRECTION('',(0.,-1.,0.));
#2539=DIRECTION('',(1.,0.,0.));
#2540=DIRECTION('',(0.,-1.,0.));
#2541=DIRECTION('',(0.,0.,-1.));
#2542=DIRECTION('',(-1.,0.,0.));
#2543=DIRECTION('',(1.,0.,0.));
#2544=DIRECTION('',(0.,1.,0.));
#2545=DIRECTION('',(1.,0.,0.));
#2546=DIRECTION('',(0.,-1.,0.));
#2547=DIRECTION('',(0.,-1.,0.));
#2548=DIRECTION('',(-1.,0.,0.));
#2549=DIRECTION('',(0.,0.,-1.));
#2550=DIRECTION('',(1.,0.,0.));
#2551=DIRECTION('',(0.,-1.,0.));
#2552=DIRECTION('',(0.,0.,-1.));
#2553=DIRECTION('',(1.,0.,0.));
#2554=DIRECTION('',(0.,-1.,0.));
#2555=DIRECTION('',(-1.,0.,0.));
#2556=DIRECTION('',(0.,-1.,0.));
#2557=DIRECTION('',(0.,0.,-1.));
#2558=DIRECTION('',(1.,0.,0.));
#2559=DIRECTION('',(0.,0.,-1.));
#2560=DIRECTION('',(1.,0.,0.));
#2561=DIRECTION('',(0.5,0.,-0.866025403784439));
#2562=DIRECTION('',(0.,-1.,0.));
#2563=DIRECTION('',(0.,-1.,0.));
#2564=DIRECTION('',(0.,0.,-1.));
#2565=DIRECTION('',(0.,1.,0.));
#2566=DIRECTION('',(0.,0.,1.));
#2567=DIRECTION('',(0.5,0.,0.866025403784439));
#2568=DIRECTION('',(0.,-1.,0.));
#2569=DIRECTION('',(1.,0.,0.));
#2570=DIRECTION('',(0.,0.,-1.));
#2571=DIRECTION('',(-1.,0.,0.));
#2572=DIRECTION('',(0.,0.,1.));
#2573=DIRECTION('',(0.,-1.,0.));
#2574=DIRECTION('',(0.,0.,-1.));
#2575=DIRECTION('',(0.,-1.,0.));
#2576=DIRECTION('',(0.,0.,-1.));
#2577=DIRECTION('',(0.,0.,-1.));
#2578=DIRECTION('',(-1.,0.,0.));
#2579=DIRECTION('',(-1.,0.,0.));
#2580=DIRECTION('',(0.,0.,1.));
#2581=DIRECTION('',(-1.,0.,0.));
#2582=DIRECTION('',(0.,0.,1.));
#2583=DIRECTION('',(0.,0.,-1.));
#2584=DIRECTION('',(-1.,0.,0.));
#2585=DIRECTION('',(0.,0.,1.));
#2586=DIRECTION('',(1.,0.,0.));
#2587=DIRECTION('',(0.,-1.,0.));
#2588=DIRECTION('',(0.,0.,-1.));
#2589=DIRECTION('',(0.,1.,0.));
#2590=DIRECTION('',(0.,0.,1.));
#2591=DIRECTION('',(-1.,0.,0.));
#2592=DIRECTION('',(0.,0.,1.));
#2593=DIRECTION('',(-1.,0.,0.));
#2594=DIRECTION('',(0.,0.,1.));
#2595=DIRECTION('',(0.,-1.,0.));
#2596=DIRECTION('',(0.,0.,-1.));
#2597=DIRECTION('',(0.,-1.,0.));
#2598=DIRECTION('',(0.,0.,-1.));
#2599=DIRECTION('',(0.,0.,-1.));
#2600=DIRECTION('',(-1.,0.,0.));
#2601=DIRECTION('',(0.,0.,-1.));
#2602=DIRECTION('',(-1.,0.,0.));
#2603=DIRECTION('',(0.,1.,0.));
#2604=DIRECTION('',(0.,0.,1.));
#2605=DIRECTION('',(0.,1.,0.));
#2606=DIRECTION('',(0.,0.,1.));
#2607=DIRECTION('',(0.,0.,1.));
#2608=DIRECTION('',(1.,0.,0.));
#2609=DIRECTION('',(0.,0.,1.));
#2610=DIRECTION('',(1.,0.,0.));
#2611=DIRECTION('',(-1.,0.,0.));
#2612=DIRECTION('',(0.,0.,1.));
#2613=DIRECTION('',(-1.,0.,0.));
#2614=DIRECTION('',(0.,0.,1.));
#2615=DIRECTION('',(1.,0.,0.));
#2616=DIRECTION('',(0.,0.,-1.));
#2617=DIRECTION('',(0.,0.,1.));
#2618=DIRECTION('',(1.,0.,0.));
#2619=DIRECTION('',(0.,1.,0.));
#2620=DIRECTION('',(0.,0.,1.));
#2621=DIRECTION('',(0.,1.,0.));
#2622=DIRECTION('',(0.,-1.,0.));
#2623=DIRECTION('',(0.,0.,-1.));
#2624=DIRECTION('',(0.,1.,0.));
#2625=DIRECTION('',(0.,1.,0.));
#2626=DIRECTION('',(0.,0.,1.));
#2627=DIRECTION('',(0.,1.,0.));
#2628=DIRECTION('',(0.,0.,1.));
#2629=DIRECTION('',(0.,1.,0.));
#2630=DIRECTION('',(-1.,0.,0.));
#2631=DIRECTION('',(0.,1.,0.));
#2632=DIRECTION('',(0.,-1.,0.));
#2633=DIRECTION('',(0.,0.,-1.));
#2634=DIRECTION('',(0.,1.,0.));
#2635=DIRECTION('',(0.,1.,0.));
#2636=DIRECTION('',(0.,0.,1.));
#2637=DIRECTION('',(0.,0.,1.));
#2638=DIRECTION('',(1.,0.,0.));
#2639=DIRECTION('',(0.,1.,0.));
#2640=DIRECTION('',(-1.,0.,0.));
#2641=DIRECTION('',(0.,1.,0.));
#2642=DIRECTION('',(-1.,0.,0.));
#2643=DIRECTION('',(0.,-0.939692620785908,0.342020143325668));
#2644=DIRECTION('',(0.,-0.342020143325668,-0.939692620785908));
#2645=DIRECTION('',(0.,0.342020143325668,0.939692620785908));
#2646=DIRECTION('',(-1.,0.,0.));
#2647=DIRECTION('',(0.,0.342020143325668,0.939692620785908));
#2648=DIRECTION('',(-1.,0.,0.));
#2649=DIRECTION('',(0.,0.939692620785908,0.342020143325668));
#2650=DIRECTION('',(0.,-0.342020143325668,0.939692620785908));
#2651=DIRECTION('',(0.,0.342020143325669,-0.939692620785909));
#2652=DIRECTION('',(-1.,0.,0.));
#2653=DIRECTION('',(0.,0.342020143325669,-0.939692620785909));
#2654=DIRECTION('',(0.,0.,1.));
#2655=DIRECTION('',(1.,0.,0.));
#2656=DIRECTION('',(0.,1.,0.));
#2657=DIRECTION('',(0.,1.,0.));
#2658=DIRECTION('',(0.,0.,1.));
#2659=DIRECTION('',(1.,0.,0.));
#2660=DIRECTION('',(0.,1.,0.));
#2661=DIRECTION('',(-1.,0.,0.));
#2662=DIRECTION('',(0.,1.,0.));
#2663=DIRECTION('',(0.,-0.939692620785908,0.342020143325668));
#2664=DIRECTION('',(0.,-0.342020143325668,-0.939692620785908));
#2665=DIRECTION('',(0.,0.342020143325668,0.939692620785908));
#2666=DIRECTION('',(-1.,0.,0.));
#2667=DIRECTION('',(0.,0.342020143325668,0.939692620785908));
#2668=DIRECTION('',(-1.,0.,0.));
#2669=DIRECTION('',(0.,0.939692620785908,0.342020143325668));
#2670=DIRECTION('',(0.,-0.342020143325668,0.939692620785908));
#2671=DIRECTION('',(0.,0.342020143325669,-0.939692620785909));
#2672=DIRECTION('',(-1.,0.,0.));
#2673=DIRECTION('',(0.,0.342020143325669,-0.939692620785909));
#2674=DIRECTION('',(0.,0.,1.));
#2675=DIRECTION('',(1.,0.,0.));
#2676=DIRECTION('',(0.,1.,0.));
#2677=DIRECTION('',(0.,1.,0.));
#2678=DIRECTION('',(0.,0.,1.));
#2679=DIRECTION('',(1.,0.,0.));
#2680=DIRECTION('',(0.,1.,0.));
#2681=DIRECTION('',(-1.,0.,0.));
#2682=DIRECTION('',(0.,1.,0.));
#2683=DIRECTION('',(0.,-0.939692620785908,0.342020143325668));
#2684=DIRECTION('',(0.,-0.342020143325668,-0.939692620785908));
#2685=DIRECTION('',(0.,0.342020143325668,0.939692620785908));
#2686=DIRECTION('',(-1.,0.,0.));
#2687=DIRECTION('',(0.,0.342020143325668,0.939692620785908));
#2688=DIRECTION('',(-1.,0.,0.));
#2689=DIRECTION('',(0.,0.939692620785908,0.342020143325668));
#2690=DIRECTION('',(0.,-0.342020143325668,0.939692620785908));
#2691=DIRECTION('',(0.,0.342020143325669,-0.939692620785909));
#2692=DIRECTION('',(-1.,0.,0.));
#2693=DIRECTION('',(0.,0.342020143325669,-0.939692620785909));
#2694=DIRECTION('',(0.,0.,1.));
#2695=DIRECTION('',(1.,0.,0.));
#2696=DIRECTION('',(0.,1.,0.));
#2697=DIRECTION('',(0.,1.,0.));
#2698=DIRECTION('',(0.,0.,1.));
#2699=DIRECTION('',(1.,0.,0.));
#2700=DIRECTION('',(0.,1.,0.));
#2701=DIRECTION('',(-1.,0.,0.));
#2702=DIRECTION('',(0.,1.,0.));
#2703=DIRECTION('',(0.,-0.939692620785908,0.342020143325668));
#2704=DIRECTION('',(0.,-0.342020143325668,-0.939692620785908));
#2705=DIRECTION('',(0.,0.342020143325668,0.939692620785908));
#2706=DIRECTION('',(-1.,0.,0.));
#2707=DIRECTION('',(0.,0.342020143325668,0.939692620785908));
#2708=DIRECTION('',(-1.,0.,0.));
#2709=DIRECTION('',(0.,0.939692620785908,0.342020143325668));
#2710=DIRECTION('',(0.,-0.342020143325668,0.939692620785908));
#2711=DIRECTION('',(0.,0.342020143325669,-0.939692620785909));
#2712=DIRECTION('',(-1.,0.,0.));
#2713=DIRECTION('',(0.,0.342020143325669,-0.939692620785909));
#2714=DIRECTION('',(0.,0.,1.));
#2715=DIRECTION('',(1.,0.,0.));
#2716=DIRECTION('',(0.,1.,0.));
#2717=DIRECTION('',(0.,1.,0.));
#2718=DIRECTION('',(0.,0.,1.));
#2719=DIRECTION('',(1.,0.,0.));
#2720=DIRECTION('',(0.,1.,0.));
#2721=DIRECTION('',(-1.,0.,0.));
#2722=DIRECTION('',(0.,1.,0.));
#2723=DIRECTION('',(0.,-0.939692620785908,0.342020143325668));
#2724=DIRECTION('',(0.,-0.342020143325668,-0.939692620785908));
#2725=DIRECTION('',(0.,0.342020143325668,0.939692620785908));
#2726=DIRECTION('',(-1.,0.,0.));
#2727=DIRECTION('',(0.,0.342020143325668,0.939692620785908));
#2728=DIRECTION('',(-1.,0.,0.));
#2729=DIRECTION('',(0.,0.939692620785908,0.342020143325668));
#2730=DIRECTION('',(0.,-0.342020143325668,0.939692620785908));
#2731=DIRECTION('',(0.,0.342020143325669,-0.939692620785909));
#2732=DIRECTION('',(-1.,0.,0.));
#2733=DIRECTION('',(0.,0.342020143325669,-0.939692620785909));
#2734=DIRECTION('',(0.,0.,1.));
#2735=DIRECTION('',(1.,0.,0.));
#2736=DIRECTION('',(0.,1.,0.));
#2737=DIRECTION('',(0.,1.,0.));
#2738=DIRECTION('',(0.,0.,1.));
#2739=DIRECTION('',(1.,0.,0.));
#2740=DIRECTION('',(0.,1.,0.));
#2741=DIRECTION('',(-1.,0.,0.));
#2742=DIRECTION('',(0.,1.,0.));
#2743=DIRECTION('',(0.,-0.939692620785908,0.342020143325668));
#2744=DIRECTION('',(0.,-0.342020143325668,-0.939692620785908));
#2745=DIRECTION('',(0.,0.342020143325668,0.939692620785908));
#2746=DIRECTION('',(-1.,0.,0.));
#2747=DIRECTION('',(0.,0.342020143325668,0.939692620785908));
#2748=DIRECTION('',(-1.,0.,0.));
#2749=DIRECTION('',(0.,0.939692620785908,0.342020143325668));
#2750=DIRECTION('',(0.,-0.342020143325668,0.939692620785908));
#2751=DIRECTION('',(0.,0.342020143325669,-0.939692620785909));
#2752=DIRECTION('',(-1.,0.,0.));
#2753=DIRECTION('',(0.,0.342020143325669,-0.939692620785909));
#2754=DIRECTION('',(0.,0.,1.));
#2755=DIRECTION('',(1.,0.,0.));
#2756=DIRECTION('',(0.,1.,0.));
#2757=DIRECTION('',(0.,1.,0.));
#2758=DIRECTION('',(0.,-0.939692620785908,0.342020143325668));
#2759=DIRECTION('',(0.,-0.342020143325668,-0.939692620785908));
#2760=DIRECTION('',(0.,0.342020143325668,0.939692620785908));
#2761=DIRECTION('',(-1.,0.,0.));
#2762=DIRECTION('',(0.,0.342020143325668,0.939692620785908));
#2763=DIRECTION('',(-1.,0.,0.));
#2764=DIRECTION('',(0.,0.,1.));
#2765=DIRECTION('',(1.,0.,0.));
#2766=DIRECTION('',(0.,1.,0.));
#2767=DIRECTION('',(-1.,0.,0.));
#2768=DIRECTION('',(0.,1.,0.));
#2769=DIRECTION('',(0.,1.,0.));
#2770=DIRECTION('',(0.,0.,1.));
#2771=DIRECTION('',(0.,-1.,0.));
#2772=DIRECTION('',(0.,0.,-1.));
#2773=DIRECTION('',(0.,0.,-1.));
#2774=DIRECTION('',(0.,0.,-1.));
#2775=DIRECTION('',(0.,1.,0.));
#2776=DIRECTION('',(0.,0.,1.));
#2777=DIRECTION('',(0.,0.,-1.));
#2778=DIRECTION('',(0.,0.,-1.));
#2779=DIRECTION('',(0.,-1.,0.));
#2780=DIRECTION('',(0.,0.,-1.));
#2781=DIRECTION('',(0.,0.,1.));
#2782=DIRECTION('',(1.,0.,0.));
#2783=DIRECTION('',(0.,1.,0.));
#2784=DIRECTION('',(-1.,0.,0.));
#2785=DIRECTION('',(0.,1.,0.));
#2786=DIRECTION('',(0.,0.939692620785908,0.342020143325668));
#2787=DIRECTION('',(0.,-0.342020143325668,0.939692620785908));
#2788=DIRECTION('',(0.,0.342020143325669,-0.939692620785909));
#2789=DIRECTION('',(-1.,0.,0.));
#2790=DIRECTION('',(0.,0.342020143325669,-0.939692620785909));
#2791=DIRECTION('',(0.,0.,1.));
#2792=DIRECTION('',(1.,0.,0.));
#2793=DIRECTION('',(0.,1.,0.));
#2794=DIRECTION('',(0.,1.,0.));
#2795=DIRECTION('',(1.,0.,0.));
#2796=DIRECTION('',(0.,1.,0.));
#2797=DIRECTION('',(0.,-1.,0.));
#2798=DIRECTION('',(1.,0.,0.));
#2799=DIRECTION('',(0.,1.,0.));
#2800=DIRECTION('',(0.,-1.,0.));
#2801=DIRECTION('',(0.,-1.,0.));
#2802=DIRECTION('',(0.,0.,-1.));
#2803=DIRECTION('',(0.,-1.,0.));
#2804=DIRECTION('',(0.,1.,0.));
#2805=DIRECTION('',(0.,-1.,0.));
#2806=DIRECTION('',(0.,1.,0.));
#2807=DIRECTION('',(1.,0.,0.));
#2808=DIRECTION('',(0.,0.,-1.));
#2809=DIRECTION('',(1.,0.,0.));
#2810=DIRECTION('',(0.,0.,-1.));
#2811=DIRECTION('',(1.,0.,0.));
#2812=DIRECTION('',(0.,0.,-1.));
#2813=DIRECTION('',(-1.,0.,0.));
#2814=DIRECTION('',(-1.,0.,0.));
#2815=DIRECTION('',(0.,-1.,0.));
#2816=DIRECTION('',(-1.,0.,0.));
#2817=DIRECTION('',(0.,0.,-1.));
#2818=DIRECTION('',(-1.,0.,0.));
#2819=DIRECTION('',(0.,-1.,0.));
#2820=DIRECTION('',(0.,0.,-1.));
#2821=DIRECTION('',(-1.,0.,0.));
#2822=DIRECTION('',(0.,0.,1.));
#2823=DIRECTION('',(-1.,-6.12323399573677E-17,0.));
#2824=DIRECTION('',(6.12323399573677E-17,-1.,0.));
#2825=DIRECTION('',(-1.,0.,0.));
#2826=DIRECTION('',(1.,0.,0.));
#2827=DIRECTION('',(0.,0.,-1.));
#2828=DIRECTION('',(-1.,0.,0.));
#2829=DIRECTION('',(0.,0.,1.));
#2830=DIRECTION('',(-1.,0.,0.));
#2831=DIRECTION('',(-1.,0.,0.));
#2832=DIRECTION('',(0.,-1.,0.));
#2833=DIRECTION('',(-1.,0.,0.));
#2834=DIRECTION('',(0.,-1.,0.));
#2835=DIRECTION('',(0.,0.,-1.));
#2836=DIRECTION('',(0.,0.,-1.));
#2837=DIRECTION('',(-1.,0.,0.));
#2838=DIRECTION('',(-1.,0.,0.));
#2839=DIRECTION('',(0.,0.,1.));
#2840=DIRECTION('',(1.,0.,-1.22464679914735E-16));
#2841=DIRECTION('',(-1.22464679914735E-16,0.,-1.));
#2842=DIRECTION('',(-1.,0.,0.));
#2843=DIRECTION('',(0.,0.,-1.));
#2844=DIRECTION('',(-1.,0.,0.));
#2845=DIRECTION('',(0.,1.,0.));
#2846=DIRECTION('',(0.,1.,0.));
#2847=DIRECTION('',(-1.,0.,0.));
#2848=DIRECTION('',(0.,0.,1.));
#2849=DIRECTION('',(0.,-6.12323399573677E-17,1.));
#2850=DIRECTION('',(0.,-1.,-6.12323399573677E-17));
#2851=DIRECTION('',(0.,-1.,0.));
#2852=DIRECTION('',(0.,0.,-1.));
#2853=DIRECTION('',(0.,0.,1.));
#2854=DIRECTION('',(1.,0.,0.));
#2855=DIRECTION('',(0.,0.,1.));
#2856=DIRECTION('',(1.,0.,0.));
#2857=DIRECTION('',(0.,1.,0.));
#2858=DIRECTION('',(0.,0.,1.));
#2859=DIRECTION('',(0.,1.,0.));
#2860=DIRECTION('',(0.,0.,1.));
#2861=DIRECTION('',(0.,0.,-1.));
#2862=DIRECTION('',(-1.,0.,0.));
#2863=DIRECTION('',(0.,-1.,0.));
#2864=DIRECTION('',(0.,0.,-1.));
#2865=DIRECTION('',(0.,-1.,0.));
#2866=DIRECTION('',(0.,0.,-1.));
#2867=DIRECTION('',(1.83697019872103E-16,0.,1.));
#2868=DIRECTION('',(1.,0.,-1.83697019872103E-16));
#2869=DIRECTION('',(0.,-1.,0.));
#2870=DIRECTION('',(0.,0.,-1.));
#2871=DIRECTION('',(0.,-1.,0.));
#2872=DIRECTION('',(0.,0.,-1.));
#2873=DIRECTION('',(0.,1.,0.));
#2874=DIRECTION('',(0.,0.,-1.));
#2875=DIRECTION('',(-1.,0.,0.));
#2876=DIRECTION('',(0.,0.,-1.));
#2877=DIRECTION('',(-1.,0.,0.));
#2878=DIRECTION('',(0.,-1.,0.));
#2879=DIRECTION('',(0.,0.,-1.));
#2880=DIRECTION('',(0.,0.,-1.));
#2881=DIRECTION('',(-1.,0.,0.));
#2882=DIRECTION('',(0.,-1.,0.));
#2883=DIRECTION('',(0.5,0.,0.866025403784439));
#2884=DIRECTION('',(0.,-1.,0.));
#2885=DIRECTION('',(0.,1.,0.));
#2886=DIRECTION('',(0.,0.,1.));
#2887=DIRECTION('',(0.,-1.,0.));
#2888=DIRECTION('',(0.,0.,-1.));
#2889=DIRECTION('',(0.5,0.,-0.866025403784439));
#2890=DIRECTION('',(0.,-1.,0.));
#2891=DIRECTION('',(-0.5,0.,0.866025403784439));
#2892=DIRECTION('',(0.,-1.,0.));
#2893=DIRECTION('',(0.,-1.,0.));
#2894=DIRECTION('',(0.,1.,0.));
#2895=DIRECTION('',(0.,0.,1.));
#2896=DIRECTION('',(0.,1.,0.));
#2897=DIRECTION('',(0.,0.,1.));
#2898=DIRECTION('',(0.,-1.,0.));
#2899=DIRECTION('',(0.,0.,-1.));
#2900=DIRECTION('',(0.,1.,0.));
#2901=DIRECTION('',(0.,0.,1.));
#2902=DIRECTION('',(-0.5,0.,-0.866025403784439));
#2903=DIRECTION('',(0.,-1.,0.));
#2904=DIRECTION('',(0.,1.,0.));
#2905=DIRECTION('',(0.,0.,1.));
#2906=DIRECTION('',(1.,0.,0.));
#2907=DIRECTION('',(1.,0.,0.));
#2908=DIRECTION('',(0.,1.,0.));
#2909=DIRECTION('',(1.,0.,0.));
#2910=DIRECTION('',(0.,0.,1.));
#2911=DIRECTION('',(1.,0.,0.));
#2912=DIRECTION('',(1.,0.,0.));
#2913=DIRECTION('',(0.,1.,0.));
#2914=DIRECTION('',(1.,0.,0.));
#2915=DIRECTION('',(0.,1.,0.));
#2916=DIRECTION('',(-1.,0.,0.));
#2917=DIRECTION('',(-1.,0.,0.));
#2918=DIRECTION('',(0.,0.,1.));
#2919=DIRECTION('',(-1.,0.,0.));
#2920=DIRECTION('',(0.,1.,0.));
#2921=DIRECTION('',(-1.,0.,0.));
#2922=DIRECTION('',(0.,0.,1.));
#2923=DIRECTION('',(-1.,0.,0.));
#2924=DIRECTION('',(-1.,0.,0.));
#2925=DIRECTION('',(-1.,0.,0.));
#2926=DIRECTION('',(0.,0.,1.));
#2927=DIRECTION('',(-1.,-6.12323399573677E-17,0.));
#2928=DIRECTION('',(6.12323399573677E-17,-1.,0.));
#2929=DIRECTION('',(0.,0.,-1.));
#2930=DIRECTION('',(-1.,0.,0.));
#2931=DIRECTION('',(0.,1.,0.));
#2932=DIRECTION('',(0.,0.,1.));
#2933=DIRECTION('',(0.,0.,1.));
#2934=DIRECTION('',(1.,0.,0.));
#2935=DIRECTION('',(1.,0.,0.));
#2936=DIRECTION('',(0.,0.,-1.));
#2937=DIRECTION('',(1.,1.83697019872103E-16,0.));
#2938=DIRECTION('',(-1.83697019872103E-16,1.,0.));
#2939=DIRECTION('',(0.,1.,0.));
#2940=DIRECTION('',(0.,0.,1.));
#2941=DIRECTION('',(0.,-1.,0.));
#2942=DIRECTION('',(0.,0.,-1.));
#2943=DIRECTION('',(0.,0.,1.));
#2944=DIRECTION('',(1.,0.,0.));
#2945=DIRECTION('',(1.83697019872103E-16,0.,-1.));
#2946=DIRECTION('',(-1.,0.,-1.83697019872103E-16));
#2947=DIRECTION('',(1.,0.,0.));
#2948=DIRECTION('',(0.,0.,-1.));
#2949=DIRECTION('',(-1.,0.,0.));
#2950=DIRECTION('',(0.,0.,1.));
#2951=DIRECTION('',(0.,0.,-1.));
#2952=DIRECTION('',(-1.,0.,0.));
#2953=DIRECTION('',(0.,0.,-1.));
#2954=DIRECTION('',(-1.,0.,0.));
#2955=DIRECTION('',(0.,1.,0.));
#2956=DIRECTION('',(0.,0.,1.));
#2957=DIRECTION('',(0.,-1.,0.));
#2958=DIRECTION('',(0.,0.,-1.));
#2959=DIRECTION('',(0.,0.,-1.));
#2960=DIRECTION('',(-1.,0.,0.));
#2961=DIRECTION('',(0.,1.83697019872103E-16,-1.));
#2962=DIRECTION('',(0.,1.,1.83697019872103E-16));
#2963=DIRECTION('',(0.,-1.,0.));
#2964=DIRECTION('',(0.,0.,-1.));
#2965=DIRECTION('',(0.,-1.,0.));
#2966=DIRECTION('',(0.,0.,-1.));
#2967=DIRECTION('',(-1.,0.,0.));
#2968=DIRECTION('',(0.,0.,1.));
#2969=DIRECTION('',(-1.,0.,0.));
#2970=DIRECTION('',(0.,0.,1.));
#2971=DIRECTION('',(-1.,0.,0.));
#2972=DIRECTION('',(0.,0.,1.));
#2973=DIRECTION('',(0.,0.,1.));
#2974=DIRECTION('',(1.,0.,0.));
#2975=CARTESIAN_POINT('',(0.,0.,0.));
#2976=CARTESIAN_POINT('',(0.0025,0.036,-0.0181495637148619));
#2977=CARTESIAN_POINT('',(0.0025,0.01,-0.0181495637148619));
#2978=CARTESIAN_POINT('',(-0.00356217782649106,0.01,-0.0216495637148619));
#2979=CARTESIAN_POINT('',(-0.00244974746830584,0.01,-0.0230993111831677));
#2980=CARTESIAN_POINT('',(-0.00356217782649107,0.036,-0.0216495637148619));
#2981=CARTESIAN_POINT('',(-0.00356217782649106,0.017,-0.0216495637148619));
#2982=CARTESIAN_POINT('',(0.0025,0.017,-0.0181495637148619));
#2983=CARTESIAN_POINT('',(-0.00356217782649107,0.017,-0.0146495637148619));
#2984=CARTESIAN_POINT('',(-0.00356217782649107,0.036,-0.0146495637148619));
#2985=CARTESIAN_POINT('',(-0.00356217782649107,0.01,-0.0146495637148619));
#2986=CARTESIAN_POINT('',(0.0025,0.01,-0.0181495637148619));
#2987=CARTESIAN_POINT('',(-0.00244974746830584,0.01,-0.013199816246556));
#2988=CARTESIAN_POINT('',(-0.00244974746830584,0.036,-0.013199816246556));
#2989=CARTESIAN_POINT('',(-0.00244974746830584,0.036,-0.013199816246556));
#2990=CARTESIAN_POINT('',(0.0025,0.036,-0.0181495637148619));
#2991=CARTESIAN_POINT('',(-0.00356217782649107,0.036,-0.0146495637148619));
#2992=CARTESIAN_POINT('',(-0.00356217782649107,0.036,-0.0146495637148619));
#2993=CARTESIAN_POINT('',(-0.00356217782649107,0.029,-0.0146495637148619));
#2994=CARTESIAN_POINT('',(0.0025,0.029,-0.0181495637148619));
#2995=CARTESIAN_POINT('',(-0.00356217782649106,0.029,-0.0216495637148619));
#2996=CARTESIAN_POINT('',(-0.00356217782649107,0.036,-0.0216495637148619));
#2997=CARTESIAN_POINT('',(-0.00356217782649106,0.036,-0.0216495637148619));
#2998=CARTESIAN_POINT('',(0.0025,0.036,-0.0181495637148619));
#2999=CARTESIAN_POINT('',(-0.00244974746830584,0.036,-0.0230993111831677));
#3000=CARTESIAN_POINT('',(-0.00244974746830584,0.036,-0.0230993111831677));
#3001=CARTESIAN_POINT('',(-0.00181335136523794,0.036,-0.0224629150800998));
#3002=CARTESIAN_POINT('',(-0.00181335136523794,0.01,-0.0224629150800998));
#3003=CARTESIAN_POINT('',(-0.000823401871576777,0.01,-0.0214729655864387));
#3004=CARTESIAN_POINT('',(-0.00181335136523794,0.036,-0.0224629150800998));
#3005=CARTESIAN_POINT('',(-0.000823401871576777,0.036,-0.0214729655864387));
#3006=CARTESIAN_POINT('',(-0.000823401871576777,0.036,-0.0214729655864387));
#3007=CARTESIAN_POINT('',(0.0025,0.036,-0.0181495637148619));
#3008=CARTESIAN_POINT('',(0.0025,0.01,-0.0181495637148619));
#3009=CARTESIAN_POINT('',(-0.000823401871576775,0.01,-0.0148261618432851));
#3010=CARTESIAN_POINT('',(0.0025,0.036,-0.0181495637148619));
#3011=CARTESIAN_POINT('',(-0.000823401871576775,0.036,-0.0148261618432851));
#3012=CARTESIAN_POINT('',(-0.000823401871576775,0.036,-0.0148261618432851));
#3013=CARTESIAN_POINT('',(-0.00181335136523794,0.036,-0.0138362123496239));
#3014=CARTESIAN_POINT('',(-0.00181335136523794,0.01,-0.0138362123496239));
#3015=CARTESIAN_POINT('',(-0.00181335136523794,0.036,-0.0138362123496239));
#3016=CARTESIAN_POINT('',(0.0025,0.036,-0.0181495637148619));
#3017=CARTESIAN_POINT('',(0.0025,0.036,-0.0181495637148619));
#3018=CARTESIAN_POINT('',(0.0025,0.01,-0.0181495637148619));
#3019=CARTESIAN_POINT('',(0.0025,0.01,-0.0181495637148619));
#3020=CARTESIAN_POINT('',(-0.0125,0.031,-0.0181495637148619));
#3021=CARTESIAN_POINT('',(-0.0125,0.0335,-0.0206495637148619));
#3022=CARTESIAN_POINT('',(-0.0125,0.0335,-0.0161495637148618));
#3023=CARTESIAN_POINT('',(-0.0125,0.0335,-0.0201495637148618));
#3024=CARTESIAN_POINT('',(-0.0125,0.031,-0.0201495637148618));
#3025=CARTESIAN_POINT('',(-0.0125,0.0315,-0.0201495637148618));
#3026=CARTESIAN_POINT('',(-0.0125,0.0315,-0.0181495637148619));
#3027=CARTESIAN_POINT('',(-0.0125,0.0315,-0.0161495637148618));
#3028=CARTESIAN_POINT('',(-0.0125,0.034,-0.0161495637148618));
#3029=CARTESIAN_POINT('',(-0.00826917420765551,0.031,-0.0156495637148619));
#3030=CARTESIAN_POINT('',(-0.00614580823289529,0.0315,-0.0156495637148619));
#3031=CARTESIAN_POINT('',(-0.012,0.0315,-0.0156495637148619));
#3032=CARTESIAN_POINT('',(-0.00666515138992307,0.0315,-0.0156495637148619));
#3033=CARTESIAN_POINT('',(-0.00666515138992308,0.031500000000011,-0.0156495637148619));
#3034=CARTESIAN_POINT('',(-0.00620949869497378,0.0310604077968076,-0.0156495637148619));
#3035=CARTESIAN_POINT('',(-0.00575274402088484,0.0306219587260383,-0.0156495637148619));
#3036=CARTESIAN_POINT('',(-0.00529422863405995,0.0301853527718725,-0.0156495637148619));
#3037=CARTESIAN_POINT('',(-0.00529422863405995,0.0301853527718725,-0.0156495637148619));
#3038=CARTESIAN_POINT('',(-0.00529422863405995,0.034,-0.0156495637148619));
#3039=CARTESIAN_POINT('',(-0.00529422863405995,0.0348146472281275,-0.0156495637148619));
#3040=CARTESIAN_POINT('',(-0.00529422863405995,0.0348146472281276,-0.0156495637148619));
#3041=CARTESIAN_POINT('',(-0.00575274402088568,0.0343780412739609,-0.0156495637148619));
#3042=CARTESIAN_POINT('',(-0.00620949869497779,0.0339395922031885,-0.0156495637148619));
#3043=CARTESIAN_POINT('',(-0.00666515138992791,0.0334999999999844,-0.0156495637148619));
#3044=CARTESIAN_POINT('',(-0.00666515138992792,0.0335,-0.0156495637148619));
#3045=CARTESIAN_POINT('',(-0.00826917420765551,0.0335,-0.0156495637148619));
#3046=CARTESIAN_POINT('',(-0.012,0.0335,-0.0156495637148619));
#3047=CARTESIAN_POINT('',(-0.012,0.031,-0.0156495637148619));
#3048=CARTESIAN_POINT('',(-0.0082691742076555,0.031,-0.0206495637148619));
#3049=CARTESIAN_POINT('',(-0.00614580823289529,0.0335,-0.0206495637148619));
#3050=CARTESIAN_POINT('',(-0.012,0.0335,-0.0206495637148619));
#3051=CARTESIAN_POINT('',(-0.00666515138992307,0.0335,-0.0206495637148619));
#3052=CARTESIAN_POINT('',(-0.00666515138992308,0.033499999999989,-0.0206495637148619));
#3053=CARTESIAN_POINT('',(-0.00620949869497378,0.0339395922031924,-0.0206495637148619));
#3054=CARTESIAN_POINT('',(-0.00575274402088483,0.0343780412739617,-0.0206495637148619));
#3055=CARTESIAN_POINT('',(-0.00529422863405994,0.0348146472281275,-0.0206495637148619));
#3056=CARTESIAN_POINT('',(-0.00529422863405994,0.0348146472281275,-0.0206495637148619));
#3057=CARTESIAN_POINT('',(-0.00529422863405994,0.031,-0.0206495637148619));
#3058=CARTESIAN_POINT('',(-0.00529422863405994,0.0301853527718725,-0.0206495637148619));
#3059=CARTESIAN_POINT('',(-0.00529422863405994,0.0301853527718725,-0.0206495637148619));
#3060=CARTESIAN_POINT('',(-0.00575274402088567,0.0306219587260391,-0.0206495637148619));
#3061=CARTESIAN_POINT('',(-0.00620949869497779,0.0310604077968115,-0.0206495637148619));
#3062=CARTESIAN_POINT('',(-0.00666515138992791,0.0315000000000157,-0.0206495637148619));
#3063=CARTESIAN_POINT('',(-0.00666515138992791,0.0315,-0.0206495637148619));
#3064=CARTESIAN_POINT('',(-0.0082691742076555,0.0315,-0.0206495637148619));
#3065=CARTESIAN_POINT('',(-0.012,0.0315,-0.0206495637148619));
#3066=CARTESIAN_POINT('',(-0.012,0.031,-0.0206495637148619));
#3067=CARTESIAN_POINT('',(-0.00666170093578839,0.031,-0.0181495637148619));
#3068=CARTESIAN_POINT('',(0.0025,0.031,-0.0181495637148619));
#3069=CARTESIAN_POINT('',(-0.00627496438739212,0.031,-0.0201495637148618));
#3070=CARTESIAN_POINT('',(-0.00627496438739212,0.031,-0.0161495637148618));
#3071=CARTESIAN_POINT('',(-0.0125,0.031,-0.0161495637148618));
#3072=CARTESIAN_POINT('',(-0.012,0.031,-0.0161495637148618));
#3073=CARTESIAN_POINT('',(-0.012,0.031,-0.0181495637148619));
#3074=CARTESIAN_POINT('',(-0.012,0.031,-0.0201495637148618));
#3075=CARTESIAN_POINT('',(-0.00666170093578839,0.031,-0.0201495637148618));
#3076=CARTESIAN_POINT('',(-0.00666170093578839,0.034,-0.0181495637148619));
#3077=CARTESIAN_POINT('',(-0.012,0.034,-0.0156495637148619));
#3078=CARTESIAN_POINT('',(-0.012,0.034,-0.0201495637148618));
#3079=CARTESIAN_POINT('',(-0.012,0.034,-0.0161495637148618));
#3080=CARTESIAN_POINT('',(-0.00666170093578839,0.034,-0.0161495637148618));
#3081=CARTESIAN_POINT('',(-0.00627496438739212,0.034,-0.0161495637148618));
#3082=CARTESIAN_POINT('',(0.0025,0.034,-0.0181495637148619));
#3083=CARTESIAN_POINT('',(-0.00627496438739212,0.034,-0.0201495637148618));
#3084=CARTESIAN_POINT('',(-0.0125,0.034,-0.0201495637148618));
#3085=CARTESIAN_POINT('',(-0.00529422863405995,0.036,-0.0156495637148619));
#3086=CARTESIAN_POINT('',(-0.00356217782649107,0.029,-0.0146495637148619));
#3087=CARTESIAN_POINT('',(-0.004163990986079,0.0293474569896899,-0.0149970207045518));
#3088=CARTESIAN_POINT('',(-0.00473627406955319,0.029752446885357,-0.0153274284968483));
#3089=CARTESIAN_POINT('',(-0.00529422863405995,0.0301853527718725,-0.0156495637148619));
#3090=CARTESIAN_POINT('',(-0.00356217782649107,0.036,-0.0146495637148619));
#3091=CARTESIAN_POINT('',(-0.004163990986079,0.03565254301031,-0.0149970207045518));
#3092=CARTESIAN_POINT('',(-0.00473627406955319,0.035247553114643,-0.0153274284968483));
#3093=CARTESIAN_POINT('',(-0.00529422863405995,0.0348146472281275,-0.0156495637148619));
#3094=CARTESIAN_POINT('',(0.0025,0.029,-0.0181495637148619));
#3095=CARTESIAN_POINT('',(-0.00627496438739212,0.031,-0.0201495637148618));
#3096=CARTESIAN_POINT('',(-0.00624051240032615,0.031,-0.0203007211946512));
#3097=CARTESIAN_POINT('',(-0.00633351332468568,0.0311646463110245,-0.0205933884243314));
#3098=CARTESIAN_POINT('',(-0.00655442988901346,0.0313931811244376,-0.020649563714865));
#3099=CARTESIAN_POINT('',(-0.00666515138991961,0.031500000000008,-0.0206495637148632));
#3100=CARTESIAN_POINT('',(-0.00529422863405994,0.0301853527718725,-0.0206495637148619));
#3101=CARTESIAN_POINT('',(-0.00473627406955318,0.029752446885357,-0.0209716989328755));
#3102=CARTESIAN_POINT('',(-0.00416399098607899,0.0293474569896899,-0.0213021067251719));
#3103=CARTESIAN_POINT('',(-0.00356217782649106,0.029,-0.0216495637148619));
#3104=CARTESIAN_POINT('',(-0.00666515138992307,0.0315,-0.0156495637148619));
#3105=CARTESIAN_POINT('',(-0.00655443164396745,0.0313931828175225,-0.0156495637148619));
#3106=CARTESIAN_POINT('',(-0.00633357600876081,0.0311647145942526,-0.0157057141337327));
#3107=CARTESIAN_POINT('',(-0.00624049757860188,0.031,-0.0159983412050213));
#3108=CARTESIAN_POINT('',(-0.00627496438739212,0.031,-0.0161495637148619));
#3109=CARTESIAN_POINT('',(0.0025,0.034,-0.0181495637148619));
#3110=CARTESIAN_POINT('',(-0.00356217782649106,0.036,-0.0216495637148619));
#3111=CARTESIAN_POINT('',(-0.00416399098607899,0.0356525430103101,-0.021302106725172));
#3112=CARTESIAN_POINT('',(-0.00473627406955319,0.035247553114643,-0.0209716989328755));
#3113=CARTESIAN_POINT('',(-0.00529422863405995,0.0348146472281275,-0.0206495637148619));
#3114=CARTESIAN_POINT('',(-0.00666515138992307,0.0335,-0.0206495637148619));
#3115=CARTESIAN_POINT('',(-0.00655443164396744,0.0336068171824775,-0.0206495637148619));
#3116=CARTESIAN_POINT('',(-0.00633357600876081,0.0338352854057474,-0.0205934132959909));
#3117=CARTESIAN_POINT('',(-0.0062404975786019,0.034,-0.0203007862247025));
#3118=CARTESIAN_POINT('',(-0.00627496438739212,0.034,-0.0201495637148618));
#3119=CARTESIAN_POINT('',(-0.00627496438739212,0.034,-0.0161495637148618));
#3120=CARTESIAN_POINT('',(-0.00624051240032615,0.034,-0.0159984062350725));
#3121=CARTESIAN_POINT('',(-0.00633351332468569,0.0338353536889755,-0.0157057390053923));
#3122=CARTESIAN_POINT('',(-0.00655442988901348,0.0336068188755624,-0.0156495637148588));
#3123=CARTESIAN_POINT('',(-0.00666515138991962,0.033499999999992,-0.0156495637148605));
#3124=CARTESIAN_POINT('',(-0.00356217782649107,0.036,-0.0216495637148619));
#3125=CARTESIAN_POINT('',(-0.0082691742076555,0.0335,-0.0201495637148618));
#3126=CARTESIAN_POINT('',(-0.012,0.0335,-0.0201495637148618));
#3127=CARTESIAN_POINT('',(-0.012,0.0335,-0.0201495637148618));
#3128=CARTESIAN_POINT('',(-0.012,0.0335,-0.0201495637148618));
#3129=CARTESIAN_POINT('',(-0.012,0.0335,-0.0201495637148618));
#3130=CARTESIAN_POINT('',(-0.00666170093578839,0.0315,-0.0201495637148618));
#3131=CARTESIAN_POINT('',(-0.012,0.0315,-0.0201495637148618));
#3132=CARTESIAN_POINT('',(-0.012,0.031,-0.0201495637148618));
#3133=CARTESIAN_POINT('',(-0.012,0.0315,-0.0201495637148618));
#3134=CARTESIAN_POINT('',(-0.012,0.0335,-0.0181495637148619));
#3135=CARTESIAN_POINT('',(-0.012,0.0335,-0.0161495637148618));
#3136=CARTESIAN_POINT('',(-0.00666170093578839,0.0335,-0.0161495637148618));
#3137=CARTESIAN_POINT('',(-0.012,0.0335,-0.0161495637148618));
#3138=CARTESIAN_POINT('',(-0.012,0.0315,-0.0201495637148618));
#3139=CARTESIAN_POINT('',(-0.012,0.0315,-0.0201495637148618));
#3140=CARTESIAN_POINT('',(-0.012,0.0335,-0.0161495637148618));
#3141=CARTESIAN_POINT('',(-0.012,0.0335,-0.0161495637148618));
#3142=CARTESIAN_POINT('',(-0.012,0.0315,-0.0181495637148619));
#3143=CARTESIAN_POINT('',(-0.012,0.0315,-0.0161495637148618));
#3144=CARTESIAN_POINT('',(-0.012,0.031,-0.0161495637148618));
#3145=CARTESIAN_POINT('',(-0.012,0.0315,-0.0161495637148618));
#3146=CARTESIAN_POINT('',(-0.012,0.0315,-0.0161495637148618));
#3147=CARTESIAN_POINT('',(-0.012,0.0315,-0.0161495637148618));
#3148=CARTESIAN_POINT('',(-0.00826917420765551,0.0315,-0.0161495637148618));
#3149=CARTESIAN_POINT('',(-0.0125,0.015,-0.0181495637148619));
#3150=CARTESIAN_POINT('',(-0.0125,0.0145,-0.0206495637148619));
#3151=CARTESIAN_POINT('',(-0.0125,0.0145,-0.0161495637148618));
#3152=CARTESIAN_POINT('',(-0.0125,0.0145,-0.0201495637148618));
#3153=CARTESIAN_POINT('',(-0.0125,0.015,-0.0201495637148618));
#3154=CARTESIAN_POINT('',(-0.0125,0.0125,-0.0201495637148618));
#3155=CARTESIAN_POINT('',(-0.0125,0.0125,-0.0181495637148619));
#3156=CARTESIAN_POINT('',(-0.0125,0.0125,-0.0161495637148618));
#3157=CARTESIAN_POINT('',(-0.0125,0.015,-0.0161495637148618));
#3158=CARTESIAN_POINT('',(-0.0082691742076555,0.015,-0.0206495637148619));
#3159=CARTESIAN_POINT('',(-0.00614580823289523,0.0145,-0.0206495637148619));
#3160=CARTESIAN_POINT('',(-0.012,0.0145,-0.0206495637148619));
#3161=CARTESIAN_POINT('',(-0.00666515138992305,0.0145,-0.0206495637148619));
#3162=CARTESIAN_POINT('',(-0.00666515138992305,0.014499999999989,-0.0206495637148619));
#3163=CARTESIAN_POINT('',(-0.00620949869497376,0.0149395922031924,-0.0206495637148619));
#3164=CARTESIAN_POINT('',(-0.00575274402088483,0.0153780412739617,-0.0206495637148619));
#3165=CARTESIAN_POINT('',(-0.00529422863405994,0.0158146472281276,-0.0206495637148619));
#3166=CARTESIAN_POINT('',(-0.00529422863405994,0.0158146472281275,-0.0206495637148619));
#3167=CARTESIAN_POINT('',(-0.00529422863405994,0.012,-0.0206495637148619));
#3168=CARTESIAN_POINT('',(-0.00529422863405994,0.0111853527718724,-0.0206495637148619));
#3169=CARTESIAN_POINT('',(-0.00529422863405994,0.0111853527718724,-0.0206495637148619));
#3170=CARTESIAN_POINT('',(-0.00575274402088564,0.0116219587260391,-0.0206495637148619));
#3171=CARTESIAN_POINT('',(-0.0062094986949776,0.0120604077968113,-0.0206495637148619));
#3172=CARTESIAN_POINT('',(-0.00666515138992769,0.0125000000000155,-0.0206495637148619));
#3173=CARTESIAN_POINT('',(-0.00666515138992769,0.0125,-0.0206495637148619));
#3174=CARTESIAN_POINT('',(-0.0082691742076555,0.0125,-0.0206495637148619));
#3175=CARTESIAN_POINT('',(-0.012,0.0125,-0.0206495637148619));
#3176=CARTESIAN_POINT('',(-0.012,0.015,-0.0206495637148619));
#3177=CARTESIAN_POINT('',(-0.00826917420765551,0.015,-0.0156495637148619));
#3178=CARTESIAN_POINT('',(-0.00614580823289523,0.0125,-0.0156495637148619));
#3179=CARTESIAN_POINT('',(-0.012,0.0125,-0.0156495637148619));
#3180=CARTESIAN_POINT('',(-0.00666515138992304,0.0125,-0.0156495637148619));
#3181=CARTESIAN_POINT('',(-0.00666515138992304,0.012500000000011,-0.0156495637148619));
#3182=CARTESIAN_POINT('',(-0.00620949869497375,0.0120604077968076,-0.0156495637148619));
#3183=CARTESIAN_POINT('',(-0.00575274402088484,0.0116219587260383,-0.0156495637148619));
#3184=CARTESIAN_POINT('',(-0.00529422863405995,0.0111853527718724,-0.0156495637148619));
#3185=CARTESIAN_POINT('',(-0.00529422863405995,0.0111853527718724,-0.0156495637148619));
#3186=CARTESIAN_POINT('',(-0.00529422863405995,0.015,-0.0156495637148619));
#3187=CARTESIAN_POINT('',(-0.00529422863405995,0.0158146472281275,-0.0156495637148619));
#3188=CARTESIAN_POINT('',(-0.00529422863405995,0.0158146472281275,-0.0156495637148619));
#3189=CARTESIAN_POINT('',(-0.00575274402088562,0.0153780412739609,-0.0156495637148619));
#3190=CARTESIAN_POINT('',(-0.00620949869497751,0.0149395922031888,-0.0156495637148619));
#3191=CARTESIAN_POINT('',(-0.00666515138992758,0.0144999999999847,-0.0156495637148619));
#3192=CARTESIAN_POINT('',(-0.00666515138992758,0.0145,-0.0156495637148619));
#3193=CARTESIAN_POINT('',(-0.00826917420765551,0.0145,-0.0156495637148619));
#3194=CARTESIAN_POINT('',(-0.012,0.0145,-0.0156495637148619));
#3195=CARTESIAN_POINT('',(-0.012,0.012,-0.0156495637148619));
#3196=CARTESIAN_POINT('',(-0.00666170093578839,0.015,-0.0181495637148619));
#3197=CARTESIAN_POINT('',(-0.012,0.015,-0.0156495637148619));
#3198=CARTESIAN_POINT('',(-0.012,0.015,-0.0201495637148618));
#3199=CARTESIAN_POINT('',(-0.012,0.015,-0.0161495637148618));
#3200=CARTESIAN_POINT('',(-0.00666170093578839,0.015,-0.0161495637148618));
#3201=CARTESIAN_POINT('',(-0.00627496438739212,0.015,-0.0161495637148618));
#3202=CARTESIAN_POINT('',(0.0025,0.015,-0.0181495637148619));
#3203=CARTESIAN_POINT('',(-0.00627496438739212,0.015,-0.0201495637148618));
#3204=CARTESIAN_POINT('',(-0.0125,0.015,-0.0201495637148618));
#3205=CARTESIAN_POINT('',(-0.00666170093578839,0.012,-0.0181495637148619));
#3206=CARTESIAN_POINT('',(0.0025,0.012,-0.0181495637148619));
#3207=CARTESIAN_POINT('',(-0.00627496438739212,0.012,-0.0201495637148618));
#3208=CARTESIAN_POINT('',(-0.00627496438739212,0.012,-0.0161495637148618));
#3209=CARTESIAN_POINT('',(-0.0125,0.012,-0.0161495637148618));
#3210=CARTESIAN_POINT('',(-0.012,0.012,-0.0161495637148618));
#3211=CARTESIAN_POINT('',(-0.012,0.012,-0.0181495637148619));
#3212=CARTESIAN_POINT('',(-0.012,0.012,-0.0201495637148618));
#3213=CARTESIAN_POINT('',(-0.00666170093578839,0.012,-0.0201495637148618));
#3214=CARTESIAN_POINT('',(-0.00356217782649107,0.036,-0.0146495637148619));
#3215=CARTESIAN_POINT('',(-0.00529422863405995,0.0111853527718724,-0.0156495637148619));
#3216=CARTESIAN_POINT('',(-0.00473627406955319,0.010752446885357,-0.0153274284968483));
#3217=CARTESIAN_POINT('',(-0.00416399098607899,0.0103474569896899,-0.0149970207045518));
#3218=CARTESIAN_POINT('',(-0.00356217782649107,0.01,-0.0146495637148619));
#3219=CARTESIAN_POINT('',(-0.00529422863405995,0.0158146472281275,-0.0156495637148619));
#3220=CARTESIAN_POINT('',(-0.00473627406955319,0.016247553114643,-0.0153274284968483));
#3221=CARTESIAN_POINT('',(-0.004163990986079,0.0166525430103101,-0.0149970207045518));
#3222=CARTESIAN_POINT('',(-0.00356217782649107,0.017,-0.0146495637148619));
#3223=CARTESIAN_POINT('',(0.0025,0.015,-0.0181495637148619));
#3224=CARTESIAN_POINT('',(-0.00356217782649107,0.017,-0.0216495637148619));
#3225=CARTESIAN_POINT('',(-0.004163990986079,0.0166525430103101,-0.021302106725172));
#3226=CARTESIAN_POINT('',(-0.00473627406955318,0.016247553114643,-0.0209716989328755));
#3227=CARTESIAN_POINT('',(-0.00529422863405994,0.0158146472281275,-0.0206495637148619));
#3228=CARTESIAN_POINT('',(-0.00666515138992305,0.0145,-0.0206495637148619));
#3229=CARTESIAN_POINT('',(-0.00655443164396742,0.0146068171824775,-0.0206495637148619));
#3230=CARTESIAN_POINT('',(-0.00633357600876081,0.0148352854057474,-0.0205934132959909));
#3231=CARTESIAN_POINT('',(-0.0062404975786019,0.015,-0.0203007862247025));
#3232=CARTESIAN_POINT('',(-0.00627496438739212,0.015,-0.0201495637148619));
#3233=CARTESIAN_POINT('',(-0.00627496438739212,0.015,-0.0161495637148618));
#3234=CARTESIAN_POINT('',(-0.00624051240032616,0.015,-0.0159984062350725));
#3235=CARTESIAN_POINT('',(-0.00633351332468563,0.0148353536889756,-0.0157057390053924));
#3236=CARTESIAN_POINT('',(-0.00655442988901334,0.0146068188755625,-0.0156495637148588));
#3237=CARTESIAN_POINT('',(-0.00666515138991945,0.0144999999999921,-0.0156495637148605));
#3238=CARTESIAN_POINT('',(0.0025,0.01,-0.0181495637148619));
#3239=CARTESIAN_POINT('',(-0.00627496438739212,0.012,-0.0201495637148618));
#3240=CARTESIAN_POINT('',(-0.00624051240032616,0.012,-0.0203007211946512));
#3241=CARTESIAN_POINT('',(-0.00633351332468563,0.0121646463110244,-0.0205933884243313));
#3242=CARTESIAN_POINT('',(-0.00655442988901338,0.0123931811244375,-0.0206495637148649));
#3243=CARTESIAN_POINT('',(-0.00666515138991951,0.0125000000000079,-0.0206495637148632));
#3244=CARTESIAN_POINT('',(-0.00529422863405994,0.0111853527718724,-0.0206495637148619));
#3245=CARTESIAN_POINT('',(-0.00473627406955318,0.010752446885357,-0.0209716989328755));
#3246=CARTESIAN_POINT('',(-0.00416399098607899,0.0103474569896899,-0.0213021067251719));
#3247=CARTESIAN_POINT('',(-0.00356217782649106,0.01,-0.0216495637148619));
#3248=CARTESIAN_POINT('',(-0.00666515138992304,0.0125,-0.0156495637148619));
#3249=CARTESIAN_POINT('',(-0.00655443164396742,0.0123931828175225,-0.0156495637148619));
#3250=CARTESIAN_POINT('',(-0.00633357600876082,0.0121647145942526,-0.0157057141337328));
#3251=CARTESIAN_POINT('',(-0.0062404975786019,0.012,-0.0159983412050212));
#3252=CARTESIAN_POINT('',(-0.00627496438739212,0.012,-0.0161495637148618));
#3253=CARTESIAN_POINT('',(-0.00529422863405994,0.036,-0.0206495637148619));
#3254=CARTESIAN_POINT('',(-0.00666170093578839,0.0125,-0.0201495637148618));
#3255=CARTESIAN_POINT('',(-0.012,0.0125,-0.0201495637148618));
#3256=CARTESIAN_POINT('',(-0.012,0.0125,-0.0201495637148618));
#3257=CARTESIAN_POINT('',(-0.012,0.0125,-0.0201495637148618));
#3258=CARTESIAN_POINT('',(-0.012,0.0125,-0.0201495637148618));
#3259=CARTESIAN_POINT('',(-0.00826917420765551,0.0125,-0.0161495637148618));
#3260=CARTESIAN_POINT('',(-0.012,0.0125,-0.0161495637148618));
#3261=CARTESIAN_POINT('',(-0.012,0.0125,-0.0181495637148619));
#3262=CARTESIAN_POINT('',(-0.012,0.0125,-0.0161495637148618));
#3263=CARTESIAN_POINT('',(-0.012,0.015,-0.0201495637148618));
#3264=CARTESIAN_POINT('',(-0.012,0.0145,-0.0201495637148618));
#3265=CARTESIAN_POINT('',(-0.0082691742076555,0.0145,-0.0201495637148618));
#3266=CARTESIAN_POINT('',(-0.012,0.0145,-0.0201495637148618));
#3267=CARTESIAN_POINT('',(-0.012,0.0125,-0.0161495637148618));
#3268=CARTESIAN_POINT('',(-0.012,0.0125,-0.0161495637148618));
#3269=CARTESIAN_POINT('',(-0.012,0.0145,-0.0201495637148618));
#3270=CARTESIAN_POINT('',(-0.012,0.0145,-0.0201495637148618));
#3271=CARTESIAN_POINT('',(-0.012,0.015,-0.0161495637148618));
#3272=CARTESIAN_POINT('',(-0.012,0.0145,-0.0161495637148618));
#3273=CARTESIAN_POINT('',(-0.012,0.0145,-0.0181495637148619));
#3274=CARTESIAN_POINT('',(-0.012,0.0145,-0.0161495637148618));
#3275=CARTESIAN_POINT('',(-0.012,0.0145,-0.0161495637148618));
#3276=CARTESIAN_POINT('',(-0.012,0.0145,-0.0161495637148618));
#3277=CARTESIAN_POINT('',(-0.00666170093578839,0.0145,-0.0161495637148618));
#3278=CARTESIAN_POINT('',(0.,0.,0.));
#3279=CARTESIAN_POINT('',(0.0025,-2.000000000002E-6,-0.0181495637148619));
#3280=CARTESIAN_POINT('',(-0.00402770737829504,-2.000000000002E-6,-0.0144564571115599));
#3281=CARTESIAN_POINT('',(-0.00402770737829504,0.0170656854249492,-0.0144564571115599));
#3282=CARTESIAN_POINT('',(-0.00402770737829504,0.00993431457505076,-0.0144564571115599));
#3283=CARTESIAN_POINT('',(0.0025,0.0170656854249492,-0.0181495637148619));
#3284=CARTESIAN_POINT('',(-0.00402770737829504,0.0170656854249492,-0.0218426703181638));
#3285=CARTESIAN_POINT('',(-0.00402770737829504,-2.000000000002E-6,-0.0218426703181638));
#3286=CARTESIAN_POINT('',(-0.00402770737829504,0.00993431457505077,-0.0218426703181638));
#3287=CARTESIAN_POINT('',(0.0025,0.00993431457505076,-0.0181495637148619));
#3288=CARTESIAN_POINT('',(-0.00479182536440824,0.0250496754267406,-0.0201084974948948));
#3289=CARTESIAN_POINT('',(-0.00446067504499158,0.0230907545058595,-0.0209203453800199));
#3290=CARTESIAN_POINT('',(-0.00479188132681831,0.0211315425731315,-0.0201075032741967));
#3291=CARTESIAN_POINT('',(-0.00510413647640815,0.020319894739441,-0.0181528106998846));
#3292=CARTESIAN_POINT('',(-0.00479157166351045,0.0211331178045307,-0.0161886043384698));
#3293=CARTESIAN_POINT('',(-0.00446082265845008,0.0230889526252871,-0.0153798695195851));
#3294=CARTESIAN_POINT('',(-0.00479154502481665,0.0250491220027985,-0.0161893011477968));
#3295=CARTESIAN_POINT('',(-0.00510415740043622,0.02586135964167,-0.0181496705339413));
#3296=CARTESIAN_POINT('',(-0.00479182536440824,0.0250496754267406,-0.0201084974948948));
#3297=CARTESIAN_POINT('',(-0.00446067504499158,0.0230907545058595,-0.0209203453800199));
#3298=CARTESIAN_POINT('',(-0.00479188132681831,0.0211315425731315,-0.0201075032741967));
#3299=CARTESIAN_POINT('',(-0.00457106781186548,0.023090706003885,-0.0206495637148618));
#3300=CARTESIAN_POINT('',(0.0025,0.,-0.0181495637148619));
#3301=CARTESIAN_POINT('',(0.0025,0.,-0.0106495637148619));
#3302=CARTESIAN_POINT('',(0.0025,0.04618141200777,-0.0181495637148619));
#3303=CARTESIAN_POINT('',(-0.005,0.04618141200777,-0.0181495637148619));
#3304=CARTESIAN_POINT('',(-0.00402770737829504,-2.000000000002E-6,-0.0144564571115599));
#3305=CARTESIAN_POINT('',(-0.00402770737829504,0.0360656854249492,-0.0144564571115599));
#3306=CARTESIAN_POINT('',(-0.00402770737829504,0.0289343145750507,-0.0144564571115599));
#3307=CARTESIAN_POINT('',(0.0025,0.0360656854249492,-0.0181495637148619));
#3308=CARTESIAN_POINT('',(-0.00402770737829504,0.0360656854249492,-0.0218426703181638));
#3309=CARTESIAN_POINT('',(-0.00402770737829504,-2.000000000002E-6,-0.0218426703181638));
#3310=CARTESIAN_POINT('',(-0.00402770737829504,0.0289343145750507,-0.0218426703181638));
#3311=CARTESIAN_POINT('',(0.0025,0.0289343145750507,-0.0181495637148619));
#3312=CARTESIAN_POINT('',(0.005,0.0260424211510614,-0.00314956371486187));
#3313=CARTESIAN_POINT('',(0.,0.0260424211510614,-0.00314956371486187));
#3314=CARTESIAN_POINT('',(0.,0.0454874977295841,-0.00314956371486187));
#3315=CARTESIAN_POINT('',(0.,0.04618141200777,-0.00314956371486187));
#3316=CARTESIAN_POINT('',(0.005,0.0454874977295841,-0.00314956371486187));
#3317=CARTESIAN_POINT('',(0.005,0.0454874977295841,-0.00314956371486187));
#3318=CARTESIAN_POINT('',(0.005,0.0260424211510614,-0.00314956371486187));
#3319=CARTESIAN_POINT('',(0.005,0.04618141200777,-0.00314956371486187));
#3320=CARTESIAN_POINT('',(0.005,0.04618141200777,-0.00314956371486187));
#3321=CARTESIAN_POINT('',(0.005,0.0411378613918712,-0.00078706371486187));
#3322=CARTESIAN_POINT('',(0.,0.0411378613918712,-0.00078706371486187));
#3323=CARTESIAN_POINT('',(0.,0.0402779817134173,-0.00314956371486187));
#3324=CARTESIAN_POINT('',(0.,0.041997741070325,0.00157543628513813));
#3325=CARTESIAN_POINT('',(0.005,0.0402779817134173,-0.00314956371486187));
#3326=CARTESIAN_POINT('',(0.005,0.0402779817134173,-0.00314956371486187));
#3327=CARTESIAN_POINT('',(0.005,0.0411378613918712,-0.00078706371486187));
#3328=CARTESIAN_POINT('',(0.005,0.041997741070325,0.00157543628513813));
#3329=CARTESIAN_POINT('',(0.005,0.041997741070325,0.00157543628513813));
#3330=CARTESIAN_POINT('',(0.005,0.0446276180511302,-0.00078706371486187));
#3331=CARTESIAN_POINT('',(0.,0.0446276180511302,-0.00078706371486187));
#3332=CARTESIAN_POINT('',(0.,0.0437677383726763,0.00157543628513813));
#3333=CARTESIAN_POINT('',(0.005,0.0437677383726763,0.00157543628513813));
#3334=CARTESIAN_POINT('',(0.005,0.0437677383726763,0.00157543628513813));
#3335=CARTESIAN_POINT('',(0.005,0.0446276180511302,-0.00078706371486187));
#3336=CARTESIAN_POINT('',(0.005,0.0428827397215007,0.00157543628513813));
#3337=CARTESIAN_POINT('',(0.,0.0428827397215007,0.00157543628513813));
#3338=CARTESIAN_POINT('',(0.005,0.0428827397215007,0.00157543628513813));
#3339=CARTESIAN_POINT('',(0.005,0.0260424211510614,-0.00314956371486187));
#3340=CARTESIAN_POINT('',(0.,0.0260424211510614,-0.00314956371486187));
#3341=CARTESIAN_POINT('',(0.,0.0388901531570455,-0.00314956371486187));
#3342=CARTESIAN_POINT('',(0.005,0.0388901531570455,-0.00314956371486187));
#3343=CARTESIAN_POINT('',(0.005,0.0388901531570455,-0.00314956371486187));
#3344=CARTESIAN_POINT('',(0.005,0.0260424211510614,-0.00314956371486187));
#3345=CARTESIAN_POINT('',(0.005,0.0345405168193326,-0.00078706371486187));
#3346=CARTESIAN_POINT('',(0.,0.0345405168193326,-0.00078706371486187));
#3347=CARTESIAN_POINT('',(0.,0.0336806371408787,-0.00314956371486187));
#3348=CARTESIAN_POINT('',(0.,0.0354003964977865,0.00157543628513813));
#3349=CARTESIAN_POINT('',(0.005,0.0336806371408787,-0.00314956371486187));
#3350=CARTESIAN_POINT('',(0.005,0.0336806371408787,-0.00314956371486187));
#3351=CARTESIAN_POINT('',(0.005,0.0345405168193326,-0.00078706371486187));
#3352=CARTESIAN_POINT('',(0.005,0.0354003964977865,0.00157543628513813));
#3353=CARTESIAN_POINT('',(0.005,0.0354003964977865,0.00157543628513813));
#3354=CARTESIAN_POINT('',(0.005,0.0380302734785916,-0.00078706371486187));
#3355=CARTESIAN_POINT('',(0.,0.0380302734785916,-0.00078706371486187));
#3356=CARTESIAN_POINT('',(0.,0.0371703938001378,0.00157543628513813));
#3357=CARTESIAN_POINT('',(0.005,0.0371703938001378,0.00157543628513813));
#3358=CARTESIAN_POINT('',(0.005,0.0371703938001378,0.00157543628513813));
#3359=CARTESIAN_POINT('',(0.005,0.0380302734785916,-0.00078706371486187));
#3360=CARTESIAN_POINT('',(0.005,0.0362853951489621,0.00157543628513813));
#3361=CARTESIAN_POINT('',(0.,0.0362853951489621,0.00157543628513813));
#3362=CARTESIAN_POINT('',(0.005,0.0362853951489621,0.00157543628513813));
#3363=CARTESIAN_POINT('',(0.005,0.0260424211510614,-0.00314956371486187));
#3364=CARTESIAN_POINT('',(0.,0.0260424211510614,-0.00314956371486187));
#3365=CARTESIAN_POINT('',(0.,0.032292808584507,-0.00314956371486187));
#3366=CARTESIAN_POINT('',(0.005,0.032292808584507,-0.00314956371486187));
#3367=CARTESIAN_POINT('',(0.005,0.032292808584507,-0.00314956371486187));
#3368=CARTESIAN_POINT('',(0.005,0.0260424211510614,-0.00314956371486187));
#3369=CARTESIAN_POINT('',(0.005,0.0279431722467941,-0.00078706371486187));
#3370=CARTESIAN_POINT('',(0.,0.0279431722467941,-0.00078706371486187));
#3371=CARTESIAN_POINT('',(0.,0.0270832925683402,-0.00314956371486187));
#3372=CARTESIAN_POINT('',(0.,0.028803051925248,0.00157543628513813));
#3373=CARTESIAN_POINT('',(0.005,0.0270832925683402,-0.00314956371486187));
#3374=CARTESIAN_POINT('',(0.005,0.0270832925683402,-0.00314956371486187));
#3375=CARTESIAN_POINT('',(0.005,0.0279431722467941,-0.00078706371486187));
#3376=CARTESIAN_POINT('',(0.005,0.028803051925248,0.00157543628513813));
#3377=CARTESIAN_POINT('',(0.005,0.028803051925248,0.00157543628513813));
#3378=CARTESIAN_POINT('',(0.005,0.031432928906053,-0.00078706371486187));
#3379=CARTESIAN_POINT('',(0.,0.031432928906053,-0.00078706371486187));
#3380=CARTESIAN_POINT('',(0.,0.0305730492275991,0.00157543628513813));
#3381=CARTESIAN_POINT('',(0.005,0.0305730492275991,0.00157543628513813));
#3382=CARTESIAN_POINT('',(0.005,0.0305730492275991,0.00157543628513813));
#3383=CARTESIAN_POINT('',(0.005,0.031432928906053,-0.00078706371486187));
#3384=CARTESIAN_POINT('',(0.005,0.0296880505764236,0.00157543628513813));
#3385=CARTESIAN_POINT('',(0.,0.0296880505764236,0.00157543628513813));
#3386=CARTESIAN_POINT('',(0.005,0.0296880505764236,0.00157543628513813));
#3387=CARTESIAN_POINT('',(0.005,0.0260424211510614,-0.00314956371486187));
#3388=CARTESIAN_POINT('',(0.,0.0260424211510614,-0.00314956371486187));
#3389=CARTESIAN_POINT('',(0.,0.0256954640119684,-0.00314956371486187));
#3390=CARTESIAN_POINT('',(0.005,0.0256954640119684,-0.00314956371486187));
#3391=CARTESIAN_POINT('',(0.005,0.0256954640119684,-0.00314956371486187));
#3392=CARTESIAN_POINT('',(0.005,0.0260424211510614,-0.00314956371486187));
#3393=CARTESIAN_POINT('',(0.005,0.0213458276742555,-0.00078706371486187));
#3394=CARTESIAN_POINT('',(0.,0.0213458276742555,-0.00078706371486187));
#3395=CARTESIAN_POINT('',(0.,0.0204859479958015,-0.00314956371486187));
#3396=CARTESIAN_POINT('',(0.,0.0222057073527093,0.00157543628513813));
#3397=CARTESIAN_POINT('',(0.005,0.0204859479958015,-0.00314956371486187));
#3398=CARTESIAN_POINT('',(0.005,0.0204859479958015,-0.00314956371486187));
#3399=CARTESIAN_POINT('',(0.005,0.0213458276742555,-0.00078706371486187));
#3400=CARTESIAN_POINT('',(0.005,0.0222057073527093,0.00157543628513813));
#3401=CARTESIAN_POINT('',(0.005,0.0222057073527093,0.00157543628513813));
#3402=CARTESIAN_POINT('',(0.005,0.0248355843335145,-0.00078706371486187));
#3403=CARTESIAN_POINT('',(0.,0.0248355843335145,-0.00078706371486187));
#3404=CARTESIAN_POINT('',(0.,0.0239757046550606,0.00157543628513813));
#3405=CARTESIAN_POINT('',(0.005,0.0239757046550606,0.00157543628513813));
#3406=CARTESIAN_POINT('',(0.005,0.0239757046550606,0.00157543628513813));
#3407=CARTESIAN_POINT('',(0.005,0.0248355843335145,-0.00078706371486187));
#3408=CARTESIAN_POINT('',(0.005,0.023090706003885,0.00157543628513813));
#3409=CARTESIAN_POINT('',(0.,0.023090706003885,0.00157543628513813));
#3410=CARTESIAN_POINT('',(0.005,0.023090706003885,0.00157543628513813));
#3411=CARTESIAN_POINT('',(0.005,0.0260424211510614,-0.00314956371486187));
#3412=CARTESIAN_POINT('',(0.,0.0260424211510614,-0.00314956371486187));
#3413=CARTESIAN_POINT('',(0.,0.0190981194394299,-0.00314956371486187));
#3414=CARTESIAN_POINT('',(0.005,0.0190981194394299,-0.00314956371486187));
#3415=CARTESIAN_POINT('',(0.005,0.0190981194394299,-0.00314956371486187));
#3416=CARTESIAN_POINT('',(0.005,0.0260424211510614,-0.00314956371486187));
#3417=CARTESIAN_POINT('',(0.005,0.0147484831017169,-0.00078706371486187));
#3418=CARTESIAN_POINT('',(0.,0.0147484831017169,-0.00078706371486187));
#3419=CARTESIAN_POINT('',(0.,0.013888603423263,-0.00314956371486187));
#3420=CARTESIAN_POINT('',(0.,0.0156083627801708,0.00157543628513813));
#3421=CARTESIAN_POINT('',(0.005,0.013888603423263,-0.00314956371486187));
#3422=CARTESIAN_POINT('',(0.005,0.013888603423263,-0.00314956371486187));
#3423=CARTESIAN_POINT('',(0.005,0.0147484831017169,-0.00078706371486187));
#3424=CARTESIAN_POINT('',(0.005,0.0156083627801708,0.00157543628513813));
#3425=CARTESIAN_POINT('',(0.005,0.0156083627801708,0.00157543628513813));
#3426=CARTESIAN_POINT('',(0.005,0.0182382397609759,-0.00078706371486187));
#3427=CARTESIAN_POINT('',(0.,0.0182382397609759,-0.00078706371486187));
#3428=CARTESIAN_POINT('',(0.,0.017378360082522,0.00157543628513813));
#3429=CARTESIAN_POINT('',(0.005,0.017378360082522,0.00157543628513813));
#3430=CARTESIAN_POINT('',(0.005,0.017378360082522,0.00157543628513813));
#3431=CARTESIAN_POINT('',(0.005,0.0182382397609759,-0.00078706371486187));
#3432=CARTESIAN_POINT('',(0.005,0.0164933614313464,0.00157543628513813));
#3433=CARTESIAN_POINT('',(0.,0.0164933614313464,0.00157543628513813));
#3434=CARTESIAN_POINT('',(0.005,0.0164933614313464,0.00157543628513813));
#3435=CARTESIAN_POINT('',(0.005,0.0260424211510614,-0.00314956371486187));
#3436=CARTESIAN_POINT('',(0.,0.0260424211510614,-0.00314956371486187));
#3437=CARTESIAN_POINT('',(0.,0.0125007748668913,-0.00314956371486187));
#3438=CARTESIAN_POINT('',(0.005,0.0125007748668913,-0.00314956371486187));
#3439=CARTESIAN_POINT('',(0.005,0.0125007748668913,-0.00314956371486187));
#3440=CARTESIAN_POINT('',(0.005,0.0260424211510614,-0.00314956371486187));
#3441=CARTESIAN_POINT('',(0.005,0.00815113852917833,-0.00078706371486187));
#3442=CARTESIAN_POINT('',(0.,0.00815113852917833,-0.00078706371486187));
#3443=CARTESIAN_POINT('',(0.,0.00729125885072443,-0.00314956371486187));
#3444=CARTESIAN_POINT('',(0.,0.00901101820763223,0.00157543628513813));
#3445=CARTESIAN_POINT('',(0.005,0.00729125885072443,-0.00314956371486187));
#3446=CARTESIAN_POINT('',(0.005,0.00729125885072443,-0.00314956371486187));
#3447=CARTESIAN_POINT('',(0.005,0.00815113852917833,-0.00078706371486187));
#3448=CARTESIAN_POINT('',(0.005,0.00901101820763223,0.00157543628513813));
#3449=CARTESIAN_POINT('',(0.005,0.00901101820763223,0.00157543628513813));
#3450=CARTESIAN_POINT('',(0.005,0.0116408951884374,-0.00078706371486187));
#3451=CARTESIAN_POINT('',(0.,0.0116408951884374,-0.00078706371486187));
#3452=CARTESIAN_POINT('',(0.,0.0107810155099835,0.00157543628513813));
#3453=CARTESIAN_POINT('',(0.005,0.0107810155099835,0.00157543628513813));
#3454=CARTESIAN_POINT('',(0.005,0.0107810155099835,0.00157543628513813));
#3455=CARTESIAN_POINT('',(0.005,0.0116408951884374,-0.00078706371486187));
#3456=CARTESIAN_POINT('',(0.005,0.00989601685880785,0.00157543628513813));
#3457=CARTESIAN_POINT('',(0.,0.00989601685880785,0.00157543628513813));
#3458=CARTESIAN_POINT('',(0.005,0.00989601685880785,0.00157543628513813));
#3459=CARTESIAN_POINT('',(0.005,0.00155379395663976,-0.00078706371486187));
#3460=CARTESIAN_POINT('',(0.,0.00155379395663976,-0.00078706371486187));
#3461=CARTESIAN_POINT('',(0.,0.00069391427818586,-0.00314956371486187));
#3462=CARTESIAN_POINT('',(0.,0.00241367363509367,0.00157543628513813));
#3463=CARTESIAN_POINT('',(0.005,0.00069391427818586,-0.00314956371486187));
#3464=CARTESIAN_POINT('',(0.005,0.00069391427818586,-0.00314956371486187));
#3465=CARTESIAN_POINT('',(0.005,0.00155379395663976,-0.00078706371486187));
#3466=CARTESIAN_POINT('',(0.005,0.00241367363509367,0.00157543628513813));
#3467=CARTESIAN_POINT('',(0.005,0.00241367363509367,0.00157543628513813));
#3468=CARTESIAN_POINT('',(0.005,0.00034695713909293,-0.00314956371486187));
#3469=CARTESIAN_POINT('',(0.,0.00034695713909293,-0.00314956371486187));
#3470=CARTESIAN_POINT('',(0.,0.,-0.00314956371486187));
#3471=CARTESIAN_POINT('',(0.005,0.,-0.00314956371486187));
#3472=CARTESIAN_POINT('',(0.005,0.,-0.00314956371486187));
#3473=CARTESIAN_POINT('',(0.005,0.00034695713909293,-0.00314956371486187));
#3474=CARTESIAN_POINT('',(0.005,0.,-0.00564956371486187));
#3475=CARTESIAN_POINT('',(0.0025,0.,-0.0181495637148619));
#3476=CARTESIAN_POINT('',(0.,0.,-0.00335936425711283));
#3477=CARTESIAN_POINT('',(0.005,0.,-0.00335936425711283));
#3478=CARTESIAN_POINT('',(0.005,0.,-0.00564956371486187));
#3479=CARTESIAN_POINT('',(0.,0.,-0.00564956371486187));
#3480=CARTESIAN_POINT('',(0.005,0.04618141200777,-0.00564956371486187));
#3481=CARTESIAN_POINT('',(0.,0.04618141200777,-0.00564956371486187));
#3482=CARTESIAN_POINT('',(0.,0.04618141200777,-0.00335936425711283));
#3483=CARTESIAN_POINT('',(0.005,0.04618141200777,-0.00564956371486187));
#3484=CARTESIAN_POINT('',(0.005,0.04618141200777,-0.00335936425711283));
#3485=CARTESIAN_POINT('',(0.0025,0.04618141200777,-0.0181495637148619));
#3486=CARTESIAN_POINT('',(0.005,0.0260424211510614,-0.00314956371486187));
#3487=CARTESIAN_POINT('',(0.,0.0260424211510614,-0.00314956371486187));
#3488=CARTESIAN_POINT('',(0.,0.00590343029435271,-0.00314956371486187));
#3489=CARTESIAN_POINT('',(0.005,0.00590343029435271,-0.00314956371486187));
#3490=CARTESIAN_POINT('',(0.005,0.00590343029435271,-0.00314956371486187));
#3491=CARTESIAN_POINT('',(0.005,0.0260424211510614,-0.00314956371486187));
#3492=CARTESIAN_POINT('',(0.005,0.0050435506158988,-0.00078706371486187));
#3493=CARTESIAN_POINT('',(0.,0.0050435506158988,-0.00078706371486187));
#3494=CARTESIAN_POINT('',(0.,0.0041836709374449,0.00157543628513813));
#3495=CARTESIAN_POINT('',(0.005,0.0041836709374449,0.00157543628513813));
#3496=CARTESIAN_POINT('',(0.005,0.0041836709374449,0.00157543628513813));
#3497=CARTESIAN_POINT('',(0.005,0.0050435506158988,-0.00078706371486187));
#3498=CARTESIAN_POINT('',(0.005,0.00329867228626929,0.00157543628513813));
#3499=CARTESIAN_POINT('',(0.,0.00329867228626929,0.00157543628513813));
#3500=CARTESIAN_POINT('',(0.005,0.00329867228626929,0.00157543628513813));
#3501=CARTESIAN_POINT('',(0.005,0.023090706003885,-0.00328706371486187));
#3502=CARTESIAN_POINT('',(0.005,0.023090706003885,-0.00335936425711283));
#3503=CARTESIAN_POINT('',(0.,0.023090706003885,-0.00328706371486187));
#3504=CARTESIAN_POINT('',(0.,0.023090706003885,-0.00335936425711283));
#3505=CARTESIAN_POINT('',(0.0025,0.023090706003885,-0.0181495637148619));
#3506=CARTESIAN_POINT('',(-0.0123660687473185,0.03432218834353,-0.0201495637148618));
#3507=CARTESIAN_POINT('',(-0.0123358106364019,0.0343356603768502,-0.0203744732933872));
#3508=CARTESIAN_POINT('',(-0.0122624753271729,0.0341717282697156,-0.0208253302009553));
#3509=CARTESIAN_POINT('',(-0.012222473133502,0.0337274138934396,-0.0210216334969721));
#3510=CARTESIAN_POINT('',(-0.012222473133502,0.0335,-0.0210216334969721));
#3511=CARTESIAN_POINT('',(-0.0123660687473185,0.03432218834353,-0.0201495637148618));
#3512=CARTESIAN_POINT('',(-0.012222473133502,0.0335,-0.0210216334969721));
#3513=CARTESIAN_POINT('',(-0.0123660687473185,0.03432218834353,-0.0161495637148618));
#3514=CARTESIAN_POINT('',(-0.0124552976543191,0.0342824603244364,-0.0168128052477212));
#3515=CARTESIAN_POINT('',(-0.012544712259873,0.03421419823666,-0.0181518413603864));
#3516=CARTESIAN_POINT('',(-0.0124552776415345,0.0342824692348705,-0.0194864709377183));
#3517=CARTESIAN_POINT('',(-0.0123660687473185,0.03432218834353,-0.0201495637148619));
#3518=CARTESIAN_POINT('',(-0.0123660687473185,0.03432218834353,-0.0161495637148618));
#3519=CARTESIAN_POINT('',(-0.012222473133502,0.0335,-0.0152774939327516));
#3520=CARTESIAN_POINT('',(-0.012222473133502,0.0337273880542325,-0.0152774939327516));
#3521=CARTESIAN_POINT('',(-0.0122623587438233,0.0341711308514775,-0.0154731354821793));
#3522=CARTESIAN_POINT('',(-0.0123358134977494,0.0343356591028721,-0.0159246754048311));
#3523=CARTESIAN_POINT('',(-0.0123660687473185,0.03432218834353,-0.0161495637148619));
#3524=CARTESIAN_POINT('',(-0.012222473133502,0.0335,-0.0152774939327516));
#3525=CARTESIAN_POINT('',(-0.012222473133502,0.0325,-0.0152774939327516));
#3526=CARTESIAN_POINT('',(-0.012222473133502,0.0315,-0.0152774939327516));
#3527=CARTESIAN_POINT('',(-0.0123660687473185,0.03067781165647,-0.0161495637148618));
#3528=CARTESIAN_POINT('',(-0.0123358106364019,0.0306643396231498,-0.0159246541363365));
#3529=CARTESIAN_POINT('',(-0.0122624753271729,0.0308282717302845,-0.0154737972287683));
#3530=CARTESIAN_POINT('',(-0.012222473133502,0.0312725861065604,-0.0152774939327516));
#3531=CARTESIAN_POINT('',(-0.012222473133502,0.0315,-0.0152774939327516));
#3532=CARTESIAN_POINT('',(-0.0123660687473185,0.03067781165647,-0.0161495637148618));
#3533=CARTESIAN_POINT('',(-0.0123660687473185,0.03067781165647,-0.0201495637148618));
#3534=CARTESIAN_POINT('',(-0.0124552976543191,0.0307175396755636,-0.0194863221820025));
#3535=CARTESIAN_POINT('',(-0.012544712259873,0.03078580176334,-0.0181472860693373));
#3536=CARTESIAN_POINT('',(-0.0124552776415345,0.0307175307651295,-0.0168126564920055));
#3537=CARTESIAN_POINT('',(-0.0123660687473185,0.03067781165647,-0.0161495637148618));
#3538=CARTESIAN_POINT('',(-0.0123660687473185,0.03067781165647,-0.0201495637148618));
#3539=CARTESIAN_POINT('',(-0.012222473133502,0.0315,-0.0210216334969721));
#3540=CARTESIAN_POINT('',(-0.012222473133502,0.0312726119457675,-0.0210216334969721));
#3541=CARTESIAN_POINT('',(-0.0122623587438233,0.0308288691485225,-0.0208259919475444));
#3542=CARTESIAN_POINT('',(-0.0123358134977494,0.0306643408971279,-0.0203744520248926));
#3543=CARTESIAN_POINT('',(-0.0123660687473185,0.03067781165647,-0.0201495637148618));
#3544=CARTESIAN_POINT('',(-0.012222473133502,0.0315,-0.0210216334969721));
#3545=CARTESIAN_POINT('',(-0.012222473133502,0.0325,-0.0210216334969721));
#3546=CARTESIAN_POINT('',(-0.012222473133502,0.0125,-0.0210216334969721));
#3547=CARTESIAN_POINT('',(-0.012222473133502,0.0122726119457675,-0.0210216334969721));
#3548=CARTESIAN_POINT('',(-0.0122623587438233,0.0118288691485225,-0.0208259919475444));
#3549=CARTESIAN_POINT('',(-0.0123358134977494,0.0116643408971279,-0.0203744520248926));
#3550=CARTESIAN_POINT('',(-0.0123660687473185,0.01167781165647,-0.0201495637148618));
#3551=CARTESIAN_POINT('',(-0.012222473133502,0.0125,-0.0210216334969721));
#3552=CARTESIAN_POINT('',(-0.0123660687473185,0.01167781165647,-0.0201495637148618));
#3553=CARTESIAN_POINT('',(-0.012222473133502,0.0135,-0.0210216334969721));
#3554=CARTESIAN_POINT('',(-0.012222473133502,0.0145,-0.0210216334969721));
#3555=CARTESIAN_POINT('',(-0.0123660687473185,0.01532218834353,-0.0201495637148618));
#3556=CARTESIAN_POINT('',(-0.0123358106364019,0.0153356603768502,-0.0203744732933872));
#3557=CARTESIAN_POINT('',(-0.0122624753271729,0.0151717282697155,-0.0208253302009554));
#3558=CARTESIAN_POINT('',(-0.012222473133502,0.0147274138934396,-0.0210216334969721));
#3559=CARTESIAN_POINT('',(-0.012222473133502,0.0145,-0.0210216334969721));
#3560=CARTESIAN_POINT('',(-0.0123660687473185,0.0153221883435301,-0.0201495637148618));
#3561=CARTESIAN_POINT('',(-0.0123660687473185,0.0153221883435301,-0.0161495637148618));
#3562=CARTESIAN_POINT('',(-0.0124552976543191,0.0152824603244364,-0.0168128052477212));
#3563=CARTESIAN_POINT('',(-0.012544712259873,0.01521419823666,-0.0181518413603864));
#3564=CARTESIAN_POINT('',(-0.0124552776415345,0.0152824692348705,-0.0194864709377183));
#3565=CARTESIAN_POINT('',(-0.0123660687473185,0.0153221883435301,-0.0201495637148619));
#3566=CARTESIAN_POINT('',(-0.0123660687473185,0.0153221883435301,-0.0161495637148618));
#3567=CARTESIAN_POINT('',(-0.012222473133502,0.0145,-0.0152774939327516));
#3568=CARTESIAN_POINT('',(-0.012222473133502,0.0147273880542325,-0.0152774939327516));
#3569=CARTESIAN_POINT('',(-0.0122623587438233,0.0151711308514775,-0.0154731354821793));
#3570=CARTESIAN_POINT('',(-0.0123358134977494,0.0153356591028721,-0.0159246754048311));
#3571=CARTESIAN_POINT('',(-0.0123660687473185,0.01532218834353,-0.0161495637148619));
#3572=CARTESIAN_POINT('',(-0.012222473133502,0.0145,-0.0152774939327516));
#3573=CARTESIAN_POINT('',(-0.012222473133502,0.0135,-0.0152774939327516));
#3574=CARTESIAN_POINT('',(-0.012222473133502,0.0125,-0.0152774939327516));
#3575=CARTESIAN_POINT('',(-0.0123660687473185,0.01167781165647,-0.0161495637148618));
#3576=CARTESIAN_POINT('',(-0.0123358106364019,0.0116643396231498,-0.0159246541363365));
#3577=CARTESIAN_POINT('',(-0.0122624753271729,0.0118282717302845,-0.0154737972287683));
#3578=CARTESIAN_POINT('',(-0.012222473133502,0.0122725861065604,-0.0152774939327516));
#3579=CARTESIAN_POINT('',(-0.012222473133502,0.0125,-0.0152774939327516));
#3580=CARTESIAN_POINT('',(-0.0123660687473185,0.01167781165647,-0.0161495637148618));
#3581=CARTESIAN_POINT('',(-0.0123660687473185,0.01167781165647,-0.0201495637148618));
#3582=CARTESIAN_POINT('',(-0.0124552976543191,0.0117175396755636,-0.0194863221820025));
#3583=CARTESIAN_POINT('',(-0.012544712259873,0.01178580176334,-0.0181472860693373));
#3584=CARTESIAN_POINT('',(-0.0124552776415345,0.0117175307651296,-0.0168126564920055));
#3585=CARTESIAN_POINT('',(-0.0123660687473185,0.01167781165647,-0.0161495637148618));
#3586=CARTESIAN_POINT('',(-0.0123960911673926,0.0250518298698228,-0.0201069486650516));
#3587=CARTESIAN_POINT('',(-0.0122373005394329,0.0230902420303596,-0.0209207286648439));
#3588=CARTESIAN_POINT('',(-0.0123959034213699,0.0211314380320487,-0.0201075189647439));
#3589=CARTESIAN_POINT('',(-0.0125520430711567,0.0203204383293841,-0.018151977529385));
#3590=CARTESIAN_POINT('',(-0.0123959238822681,0.0211310471441357,-0.0161905620579477));
#3591=CARTESIAN_POINT('',(-0.0122374365453468,0.0230899703110071,-0.0153795927686624));
#3592=CARTESIAN_POINT('',(-0.0123955268775463,0.0250474291072773,-0.0161884503084767));
#3593=CARTESIAN_POINT('',(-0.0125520952877026,0.0258612430551764,-0.0181474878696648));
#3594=CARTESIAN_POINT('',(-0.0123960911673926,0.0250518298698228,-0.0201069486650516));
#3595=CARTESIAN_POINT('',(-0.0122373005394329,0.0230902420303596,-0.0209207286648439));
#3596=CARTESIAN_POINT('',(-0.0123959034213699,0.0211314380320487,-0.0201075189647439));
#3597=CARTESIAN_POINT('',(-0.012290199457749,0.023090706003885,-0.0206495637148618));
#3598=CARTESIAN_POINT('',(-0.0132,0.023090706003885,-0.0181495637148619));
#3599=CARTESIAN_POINT('',(-0.00666170093578839,0.0145,-0.0161495637148618));
#3600=CARTESIAN_POINT('',(-0.012,0.0145,-0.0161495637148618));
#3601=CARTESIAN_POINT('',(-0.012,0.0154,-0.0161495637148618));
#3602=CARTESIAN_POINT('',(-0.012,0.0145,-0.0152495637148619));
#3603=CARTESIAN_POINT('',(-0.00666170093578839,0.0154,-0.0161495637148618));
#3604=CARTESIAN_POINT('',(-0.00644481913227579,0.0154,-0.0161495637148618));
#3605=CARTESIAN_POINT('',(-0.00644481913227579,0.0154,-0.0161495637148618));
#3606=CARTESIAN_POINT('',(-0.00641442916572645,0.0154,-0.016013647337752));
#3607=CARTESIAN_POINT('',(-0.00641225931787655,0.0153336863434076,-0.0157331041413548));
#3608=CARTESIAN_POINT('',(-0.00664705998564259,0.0149954842643671,-0.0153322924091823));
#3609=CARTESIAN_POINT('',(-0.00693921345612521,0.0146912010603035,-0.0152495637148563));
#3610=CARTESIAN_POINT('',(-0.00713888079986528,0.0144999999999996,-0.0152495637148564));
#3611=CARTESIAN_POINT('',(-0.00713888079986653,0.0145,-0.0152495637148619));
#3612=CARTESIAN_POINT('',(-0.00826917420765551,0.0145,-0.0152495637148619));
#3613=CARTESIAN_POINT('',(-0.00666170093578839,0.0154,-0.0181495637148619));
#3614=CARTESIAN_POINT('',(-0.012,0.0154,-0.0181495637148619));
#3615=CARTESIAN_POINT('',(-0.012,0.0154,-0.0201495637148618));
#3616=CARTESIAN_POINT('',(-0.00666170093578839,0.0154,-0.0201495637148618));
#3617=CARTESIAN_POINT('',(-0.00644481913227578,0.0154,-0.0201495637148618));
#3618=CARTESIAN_POINT('',(0.0025,0.0154,-0.0181495637148619));
#3619=CARTESIAN_POINT('',(-0.0082691742076555,0.0145,-0.0201495637148618));
#3620=CARTESIAN_POINT('',(-0.00713888079986652,0.0145,-0.0210495637148619));
#3621=CARTESIAN_POINT('',(-0.00693922493247094,0.0146911900705788,-0.0210495637148619));
#3622=CARTESIAN_POINT('',(-0.00664689290962355,0.0149958402647544,-0.0209660831184611));
#3623=CARTESIAN_POINT('',(-0.00641257730134975,0.01533304232112,-0.02056732151698));
#3624=CARTESIAN_POINT('',(-0.00641441891348082,0.0154,-0.0202855259442131));
#3625=CARTESIAN_POINT('',(-0.00644481913227578,0.0154,-0.0201495637148618));
#3626=CARTESIAN_POINT('',(-0.00713888079986652,0.0145,-0.0210495637148619));
#3627=CARTESIAN_POINT('',(-0.012,0.0145,-0.0201495637148618));
#3628=CARTESIAN_POINT('',(-0.012,0.0145,-0.0210495637148619));
#3629=CARTESIAN_POINT('',(-0.0082691742076555,0.0145,-0.0210495637148619));
#3630=CARTESIAN_POINT('',(-0.00666170093578839,0.0125,-0.0201495637148618));
#3631=CARTESIAN_POINT('',(-0.012,0.0125,-0.0201495637148618));
#3632=CARTESIAN_POINT('',(-0.012,0.0125,-0.0210495637148619));
#3633=CARTESIAN_POINT('',(-0.012,0.0116,-0.0201495637148618));
#3634=CARTESIAN_POINT('',(-0.00666170093578839,0.0116,-0.0201495637148618));
#3635=CARTESIAN_POINT('',(-0.00644481913227578,0.0116,-0.0201495637148618));
#3636=CARTESIAN_POINT('',(-0.00644481913227578,0.0116,-0.0201495637148618));
#3637=CARTESIAN_POINT('',(-0.00641442916572644,0.0116,-0.0202854800919717));
#3638=CARTESIAN_POINT('',(-0.00641225931787659,0.0116663136565924,-0.0205660232883689));
#3639=CARTESIAN_POINT('',(-0.00664705998564258,0.0120045157356328,-0.0209668350205414));
#3640=CARTESIAN_POINT('',(-0.0069392134561252,0.0123087989396965,-0.0210495637148675));
#3641=CARTESIAN_POINT('',(-0.00713888079986528,0.0125000000000004,-0.0210495637148674));
#3642=CARTESIAN_POINT('',(-0.00713888079986652,0.0125,-0.0210495637148619));
#3643=CARTESIAN_POINT('',(-0.0082691742076555,0.0125,-0.0210495637148619));
#3644=CARTESIAN_POINT('',(-0.00666170093578839,0.0116,-0.0181495637148619));
#3645=CARTESIAN_POINT('',(0.0025,0.0116,-0.0181495637148619));
#3646=CARTESIAN_POINT('',(-0.00644481913227579,0.0116,-0.0161495637148618));
#3647=CARTESIAN_POINT('',(-0.012,0.0116,-0.0181495637148619));
#3648=CARTESIAN_POINT('',(-0.012,0.0116,-0.0161495637148618));
#3649=CARTESIAN_POINT('',(-0.00666170093578839,0.0116,-0.0161495637148618));
#3650=CARTESIAN_POINT('',(-0.00826917420765551,0.0125,-0.0161495637148618));
#3651=CARTESIAN_POINT('',(-0.00713888079986652,0.0125,-0.0152495637148619));
#3652=CARTESIAN_POINT('',(-0.00693922493247095,0.0123088099294212,-0.0152495637148619));
#3653=CARTESIAN_POINT('',(-0.00664689290962357,0.0120041597352456,-0.0153330443112626));
#3654=CARTESIAN_POINT('',(-0.00641257730134978,0.01166695767888,-0.0157318059127437));
#3655=CARTESIAN_POINT('',(-0.00641441891348082,0.0116,-0.0160136014855106));
#3656=CARTESIAN_POINT('',(-0.00644481913227578,0.0116,-0.0161495637148619));
#3657=CARTESIAN_POINT('',(-0.00713888079986652,0.0125,-0.0152495637148619));
#3658=CARTESIAN_POINT('',(-0.012,0.0125,-0.0161495637148618));
#3659=CARTESIAN_POINT('',(-0.012,0.0125,-0.0152495637148619));
#3660=CARTESIAN_POINT('',(-0.00826917420765551,0.0125,-0.0152495637148619));
#3661=CARTESIAN_POINT('',(-0.00826917420765551,0.015,-0.0152495637148619));
#3662=CARTESIAN_POINT('',(-0.012,0.015,-0.0152495637148619));
#3663=CARTESIAN_POINT('',(-0.0054014083110324,0.0161489014014845,-0.0152495637148619));
#3664=CARTESIAN_POINT('',(-0.00598354662049221,0.0156024085291816,-0.0152495637148619));
#3665=CARTESIAN_POINT('',(-0.00656219248250979,0.0150522356118838,-0.0152495637148619));
#3666=CARTESIAN_POINT('',(-0.00713888079986653,0.0145,-0.0152495637148619));
#3667=CARTESIAN_POINT('',(-0.0054014083110324,0.0161489014014845,-0.0152495637148619));
#3668=CARTESIAN_POINT('',(-0.0054014083110324,0.036,-0.0152495637148619));
#3669=CARTESIAN_POINT('',(-0.0054014083110324,0.0108510985985155,-0.0152495637148619));
#3670=CARTESIAN_POINT('',(-0.00713888079986652,0.0125,-0.0152495637148619));
#3671=CARTESIAN_POINT('',(-0.00656219248250978,0.0119477643881161,-0.0152495637148619));
#3672=CARTESIAN_POINT('',(-0.00598354662049221,0.0113975914708184,-0.0152495637148619));
#3673=CARTESIAN_POINT('',(-0.0054014083110324,0.0108510985985155,-0.0152495637148619));
#3674=CARTESIAN_POINT('',(-0.012,0.0145,-0.0161495637148618));
#3675=CARTESIAN_POINT('',(-0.012,0.0145,-0.0161495637148618));
#3676=CARTESIAN_POINT('',(-0.012,0.0145,-0.0161495637148618));
#3677=CARTESIAN_POINT('',(-0.012,0.0145,-0.0181495637148619));
#3678=CARTESIAN_POINT('',(-0.012,0.0145,-0.0201495637148618));
#3679=CARTESIAN_POINT('',(-0.012,0.015,-0.0161495637148618));
#3680=CARTESIAN_POINT('',(-0.012,0.0125,-0.0161495637148618));
#3681=CARTESIAN_POINT('',(-0.012,0.0145,-0.0201495637148618));
#3682=CARTESIAN_POINT('',(-0.012,0.0145,-0.0201495637148618));
#3683=CARTESIAN_POINT('',(-0.012,0.0125,-0.0161495637148618));
#3684=CARTESIAN_POINT('',(-0.012,0.0125,-0.0161495637148618));
#3685=CARTESIAN_POINT('',(-0.012,0.015,-0.0201495637148618));
#3686=CARTESIAN_POINT('',(-0.012,0.0125,-0.0201495637148618));
#3687=CARTESIAN_POINT('',(-0.012,0.015,-0.0210495637148619));
#3688=CARTESIAN_POINT('',(-0.012,0.0125,-0.0181495637148619));
#3689=CARTESIAN_POINT('',(-0.012,0.0125,-0.0201495637148618));
#3690=CARTESIAN_POINT('',(-0.012,0.0125,-0.0201495637148618));
#3691=CARTESIAN_POINT('',(-0.0082691742076555,0.015,-0.0210495637148619));
#3692=CARTESIAN_POINT('',(-0.00540140831103239,0.0108510985985155,-0.0210495637148619));
#3693=CARTESIAN_POINT('',(-0.0059835466204922,0.0113975914708184,-0.0210495637148619));
#3694=CARTESIAN_POINT('',(-0.00656219248250978,0.0119477643881161,-0.0210495637148619));
#3695=CARTESIAN_POINT('',(-0.00713888079986652,0.0125,-0.0210495637148619));
#3696=CARTESIAN_POINT('',(-0.00540140831103239,0.0108510985985155,-0.0210495637148619));
#3697=CARTESIAN_POINT('',(-0.00540140831103239,0.015,-0.0210495637148619));
#3698=CARTESIAN_POINT('',(-0.00540140831103239,0.0161489014014845,-0.0210495637148619));
#3699=CARTESIAN_POINT('',(-0.00713888079986652,0.0145,-0.0210495637148619));
#3700=CARTESIAN_POINT('',(-0.00656219248250978,0.0150522356118838,-0.0210495637148619));
#3701=CARTESIAN_POINT('',(-0.0059835466204922,0.0156024085291816,-0.0210495637148619));
#3702=CARTESIAN_POINT('',(-0.00540140831103239,0.0161489014014845,-0.0210495637148619));
#3703=CARTESIAN_POINT('',(-0.00549422863405995,0.036,-0.0209959738763757));
#3704=CARTESIAN_POINT('',(-0.00540140831103239,0.0161489014014845,-0.0210495637148619));
#3705=CARTESIAN_POINT('',(-0.00495548827741351,0.0164788118878121,-0.0213070157663088));
#3706=CARTESIAN_POINT('',(-0.00449984281820741,0.0167889831299769,-0.0215700827948365));
#3707=CARTESIAN_POINT('',(-0.00402770737829502,0.0170656854249492,-0.0218426703181638));
#3708=CARTESIAN_POINT('',(-0.00540140831103239,0.0108510985985155,-0.0210495637148619));
#3709=CARTESIAN_POINT('',(-0.00495676531542843,0.0105221329188815,-0.0213062784680671));
#3710=CARTESIAN_POINT('',(-0.00449822443507902,0.0102100683914978,-0.0215710171687713));
#3711=CARTESIAN_POINT('',(-0.00402770737829504,0.00993431457505077,-0.0218426703181638));
#3712=CARTESIAN_POINT('',(0.0025,0.00971715728752538,-0.0181495637148619));
#3713=CARTESIAN_POINT('',(-0.00540140831103239,0.0108510985985155,-0.0152495637148619));
#3714=CARTESIAN_POINT('',(-0.00495676531542844,0.0105221329188815,-0.0149928489616566));
#3715=CARTESIAN_POINT('',(-0.00449822443507902,0.0102100683914978,-0.0147281102609525));
#3716=CARTESIAN_POINT('',(-0.00402770737829504,0.00993431457505075,-0.0144564571115599));
#3717=CARTESIAN_POINT('',(0.0025,0.0152828427124746,-0.0181495637148619));
#3718=CARTESIAN_POINT('',(-0.0054014083110324,0.0161489014014845,-0.0152495637148619));
#3719=CARTESIAN_POINT('',(-0.00495548827741352,0.0164788118878121,-0.0149921116634149));
#3720=CARTESIAN_POINT('',(-0.00449984281820742,0.0167889831299769,-0.0147290446348873));
#3721=CARTESIAN_POINT('',(-0.00402770737829503,0.0170656854249492,-0.0144564571115599));
#3722=CARTESIAN_POINT('',(-0.00376217782649107,0.036,-0.0143031535533481));
#3723=CARTESIAN_POINT('',(-0.00549422863405995,0.036,-0.0153031535533481));
#3724=CARTESIAN_POINT('',(-0.00402770737829503,0.0289343145750508,-0.0144564571115599));
#3725=CARTESIAN_POINT('',(-0.00449984281820742,0.0292110168700231,-0.0147290446348873));
#3726=CARTESIAN_POINT('',(-0.00495548827741352,0.0295211881121879,-0.0149921116634149));
#3727=CARTESIAN_POINT('',(-0.0054014083110324,0.0298510985985155,-0.0152495637148619));
#3728=CARTESIAN_POINT('',(-0.0054014083110324,0.0298510985985155,-0.0152495637148619));
#3729=CARTESIAN_POINT('',(-0.0054014083110324,0.031,-0.0152495637148619));
#3730=CARTESIAN_POINT('',(-0.0054014083110324,0.0351489014014845,-0.0152495637148619));
#3731=CARTESIAN_POINT('',(-0.00540140831103237,0.0351489014014845,-0.0152495637148619));
#3732=CARTESIAN_POINT('',(-0.00495676531542842,0.0354778670811185,-0.0149928489616566));
#3733=CARTESIAN_POINT('',(-0.00449822443507901,0.0357899316085022,-0.0147281102609525));
#3734=CARTESIAN_POINT('',(-0.00402770737829504,0.0360656854249492,-0.0144564571115599));
#3735=CARTESIAN_POINT('',(0.0025,0.0287171572875254,-0.0181495637148619));
#3736=CARTESIAN_POINT('',(-0.00402770737829502,0.0289343145750508,-0.0218426703181638));
#3737=CARTESIAN_POINT('',(-0.00449984281820741,0.0292110168700231,-0.0215700827948365));
#3738=CARTESIAN_POINT('',(-0.00495548827741351,0.0295211881121879,-0.0213070157663088));
#3739=CARTESIAN_POINT('',(-0.00540140831103239,0.0298510985985155,-0.0210495637148619));
#3740=CARTESIAN_POINT('',(-0.00540140831103239,0.0298510985985155,-0.0210495637148619));
#3741=CARTESIAN_POINT('',(-0.00540140831103239,0.0298510985985155,-0.0210495637148619));
#3742=CARTESIAN_POINT('',(-0.0059835466204922,0.0303975914708184,-0.0210495637148619));
#3743=CARTESIAN_POINT('',(-0.00656219248250978,0.0309477643881161,-0.0210495637148619));
#3744=CARTESIAN_POINT('',(-0.00713888079986652,0.0315,-0.0210495637148619));
#3745=CARTESIAN_POINT('',(-0.00713888079986652,0.0315,-0.0210495637148619));
#3746=CARTESIAN_POINT('',(-0.00644481913227578,0.0306,-0.0201495637148619));
#3747=CARTESIAN_POINT('',(-0.00641442916572644,0.0306,-0.0202854800919717));
#3748=CARTESIAN_POINT('',(-0.00641225931787656,0.0306663136565924,-0.0205660232883689));
#3749=CARTESIAN_POINT('',(-0.00664705998564258,0.0310045157356329,-0.0209668350205414));
#3750=CARTESIAN_POINT('',(-0.0069392134561252,0.0313087989396965,-0.0210495637148675));
#3751=CARTESIAN_POINT('',(-0.00713888079986528,0.0315000000000004,-0.0210495637148674));
#3752=CARTESIAN_POINT('',(-0.00644481913227578,0.0306,-0.0201495637148618));
#3753=CARTESIAN_POINT('',(0.0025,0.0306,-0.0181495637148619));
#3754=CARTESIAN_POINT('',(-0.00644481913227578,0.0306,-0.0161495637148618));
#3755=CARTESIAN_POINT('',(-0.00713888079986652,0.0315,-0.0152495637148619));
#3756=CARTESIAN_POINT('',(-0.00693922493247095,0.0313088099294212,-0.0152495637148619));
#3757=CARTESIAN_POINT('',(-0.00664689290962356,0.0310041597352456,-0.0153330443112626));
#3758=CARTESIAN_POINT('',(-0.00641257730134975,0.03066695767888,-0.0157318059127437));
#3759=CARTESIAN_POINT('',(-0.00641441891348082,0.0306,-0.0160136014855106));
#3760=CARTESIAN_POINT('',(-0.00644481913227578,0.0306,-0.0161495637148619));
#3761=CARTESIAN_POINT('',(-0.00713888079986652,0.0315,-0.0152495637148619));
#3762=CARTESIAN_POINT('',(-0.00713888079986652,0.0315,-0.0152495637148619));
#3763=CARTESIAN_POINT('',(-0.00656219248250978,0.0309477643881162,-0.0152495637148619));
#3764=CARTESIAN_POINT('',(-0.00598354662049221,0.0303975914708184,-0.0152495637148619));
#3765=CARTESIAN_POINT('',(-0.0054014083110324,0.0298510985985155,-0.0152495637148619));
#3766=CARTESIAN_POINT('',(0.0025,0.0342828427124746,-0.0181495637148619));
#3767=CARTESIAN_POINT('',(-0.0054014083110324,0.0351489014014845,-0.0152495637148619));
#3768=CARTESIAN_POINT('',(-0.00598354662049222,0.0346024085291816,-0.0152495637148619));
#3769=CARTESIAN_POINT('',(-0.00656219248250979,0.0340522356118839,-0.0152495637148619));
#3770=CARTESIAN_POINT('',(-0.00713888079986653,0.0335,-0.0152495637148619));
#3771=CARTESIAN_POINT('',(-0.00713888079986652,0.0335,-0.0152495637148619));
#3772=CARTESIAN_POINT('',(-0.00644481913227579,0.0344,-0.0161495637148618));
#3773=CARTESIAN_POINT('',(-0.00641442916572645,0.0344,-0.016013647337752));
#3774=CARTESIAN_POINT('',(-0.00641225931787656,0.0343336863434076,-0.0157331041413548));
#3775=CARTESIAN_POINT('',(-0.00664705998564259,0.0339954842643671,-0.0153322924091823));
#3776=CARTESIAN_POINT('',(-0.00693921345612521,0.0336912010603035,-0.0152495637148563));
#3777=CARTESIAN_POINT('',(-0.00713888079986528,0.0334999999999996,-0.0152495637148564));
#3778=CARTESIAN_POINT('',(-0.00644481913227579,0.0344,-0.0161495637148618));
#3779=CARTESIAN_POINT('',(0.0025,0.0344,-0.0181495637148619));
#3780=CARTESIAN_POINT('',(-0.00644481913227578,0.0344,-0.0201495637148618));
#3781=CARTESIAN_POINT('',(-0.00713888079986652,0.0335,-0.0210495637148619));
#3782=CARTESIAN_POINT('',(-0.00693922493247094,0.0336911900705788,-0.0210495637148619));
#3783=CARTESIAN_POINT('',(-0.00664689290962355,0.0339958402647544,-0.0209660831184611));
#3784=CARTESIAN_POINT('',(-0.00641257730134975,0.03433304232112,-0.02056732151698));
#3785=CARTESIAN_POINT('',(-0.00641441891348082,0.0344,-0.0202855259442131));
#3786=CARTESIAN_POINT('',(-0.00644481913227578,0.0344,-0.0201495637148618));
#3787=CARTESIAN_POINT('',(-0.00713888079986652,0.0335,-0.0210495637148619));
#3788=CARTESIAN_POINT('',(-0.00713888079986652,0.0335,-0.0210495637148619));
#3789=CARTESIAN_POINT('',(-0.00656219248250977,0.0340522356118839,-0.0210495637148619));
#3790=CARTESIAN_POINT('',(-0.00598354662049221,0.0346024085291816,-0.0210495637148619));
#3791=CARTESIAN_POINT('',(-0.00540140831103239,0.0351489014014845,-0.0210495637148619));
#3792=CARTESIAN_POINT('',(-0.00540140831103239,0.0351489014014845,-0.0210495637148619));
#3793=CARTESIAN_POINT('',(-0.00540140831103236,0.0351489014014845,-0.0210495637148619));
#3794=CARTESIAN_POINT('',(-0.00495676531542841,0.0354778670811185,-0.0213062784680671));
#3795=CARTESIAN_POINT('',(-0.004498224435079,0.0357899316085022,-0.0215710171687713));
#3796=CARTESIAN_POINT('',(-0.00402770737829502,0.0360656854249492,-0.0218426703181638));
#3797=CARTESIAN_POINT('',(-0.00376217782649107,0.036,-0.0219959738763756));
#3798=CARTESIAN_POINT('',(-0.00540140831103239,0.036,-0.0210495637148619));
#3799=CARTESIAN_POINT('',(-0.00826917420765551,0.031,-0.0152495637148619));
#3800=CARTESIAN_POINT('',(-0.00826917420765551,0.0315,-0.0152495637148619));
#3801=CARTESIAN_POINT('',(-0.012,0.0315,-0.0152495637148619));
#3802=CARTESIAN_POINT('',(-0.012,0.031,-0.0152495637148619));
#3803=CARTESIAN_POINT('',(-0.012,0.0335,-0.0152495637148619));
#3804=CARTESIAN_POINT('',(-0.00826917420765551,0.0335,-0.0152495637148619));
#3805=CARTESIAN_POINT('',(-0.0082691742076555,0.031,-0.0210495637148619));
#3806=CARTESIAN_POINT('',(-0.0082691742076555,0.0335,-0.0210495637148619));
#3807=CARTESIAN_POINT('',(-0.012,0.0335,-0.0210495637148619));
#3808=CARTESIAN_POINT('',(-0.012,0.031,-0.0210495637148619));
#3809=CARTESIAN_POINT('',(-0.012,0.0315,-0.0210495637148619));
#3810=CARTESIAN_POINT('',(-0.0082691742076555,0.0315,-0.0210495637148619));
#3811=CARTESIAN_POINT('',(-0.00666170093578839,0.0306,-0.0181495637148619));
#3812=CARTESIAN_POINT('',(-0.00666170093578839,0.0306,-0.0201495637148618));
#3813=CARTESIAN_POINT('',(-0.012,0.0306,-0.0201495637148618));
#3814=CARTESIAN_POINT('',(-0.012,0.0306,-0.0181495637148619));
#3815=CARTESIAN_POINT('',(-0.012,0.0306,-0.0161495637148618));
#3816=CARTESIAN_POINT('',(-0.00666170093578839,0.0306,-0.0161495637148618));
#3817=CARTESIAN_POINT('',(-0.00666170093578839,0.0344,-0.0181495637148619));
#3818=CARTESIAN_POINT('',(-0.012,0.0344,-0.0181495637148619));
#3819=CARTESIAN_POINT('',(-0.012,0.0344,-0.0201495637148618));
#3820=CARTESIAN_POINT('',(-0.012,0.0344,-0.0161495637148618));
#3821=CARTESIAN_POINT('',(-0.00666170093578839,0.0344,-0.0201495637148618));
#3822=CARTESIAN_POINT('',(-0.00666170093578839,0.0344,-0.0161495637148618));
#3823=CARTESIAN_POINT('',(-0.0082691742076555,0.0335,-0.0201495637148618));
#3824=CARTESIAN_POINT('',(-0.012,0.0335,-0.0201495637148618));
#3825=CARTESIAN_POINT('',(-0.012,0.0335,-0.0201495637148618));
#3826=CARTESIAN_POINT('',(-0.012,0.0335,-0.0201495637148618));
#3827=CARTESIAN_POINT('',(-0.012,0.0335,-0.0201495637148618));
#3828=CARTESIAN_POINT('',(-0.00666170093578839,0.0315,-0.0201495637148618));
#3829=CARTESIAN_POINT('',(-0.012,0.0315,-0.0201495637148618));
#3830=CARTESIAN_POINT('',(-0.012,0.031,-0.0201495637148618));
#3831=CARTESIAN_POINT('',(-0.012,0.0315,-0.0201495637148618));
#3832=CARTESIAN_POINT('',(-0.012,0.0335,-0.0181495637148619));
#3833=CARTESIAN_POINT('',(-0.012,0.0335,-0.0161495637148618));
#3834=CARTESIAN_POINT('',(-0.00666170093578839,0.0335,-0.0161495637148618));
#3835=CARTESIAN_POINT('',(-0.012,0.0335,-0.0161495637148618));
#3836=CARTESIAN_POINT('',(-0.012,0.0315,-0.0201495637148618));
#3837=CARTESIAN_POINT('',(-0.012,0.0315,-0.0201495637148618));
#3838=CARTESIAN_POINT('',(-0.012,0.0335,-0.0161495637148618));
#3839=CARTESIAN_POINT('',(-0.012,0.0335,-0.0161495637148618));
#3840=CARTESIAN_POINT('',(-0.012,0.0315,-0.0181495637148619));
#3841=CARTESIAN_POINT('',(-0.012,0.0315,-0.0161495637148618));
#3842=CARTESIAN_POINT('',(-0.012,0.031,-0.0161495637148618));
#3843=CARTESIAN_POINT('',(-0.012,0.0315,-0.0161495637148618));
#3844=CARTESIAN_POINT('',(-0.012,0.0315,-0.0161495637148618));
#3845=CARTESIAN_POINT('',(-0.012,0.0315,-0.0161495637148618));
#3846=CARTESIAN_POINT('',(-0.00826917420765551,0.0315,-0.0161495637148618));
#3847=CARTESIAN_POINT('',(0.,0.,0.));
#3848=MECHANICAL_DESIGN_GEOMETRIC_PRESENTATION_REPRESENTATION('',(#2170,
#2171),#3849);
#3849=(
GEOMETRIC_REPRESENTATION_CONTEXT(3)
GLOBAL_UNCERTAINTY_ASSIGNED_CONTEXT((#3852))
GLOBAL_UNIT_ASSIGNED_CONTEXT((#3857,#3856,#3855))
REPRESENTATION_CONTEXT('Assembly 2','TOP_LEVEL_ASSEMBLY_PART')
);
#3850=(
GEOMETRIC_REPRESENTATION_CONTEXT(3)
GLOBAL_UNCERTAINTY_ASSIGNED_CONTEXT((#3853))
GLOBAL_UNIT_ASSIGNED_CONTEXT((#3857,#3856,#3855))
REPRESENTATION_CONTEXT('Part 2','COMPONENT_PART')
);
#3851=(
GEOMETRIC_REPRESENTATION_CONTEXT(3)
GLOBAL_UNCERTAINTY_ASSIGNED_CONTEXT((#3854))
GLOBAL_UNIT_ASSIGNED_CONTEXT((#3857,#3856,#3855))
REPRESENTATION_CONTEXT('Rack (7 teeth)','COMPONENT_PART')
);
#3852=UNCERTAINTY_MEASURE_WITH_UNIT(LENGTH_MEASURE(1.E-8),#3857,
'DISTANCE_ACCURACY_VALUE','Maximum Tolerance applied to model');
#3853=UNCERTAINTY_MEASURE_WITH_UNIT(LENGTH_MEASURE(2.E-5),#3857,
'DISTANCE_ACCURACY_VALUE','Maximum Tolerance applied to model');
#3854=UNCERTAINTY_MEASURE_WITH_UNIT(LENGTH_MEASURE(2.E-5),#3857,
'DISTANCE_ACCURACY_VALUE','Maximum Tolerance applied to model');
#3855=(
NAMED_UNIT(*)
SI_UNIT($,.STERADIAN.)
SOLID_ANGLE_UNIT()
);
#3856=(
NAMED_UNIT(*)
PLANE_ANGLE_UNIT()
SI_UNIT($,.RADIAN.)
);
#3857=(
LENGTH_UNIT()
NAMED_UNIT(*)
SI_UNIT($,.METRE.)
);
#3858=PRODUCT_DEFINITION_SHAPE('','',#3863);
#3859=PRODUCT_DEFINITION_SHAPE('','',#3864);
#3860=PRODUCT_DEFINITION_SHAPE(' ','NAUO PRDDFN',#12);
#3861=PRODUCT_DEFINITION_SHAPE('','',#3865);
#3862=PRODUCT_DEFINITION_SHAPE(' ','NAUO PRDDFN',#13);
#3863=PRODUCT_DEFINITION('','',#3869,#3866);
#3864=PRODUCT_DEFINITION('','',#3870,#3867);
#3865=PRODUCT_DEFINITION('','',#3871,#3868);
#3866=PRODUCT_DEFINITION_CONTEXT('',#3885,'design');
#3867=PRODUCT_DEFINITION_CONTEXT('',#3885,'design');
#3868=PRODUCT_DEFINITION_CONTEXT('',#3885,'design');
#3869=PRODUCT_DEFINITION_FORMATION_WITH_SPECIFIED_SOURCE('','',#3875,
 .NOT_KNOWN.);
#3870=PRODUCT_DEFINITION_FORMATION_WITH_SPECIFIED_SOURCE('','',#3876,
 .NOT_KNOWN.);
#3871=PRODUCT_DEFINITION_FORMATION_WITH_SPECIFIED_SOURCE('','',#3877,
 .NOT_KNOWN.);
#3872=PRODUCT_RELATED_PRODUCT_CATEGORY('','',(#3875));
#3873=PRODUCT_RELATED_PRODUCT_CATEGORY('','',(#3876));
#3874=PRODUCT_RELATED_PRODUCT_CATEGORY('','',(#3877));
#3875=PRODUCT('Assembly 2','Assembly 2','Assembly 2',(#3881));
#3876=PRODUCT('Part 2','Part 2','Part 2',(#3882));
#3877=PRODUCT('Rack (7 teeth)','Rack (7 teeth)','Rack (7 teeth)',(#3883));
#3878=PRODUCT_CATEGORY('','');
#3879=PRODUCT_CATEGORY('','');
#3880=PRODUCT_CATEGORY('','');
#3881=PRODUCT_CONTEXT('',#3885,'mechanical');
#3882=PRODUCT_CONTEXT('',#3885,'mechanical');
#3883=PRODUCT_CONTEXT('',#3885,'mechanical');
#3884=APPLICATION_PROTOCOL_DEFINITION('international standard',
'ap242_managed_model_based_3d_engineering',2020,#3885);
#3885=APPLICATION_CONTEXT('managed model based 3d engineering');
ENDSEC;
END-ISO-10303-21;
