ISO-10303-21;
HEADER;
/* Generated by software containing ST-Developer
 * from STEP Tools, Inc. (www.steptools.com) 
 */
/* OPTION: using custom renumber hook */

FILE_DESCRIPTION(
/* description */ ('STEP AP242 Edition 2',
'CAx-IF Rec.Pracs.---Representation and Presentation of Product Manufa
cturing Information (PMI)---4.0---2014-10-13',
'CAx-IF Rec.Pracs.---3D Tessellated Geometry---0.4---2014-09-14','2;1',
'CAx-IF Rec.Pracs.---User Defined Attributes---1.5---2016-08-15'),
/* implementation_level */ '2;1');

FILE_NAME(
/* name */ 'Primary carriage - Part 6',
/* time_stamp */ '2026-10-04T09:39:29Z',
/* author */ (''),
/* organization */ (''),
/* preprocessor_version */ 'ST-DEVELOPER v20',
/* originating_system */ 'ONSHAPE BY PTC INC, 1.221',
/* authorisation */ '  ');

FILE_SCHEMA (('AP242_MANAGED_MODEL_BASED_3D_ENGINEERING_MIM_LF { 1 0 10303 442 3 1 4 }'));
ENDSEC;

DATA;
#10=SHAPE_REPRESENTATION_RELATIONSHIP('','',#1656,#11);
#11=ADVANCED_BREP_SHAPE_REPRESENTATION('',(#1654),#2771);
#12=B_SPLINE_CURVE_WITH_KNOTS('',3,(#2439,#2440,#2441,#2442,#2443,#2444,
#2445),.UNSPECIFIED.,.F.,.F.,(4,1,1,1,4),(0.,0.00244166869498629,0.00488333738997257,
0.00732500608495886,0.00976667477994515),.UNSPECIFIED.);
#13=ELLIPSE('',#1673,0.0180277563773199,0.01);
#14=ELLIPSE('',#1685,0.0141421356237309,0.01);
#15=CYLINDRICAL_SURFACE('',#1668,0.006);
#16=CYLINDRICAL_SURFACE('',#1669,0.002);
#17=CYLINDRICAL_SURFACE('',#1682,0.008);
#18=CYLINDRICAL_SURFACE('',#1684,0.01);
#19=CYLINDRICAL_SURFACE('',#1704,0.0017);
#20=CYLINDRICAL_SURFACE('',#1706,0.0017);
#21=CYLINDRICAL_SURFACE('',#1708,0.0017);
#22=CYLINDRICAL_SURFACE('',#1710,0.0017);
#23=CYLINDRICAL_SURFACE('',#1713,0.0113);
#24=CYLINDRICAL_SURFACE('',#1716,0.003);
#25=CYLINDRICAL_SURFACE('',#1718,0.003);
#26=CYLINDRICAL_SURFACE('',#1720,0.003);
#27=CYLINDRICAL_SURFACE('',#1722,0.003);
#28=CYLINDRICAL_SURFACE('',#1728,0.01);
#29=CYLINDRICAL_SURFACE('',#1733,0.01);
#30=CYLINDRICAL_SURFACE('',#1759,0.01);
#31=CYLINDRICAL_SURFACE('',#1760,0.01);
#32=CYLINDRICAL_SURFACE('',#1761,0.01);
#33=CYLINDRICAL_SURFACE('',#1762,0.003);
#34=CYLINDRICAL_SURFACE('',#1765,0.003);
#35=CYLINDRICAL_SURFACE('',#1768,0.003);
#36=CYLINDRICAL_SURFACE('',#1771,0.003);
#37=CYLINDRICAL_SURFACE('',#1774,0.003);
#38=CYLINDRICAL_SURFACE('',#1777,0.003);
#39=CYLINDRICAL_SURFACE('',#1780,0.003);
#40=CYLINDRICAL_SURFACE('',#1783,0.003);
#41=CYLINDRICAL_SURFACE('',#1786,0.00505);
#42=CYLINDRICAL_SURFACE('',#1789,0.00505);
#43=CYLINDRICAL_SURFACE('',#1802,0.008);
#44=CYLINDRICAL_SURFACE('',#1803,0.008);
#45=CYLINDRICAL_SURFACE('',#1804,0.008);
#46=CYLINDRICAL_SURFACE('',#1805,0.008);
#47=CYLINDRICAL_SURFACE('',#1806,0.008);
#48=CYLINDRICAL_SURFACE('',#1817,0.002);
#49=CYLINDRICAL_SURFACE('',#1818,0.006);
#50=CIRCLE('',#1659,0.006);
#51=CIRCLE('',#1660,0.002);
#52=CIRCLE('',#1662,0.002);
#53=CIRCLE('',#1663,0.006);
#54=CIRCLE('',#1675,0.00505);
#55=CIRCLE('',#1676,0.00505);
#56=CIRCLE('',#1677,0.008);
#57=CIRCLE('',#1678,0.008);
#58=CIRCLE('',#1679,0.008);
#59=CIRCLE('',#1680,0.008);
#60=CIRCLE('',#1681,0.008);
#61=CIRCLE('',#1683,0.008);
#62=CIRCLE('',#1686,0.01);
#63=CIRCLE('',#1687,0.01);
#64=CIRCLE('',#1689,0.01);
#65=CIRCLE('',#1690,0.01);
#66=CIRCLE('',#1691,0.01);
#67=CIRCLE('',#1693,0.0017);
#68=CIRCLE('',#1694,0.003);
#69=CIRCLE('',#1696,0.0017);
#70=CIRCLE('',#1697,0.003);
#71=CIRCLE('',#1699,0.0017);
#72=CIRCLE('',#1700,0.003);
#73=CIRCLE('',#1702,0.0017);
#74=CIRCLE('',#1703,0.003);
#75=CIRCLE('',#1705,0.0017);
#76=CIRCLE('',#1707,0.0017);
#77=CIRCLE('',#1709,0.0017);
#78=CIRCLE('',#1711,0.0017);
#79=CIRCLE('',#1714,0.0113);
#80=CIRCLE('',#1715,0.0113);
#81=CIRCLE('',#1717,0.003);
#82=CIRCLE('',#1719,0.003);
#83=CIRCLE('',#1721,0.003);
#84=CIRCLE('',#1723,0.003);
#85=CIRCLE('',#1729,0.01);
#86=CIRCLE('',#1730,0.01);
#87=CIRCLE('',#1732,0.01);
#88=CIRCLE('',#1734,0.01);
#89=CIRCLE('',#1747,0.003);
#90=CIRCLE('',#1748,0.003);
#91=CIRCLE('',#1749,0.003);
#92=CIRCLE('',#1750,0.003);
#93=CIRCLE('',#1751,0.003);
#94=CIRCLE('',#1752,0.003);
#95=CIRCLE('',#1753,0.003);
#96=CIRCLE('',#1754,0.003);
#97=CIRCLE('',#1755,0.01);
#98=CIRCLE('',#1756,0.01);
#99=CIRCLE('',#1757,0.01);
#100=CIRCLE('',#1763,0.003);
#101=CIRCLE('',#1766,0.003);
#102=CIRCLE('',#1769,0.003);
#103=CIRCLE('',#1772,0.003);
#104=CIRCLE('',#1775,0.003);
#105=CIRCLE('',#1778,0.003);
#106=CIRCLE('',#1781,0.003);
#107=CIRCLE('',#1784,0.003);
#108=CIRCLE('',#1787,0.00505);
#109=CIRCLE('',#1790,0.00505);
#110=CIRCLE('',#1796,0.008);
#111=CIRCLE('',#1797,0.008);
#112=CIRCLE('',#1798,0.008);
#113=CIRCLE('',#1799,0.008);
#114=CIRCLE('',#1800,0.008);
#115=CIRCLE('',#1811,0.006);
#116=CIRCLE('',#1812,0.002);
#117=CIRCLE('',#1815,0.002);
#118=CIRCLE('',#1816,0.006);
#119=ORIENTED_EDGE('',*,*,#549,.T.);
#120=ORIENTED_EDGE('',*,*,#550,.F.);
#121=ORIENTED_EDGE('',*,*,#551,.T.);
#122=ORIENTED_EDGE('',*,*,#552,.T.);
#123=ORIENTED_EDGE('',*,*,#553,.F.);
#124=ORIENTED_EDGE('',*,*,#554,.F.);
#125=ORIENTED_EDGE('',*,*,#555,.F.);
#126=ORIENTED_EDGE('',*,*,#556,.T.);
#127=ORIENTED_EDGE('',*,*,#557,.F.);
#128=ORIENTED_EDGE('',*,*,#558,.F.);
#129=ORIENTED_EDGE('',*,*,#559,.T.);
#130=ORIENTED_EDGE('',*,*,#560,.T.);
#131=ORIENTED_EDGE('',*,*,#561,.T.);
#132=ORIENTED_EDGE('',*,*,#562,.F.);
#133=ORIENTED_EDGE('',*,*,#563,.F.);
#134=ORIENTED_EDGE('',*,*,#564,.T.);
#135=ORIENTED_EDGE('',*,*,#565,.F.);
#136=ORIENTED_EDGE('',*,*,#564,.F.);
#137=ORIENTED_EDGE('',*,*,#566,.T.);
#138=ORIENTED_EDGE('',*,*,#550,.T.);
#139=ORIENTED_EDGE('',*,*,#567,.T.);
#140=ORIENTED_EDGE('',*,*,#556,.F.);
#141=ORIENTED_EDGE('',*,*,#568,.F.);
#142=ORIENTED_EDGE('',*,*,#558,.T.);
#143=ORIENTED_EDGE('',*,*,#569,.T.);
#144=ORIENTED_EDGE('',*,*,#552,.F.);
#145=ORIENTED_EDGE('',*,*,#570,.F.);
#146=ORIENTED_EDGE('',*,*,#562,.T.);
#147=ORIENTED_EDGE('',*,*,#571,.F.);
#148=ORIENTED_EDGE('',*,*,#560,.F.);
#149=ORIENTED_EDGE('',*,*,#572,.T.);
#150=ORIENTED_EDGE('',*,*,#554,.T.);
#151=ORIENTED_EDGE('',*,*,#566,.F.);
#152=ORIENTED_EDGE('',*,*,#563,.T.);
#153=ORIENTED_EDGE('',*,*,#570,.T.);
#154=ORIENTED_EDGE('',*,*,#551,.F.);
#155=ORIENTED_EDGE('',*,*,#555,.T.);
#156=ORIENTED_EDGE('',*,*,#572,.F.);
#157=ORIENTED_EDGE('',*,*,#559,.F.);
#158=ORIENTED_EDGE('',*,*,#568,.T.);
#159=ORIENTED_EDGE('',*,*,#573,.T.);
#160=ORIENTED_EDGE('',*,*,#574,.T.);
#161=ORIENTED_EDGE('',*,*,#575,.F.);
#162=ORIENTED_EDGE('',*,*,#576,.F.);
#163=ORIENTED_EDGE('',*,*,#577,.T.);
#164=ORIENTED_EDGE('',*,*,#578,.T.);
#165=ORIENTED_EDGE('',*,*,#579,.F.);
#166=ORIENTED_EDGE('',*,*,#580,.T.);
#167=ORIENTED_EDGE('',*,*,#581,.T.);
#168=ORIENTED_EDGE('',*,*,#582,.T.);
#169=ORIENTED_EDGE('',*,*,#583,.F.);
#170=ORIENTED_EDGE('',*,*,#584,.F.);
#171=ORIENTED_EDGE('',*,*,#585,.T.);
#172=ORIENTED_EDGE('',*,*,#586,.T.);
#173=ORIENTED_EDGE('',*,*,#587,.F.);
#174=ORIENTED_EDGE('',*,*,#588,.F.);
#175=ORIENTED_EDGE('',*,*,#561,.F.);
#176=ORIENTED_EDGE('',*,*,#571,.T.);
#177=ORIENTED_EDGE('',*,*,#553,.T.);
#178=ORIENTED_EDGE('',*,*,#569,.F.);
#179=ORIENTED_EDGE('',*,*,#567,.F.);
#180=ORIENTED_EDGE('',*,*,#557,.T.);
#181=ORIENTED_EDGE('',*,*,#565,.T.);
#182=ORIENTED_EDGE('',*,*,#549,.F.);
#183=ORIENTED_EDGE('',*,*,#589,.T.);
#184=ORIENTED_EDGE('',*,*,#590,.T.);
#185=ORIENTED_EDGE('',*,*,#591,.F.);
#186=ORIENTED_EDGE('',*,*,#592,.T.);
#187=ORIENTED_EDGE('',*,*,#593,.F.);
#188=ORIENTED_EDGE('',*,*,#594,.F.);
#189=ORIENTED_EDGE('',*,*,#595,.T.);
#190=ORIENTED_EDGE('',*,*,#596,.T.);
#191=ORIENTED_EDGE('',*,*,#597,.F.);
#192=ORIENTED_EDGE('',*,*,#598,.F.);
#193=ORIENTED_EDGE('',*,*,#599,.T.);
#194=ORIENTED_EDGE('',*,*,#600,.F.);
#195=ORIENTED_EDGE('',*,*,#601,.T.);
#196=ORIENTED_EDGE('',*,*,#602,.T.);
#197=ORIENTED_EDGE('',*,*,#603,.T.);
#198=ORIENTED_EDGE('',*,*,#598,.T.);
#199=ORIENTED_EDGE('',*,*,#604,.T.);
#200=ORIENTED_EDGE('',*,*,#605,.T.);
#201=ORIENTED_EDGE('',*,*,#606,.T.);
#202=ORIENTED_EDGE('',*,*,#607,.F.);
#203=ORIENTED_EDGE('',*,*,#608,.T.);
#204=ORIENTED_EDGE('',*,*,#609,.T.);
#205=ORIENTED_EDGE('',*,*,#610,.T.);
#206=ORIENTED_EDGE('',*,*,#611,.T.);
#207=ORIENTED_EDGE('',*,*,#612,.T.);
#208=ORIENTED_EDGE('',*,*,#613,.T.);
#209=ORIENTED_EDGE('',*,*,#614,.T.);
#210=ORIENTED_EDGE('',*,*,#615,.T.);
#211=ORIENTED_EDGE('',*,*,#616,.T.);
#212=ORIENTED_EDGE('',*,*,#617,.F.);
#213=ORIENTED_EDGE('',*,*,#601,.F.);
#214=ORIENTED_EDGE('',*,*,#618,.F.);
#215=ORIENTED_EDGE('',*,*,#619,.F.);
#216=ORIENTED_EDGE('',*,*,#620,.F.);
#217=ORIENTED_EDGE('',*,*,#621,.T.);
#218=ORIENTED_EDGE('',*,*,#622,.T.);
#219=ORIENTED_EDGE('',*,*,#623,.F.);
#220=ORIENTED_EDGE('',*,*,#578,.F.);
#221=ORIENTED_EDGE('',*,*,#624,.F.);
#222=ORIENTED_EDGE('',*,*,#625,.T.);
#223=ORIENTED_EDGE('',*,*,#626,.T.);
#224=ORIENTED_EDGE('',*,*,#607,.T.);
#225=ORIENTED_EDGE('',*,*,#627,.T.);
#226=ORIENTED_EDGE('',*,*,#579,.T.);
#227=ORIENTED_EDGE('',*,*,#623,.T.);
#228=ORIENTED_EDGE('',*,*,#628,.F.);
#229=ORIENTED_EDGE('',*,*,#629,.T.);
#230=ORIENTED_EDGE('',*,*,#630,.F.);
#231=ORIENTED_EDGE('',*,*,#631,.T.);
#232=ORIENTED_EDGE('',*,*,#632,.T.);
#233=ORIENTED_EDGE('',*,*,#589,.F.);
#234=ORIENTED_EDGE('',*,*,#633,.T.);
#235=ORIENTED_EDGE('',*,*,#619,.T.);
#236=ORIENTED_EDGE('',*,*,#634,.F.);
#237=ORIENTED_EDGE('',*,*,#635,.T.);
#238=ORIENTED_EDGE('',*,*,#636,.F.);
#239=ORIENTED_EDGE('',*,*,#637,.T.);
#240=ORIENTED_EDGE('',*,*,#638,.F.);
#241=ORIENTED_EDGE('',*,*,#639,.T.);
#242=ORIENTED_EDGE('',*,*,#640,.F.);
#243=ORIENTED_EDGE('',*,*,#641,.T.);
#244=ORIENTED_EDGE('',*,*,#634,.T.);
#245=ORIENTED_EDGE('',*,*,#642,.F.);
#246=ORIENTED_EDGE('',*,*,#636,.T.);
#247=ORIENTED_EDGE('',*,*,#643,.F.);
#248=ORIENTED_EDGE('',*,*,#638,.T.);
#249=ORIENTED_EDGE('',*,*,#644,.F.);
#250=ORIENTED_EDGE('',*,*,#640,.T.);
#251=ORIENTED_EDGE('',*,*,#645,.F.);
#252=ORIENTED_EDGE('',*,*,#646,.T.);
#253=ORIENTED_EDGE('',*,*,#647,.F.);
#254=ORIENTED_EDGE('',*,*,#648,.F.);
#255=ORIENTED_EDGE('',*,*,#649,.T.);
#256=ORIENTED_EDGE('',*,*,#650,.F.);
#257=ORIENTED_EDGE('',*,*,#651,.T.);
#258=ORIENTED_EDGE('',*,*,#635,.F.);
#259=ORIENTED_EDGE('',*,*,#652,.T.);
#260=ORIENTED_EDGE('',*,*,#637,.F.);
#261=ORIENTED_EDGE('',*,*,#653,.T.);
#262=ORIENTED_EDGE('',*,*,#639,.F.);
#263=ORIENTED_EDGE('',*,*,#654,.T.);
#264=ORIENTED_EDGE('',*,*,#641,.F.);
#265=ORIENTED_EDGE('',*,*,#655,.T.);
#266=ORIENTED_EDGE('',*,*,#656,.F.);
#267=ORIENTED_EDGE('',*,*,#657,.T.);
#268=ORIENTED_EDGE('',*,*,#658,.T.);
#269=ORIENTED_EDGE('',*,*,#659,.T.);
#270=ORIENTED_EDGE('',*,*,#660,.T.);
#271=ORIENTED_EDGE('',*,*,#661,.F.);
#272=ORIENTED_EDGE('',*,*,#662,.F.);
#273=ORIENTED_EDGE('',*,*,#647,.T.);
#274=ORIENTED_EDGE('',*,*,#663,.T.);
#275=ORIENTED_EDGE('',*,*,#649,.F.);
#276=ORIENTED_EDGE('',*,*,#664,.F.);
#277=ORIENTED_EDGE('',*,*,#665,.T.);
#278=ORIENTED_EDGE('',*,*,#651,.F.);
#279=ORIENTED_EDGE('',*,*,#666,.F.);
#280=ORIENTED_EDGE('',*,*,#667,.F.);
#281=ORIENTED_EDGE('',*,*,#660,.F.);
#282=ORIENTED_EDGE('',*,*,#646,.F.);
#283=ORIENTED_EDGE('',*,*,#663,.F.);
#284=ORIENTED_EDGE('',*,*,#668,.F.);
#285=ORIENTED_EDGE('',*,*,#669,.F.);
#286=ORIENTED_EDGE('',*,*,#670,.F.);
#287=ORIENTED_EDGE('',*,*,#645,.T.);
#288=ORIENTED_EDGE('',*,*,#644,.T.);
#289=ORIENTED_EDGE('',*,*,#643,.T.);
#290=ORIENTED_EDGE('',*,*,#642,.T.);
#291=ORIENTED_EDGE('',*,*,#671,.F.);
#292=ORIENTED_EDGE('',*,*,#672,.F.);
#293=ORIENTED_EDGE('',*,*,#673,.F.);
#294=ORIENTED_EDGE('',*,*,#659,.F.);
#295=ORIENTED_EDGE('',*,*,#674,.T.);
#296=ORIENTED_EDGE('',*,*,#675,.T.);
#297=ORIENTED_EDGE('',*,*,#656,.T.);
#298=ORIENTED_EDGE('',*,*,#673,.T.);
#299=ORIENTED_EDGE('',*,*,#676,.F.);
#300=ORIENTED_EDGE('',*,*,#677,.T.);
#301=ORIENTED_EDGE('',*,*,#678,.T.);
#302=ORIENTED_EDGE('',*,*,#664,.T.);
#303=ORIENTED_EDGE('',*,*,#648,.T.);
#304=ORIENTED_EDGE('',*,*,#662,.T.);
#305=ORIENTED_EDGE('',*,*,#679,.T.);
#306=ORIENTED_EDGE('',*,*,#680,.T.);
#307=ORIENTED_EDGE('',*,*,#681,.F.);
#308=ORIENTED_EDGE('',*,*,#657,.F.);
#309=ORIENTED_EDGE('',*,*,#675,.F.);
#310=ORIENTED_EDGE('',*,*,#682,.F.);
#311=ORIENTED_EDGE('',*,*,#658,.F.);
#312=ORIENTED_EDGE('',*,*,#681,.T.);
#313=ORIENTED_EDGE('',*,*,#683,.F.);
#314=ORIENTED_EDGE('',*,*,#684,.T.);
#315=ORIENTED_EDGE('',*,*,#685,.T.);
#316=ORIENTED_EDGE('',*,*,#671,.T.);
#317=ORIENTED_EDGE('',*,*,#655,.F.);
#318=ORIENTED_EDGE('',*,*,#654,.F.);
#319=ORIENTED_EDGE('',*,*,#653,.F.);
#320=ORIENTED_EDGE('',*,*,#652,.F.);
#321=ORIENTED_EDGE('',*,*,#650,.T.);
#322=ORIENTED_EDGE('',*,*,#686,.F.);
#323=ORIENTED_EDGE('',*,*,#687,.F.);
#324=ORIENTED_EDGE('',*,*,#688,.F.);
#325=ORIENTED_EDGE('',*,*,#684,.F.);
#326=ORIENTED_EDGE('',*,*,#689,.F.);
#327=ORIENTED_EDGE('',*,*,#687,.T.);
#328=ORIENTED_EDGE('',*,*,#690,.T.);
#329=ORIENTED_EDGE('',*,*,#629,.F.);
#330=ORIENTED_EDGE('',*,*,#691,.T.);
#331=ORIENTED_EDGE('',*,*,#692,.F.);
#332=ORIENTED_EDGE('',*,*,#630,.T.);
#333=ORIENTED_EDGE('',*,*,#690,.F.);
#334=ORIENTED_EDGE('',*,*,#686,.T.);
#335=ORIENTED_EDGE('',*,*,#683,.T.);
#336=ORIENTED_EDGE('',*,*,#682,.T.);
#337=ORIENTED_EDGE('',*,*,#674,.F.);
#338=ORIENTED_EDGE('',*,*,#689,.T.);
#339=ORIENTED_EDGE('',*,*,#628,.T.);
#340=ORIENTED_EDGE('',*,*,#622,.F.);
#341=ORIENTED_EDGE('',*,*,#693,.T.);
#342=ORIENTED_EDGE('',*,*,#676,.T.);
#343=ORIENTED_EDGE('',*,*,#672,.T.);
#344=ORIENTED_EDGE('',*,*,#685,.F.);
#345=ORIENTED_EDGE('',*,*,#688,.T.);
#346=ORIENTED_EDGE('',*,*,#694,.F.);
#347=ORIENTED_EDGE('',*,*,#695,.F.);
#348=ORIENTED_EDGE('',*,*,#696,.F.);
#349=ORIENTED_EDGE('',*,*,#697,.F.);
#350=ORIENTED_EDGE('',*,*,#698,.F.);
#351=ORIENTED_EDGE('',*,*,#677,.F.);
#352=ORIENTED_EDGE('',*,*,#693,.F.);
#353=ORIENTED_EDGE('',*,*,#621,.F.);
#354=ORIENTED_EDGE('',*,*,#699,.F.);
#355=ORIENTED_EDGE('',*,*,#691,.F.);
#356=ORIENTED_EDGE('',*,*,#680,.F.);
#357=ORIENTED_EDGE('',*,*,#698,.T.);
#358=ORIENTED_EDGE('',*,*,#700,.T.);
#359=ORIENTED_EDGE('',*,*,#668,.T.);
#360=ORIENTED_EDGE('',*,*,#665,.F.);
#361=ORIENTED_EDGE('',*,*,#678,.F.);
#362=ORIENTED_EDGE('',*,*,#701,.F.);
#363=ORIENTED_EDGE('',*,*,#694,.T.);
#364=ORIENTED_EDGE('',*,*,#679,.F.);
#365=ORIENTED_EDGE('',*,*,#661,.T.);
#366=ORIENTED_EDGE('',*,*,#667,.T.);
#367=ORIENTED_EDGE('',*,*,#702,.F.);
#368=ORIENTED_EDGE('',*,*,#695,.T.);
#369=ORIENTED_EDGE('',*,*,#701,.T.);
#370=ORIENTED_EDGE('',*,*,#666,.T.);
#371=ORIENTED_EDGE('',*,*,#703,.F.);
#372=ORIENTED_EDGE('',*,*,#696,.T.);
#373=ORIENTED_EDGE('',*,*,#702,.T.);
#374=ORIENTED_EDGE('',*,*,#670,.T.);
#375=ORIENTED_EDGE('',*,*,#700,.F.);
#376=ORIENTED_EDGE('',*,*,#697,.T.);
#377=ORIENTED_EDGE('',*,*,#703,.T.);
#378=ORIENTED_EDGE('',*,*,#669,.T.);
#379=ORIENTED_EDGE('',*,*,#704,.F.);
#380=ORIENTED_EDGE('',*,*,#705,.F.);
#381=ORIENTED_EDGE('',*,*,#706,.F.);
#382=ORIENTED_EDGE('',*,*,#707,.F.);
#383=ORIENTED_EDGE('',*,*,#708,.F.);
#384=ORIENTED_EDGE('',*,*,#709,.F.);
#385=ORIENTED_EDGE('',*,*,#710,.F.);
#386=ORIENTED_EDGE('',*,*,#711,.F.);
#387=ORIENTED_EDGE('',*,*,#591,.T.);
#388=ORIENTED_EDGE('',*,*,#712,.T.);
#389=ORIENTED_EDGE('',*,*,#713,.T.);
#390=ORIENTED_EDGE('',*,*,#624,.T.);
#391=ORIENTED_EDGE('',*,*,#577,.F.);
#392=ORIENTED_EDGE('',*,*,#714,.T.);
#393=ORIENTED_EDGE('',*,*,#605,.F.);
#394=ORIENTED_EDGE('',*,*,#715,.T.);
#395=ORIENTED_EDGE('',*,*,#713,.F.);
#396=ORIENTED_EDGE('',*,*,#716,.T.);
#397=ORIENTED_EDGE('',*,*,#631,.F.);
#398=ORIENTED_EDGE('',*,*,#692,.T.);
#399=ORIENTED_EDGE('',*,*,#699,.T.);
#400=ORIENTED_EDGE('',*,*,#620,.T.);
#401=ORIENTED_EDGE('',*,*,#632,.F.);
#402=ORIENTED_EDGE('',*,*,#716,.F.);
#403=ORIENTED_EDGE('',*,*,#712,.F.);
#404=ORIENTED_EDGE('',*,*,#590,.F.);
#405=ORIENTED_EDGE('',*,*,#627,.F.);
#406=ORIENTED_EDGE('',*,*,#606,.F.);
#407=ORIENTED_EDGE('',*,*,#714,.F.);
#408=ORIENTED_EDGE('',*,*,#580,.F.);
#409=ORIENTED_EDGE('',*,*,#633,.F.);
#410=ORIENTED_EDGE('',*,*,#592,.F.);
#411=ORIENTED_EDGE('',*,*,#715,.F.);
#412=ORIENTED_EDGE('',*,*,#604,.F.);
#413=ORIENTED_EDGE('',*,*,#597,.T.);
#414=ORIENTED_EDGE('',*,*,#617,.T.);
#415=ORIENTED_EDGE('',*,*,#717,.F.);
#416=ORIENTED_EDGE('',*,*,#711,.T.);
#417=ORIENTED_EDGE('',*,*,#717,.T.);
#418=ORIENTED_EDGE('',*,*,#718,.F.);
#419=ORIENTED_EDGE('',*,*,#710,.T.);
#420=ORIENTED_EDGE('',*,*,#718,.T.);
#421=ORIENTED_EDGE('',*,*,#719,.F.);
#422=ORIENTED_EDGE('',*,*,#709,.T.);
#423=ORIENTED_EDGE('',*,*,#719,.T.);
#424=ORIENTED_EDGE('',*,*,#720,.F.);
#425=ORIENTED_EDGE('',*,*,#708,.T.);
#426=ORIENTED_EDGE('',*,*,#720,.T.);
#427=ORIENTED_EDGE('',*,*,#721,.F.);
#428=ORIENTED_EDGE('',*,*,#707,.T.);
#429=ORIENTED_EDGE('',*,*,#721,.T.);
#430=ORIENTED_EDGE('',*,*,#722,.F.);
#431=ORIENTED_EDGE('',*,*,#706,.T.);
#432=ORIENTED_EDGE('',*,*,#722,.T.);
#433=ORIENTED_EDGE('',*,*,#723,.F.);
#434=ORIENTED_EDGE('',*,*,#705,.T.);
#435=ORIENTED_EDGE('',*,*,#723,.T.);
#436=ORIENTED_EDGE('',*,*,#724,.F.);
#437=ORIENTED_EDGE('',*,*,#704,.T.);
#438=ORIENTED_EDGE('',*,*,#724,.T.);
#439=ORIENTED_EDGE('',*,*,#725,.T.);
#440=ORIENTED_EDGE('',*,*,#603,.F.);
#441=ORIENTED_EDGE('',*,*,#611,.F.);
#442=ORIENTED_EDGE('',*,*,#726,.T.);
#443=ORIENTED_EDGE('',*,*,#727,.T.);
#444=ORIENTED_EDGE('',*,*,#728,.T.);
#445=ORIENTED_EDGE('',*,*,#729,.T.);
#446=ORIENTED_EDGE('',*,*,#602,.F.);
#447=ORIENTED_EDGE('',*,*,#730,.T.);
#448=ORIENTED_EDGE('',*,*,#731,.T.);
#449=ORIENTED_EDGE('',*,*,#613,.F.);
#450=ORIENTED_EDGE('',*,*,#732,.T.);
#451=ORIENTED_EDGE('',*,*,#733,.T.);
#452=ORIENTED_EDGE('',*,*,#734,.T.);
#453=ORIENTED_EDGE('',*,*,#615,.F.);
#454=ORIENTED_EDGE('',*,*,#735,.T.);
#455=ORIENTED_EDGE('',*,*,#725,.F.);
#456=ORIENTED_EDGE('',*,*,#729,.F.);
#457=ORIENTED_EDGE('',*,*,#733,.F.);
#458=ORIENTED_EDGE('',*,*,#736,.T.);
#459=ORIENTED_EDGE('',*,*,#730,.F.);
#460=ORIENTED_EDGE('',*,*,#737,.T.);
#461=ORIENTED_EDGE('',*,*,#727,.F.);
#462=ORIENTED_EDGE('',*,*,#738,.T.);
#463=ORIENTED_EDGE('',*,*,#739,.T.);
#464=ORIENTED_EDGE('',*,*,#740,.T.);
#465=ORIENTED_EDGE('',*,*,#625,.F.);
#466=ORIENTED_EDGE('',*,*,#618,.T.);
#467=ORIENTED_EDGE('',*,*,#600,.T.);
#468=ORIENTED_EDGE('',*,*,#741,.T.);
#469=ORIENTED_EDGE('',*,*,#609,.F.);
#470=ORIENTED_EDGE('',*,*,#742,.T.);
#471=ORIENTED_EDGE('',*,*,#739,.F.);
#472=ORIENTED_EDGE('',*,*,#743,.T.);
#473=ORIENTED_EDGE('',*,*,#740,.F.);
#474=ORIENTED_EDGE('',*,*,#742,.F.);
#475=ORIENTED_EDGE('',*,*,#608,.F.);
#476=ORIENTED_EDGE('',*,*,#626,.F.);
#477=ORIENTED_EDGE('',*,*,#741,.F.);
#478=ORIENTED_EDGE('',*,*,#599,.F.);
#479=ORIENTED_EDGE('',*,*,#616,.F.);
#480=ORIENTED_EDGE('',*,*,#734,.F.);
#481=ORIENTED_EDGE('',*,*,#610,.F.);
#482=ORIENTED_EDGE('',*,*,#743,.F.);
#483=ORIENTED_EDGE('',*,*,#738,.F.);
#484=ORIENTED_EDGE('',*,*,#726,.F.);
#485=ORIENTED_EDGE('',*,*,#736,.F.);
#486=ORIENTED_EDGE('',*,*,#735,.F.);
#487=ORIENTED_EDGE('',*,*,#614,.F.);
#488=ORIENTED_EDGE('',*,*,#731,.F.);
#489=ORIENTED_EDGE('',*,*,#737,.F.);
#490=ORIENTED_EDGE('',*,*,#732,.F.);
#491=ORIENTED_EDGE('',*,*,#612,.F.);
#492=ORIENTED_EDGE('',*,*,#728,.F.);
#493=ORIENTED_EDGE('',*,*,#584,.T.);
#494=ORIENTED_EDGE('',*,*,#744,.F.);
#495=ORIENTED_EDGE('',*,*,#745,.F.);
#496=ORIENTED_EDGE('',*,*,#746,.T.);
#497=ORIENTED_EDGE('',*,*,#582,.F.);
#498=ORIENTED_EDGE('',*,*,#747,.F.);
#499=ORIENTED_EDGE('',*,*,#748,.T.);
#500=ORIENTED_EDGE('',*,*,#749,.T.);
#501=ORIENTED_EDGE('',*,*,#573,.F.);
#502=ORIENTED_EDGE('',*,*,#750,.F.);
#503=ORIENTED_EDGE('',*,*,#751,.T.);
#504=ORIENTED_EDGE('',*,*,#752,.T.);
#505=ORIENTED_EDGE('',*,*,#576,.T.);
#506=ORIENTED_EDGE('',*,*,#753,.F.);
#507=ORIENTED_EDGE('',*,*,#754,.T.);
#508=ORIENTED_EDGE('',*,*,#747,.T.);
#509=ORIENTED_EDGE('',*,*,#581,.F.);
#510=ORIENTED_EDGE('',*,*,#746,.F.);
#511=ORIENTED_EDGE('',*,*,#755,.F.);
#512=ORIENTED_EDGE('',*,*,#750,.T.);
#513=ORIENTED_EDGE('',*,*,#575,.T.);
#514=ORIENTED_EDGE('',*,*,#756,.F.);
#515=ORIENTED_EDGE('',*,*,#757,.F.);
#516=ORIENTED_EDGE('',*,*,#753,.T.);
#517=ORIENTED_EDGE('',*,*,#574,.F.);
#518=ORIENTED_EDGE('',*,*,#752,.F.);
#519=ORIENTED_EDGE('',*,*,#758,.T.);
#520=ORIENTED_EDGE('',*,*,#744,.T.);
#521=ORIENTED_EDGE('',*,*,#583,.T.);
#522=ORIENTED_EDGE('',*,*,#749,.F.);
#523=ORIENTED_EDGE('',*,*,#759,.F.);
#524=ORIENTED_EDGE('',*,*,#756,.T.);
#525=ORIENTED_EDGE('',*,*,#758,.F.);
#526=ORIENTED_EDGE('',*,*,#751,.F.);
#527=ORIENTED_EDGE('',*,*,#755,.T.);
#528=ORIENTED_EDGE('',*,*,#745,.T.);
#529=ORIENTED_EDGE('',*,*,#757,.T.);
#530=ORIENTED_EDGE('',*,*,#759,.T.);
#531=ORIENTED_EDGE('',*,*,#748,.F.);
#532=ORIENTED_EDGE('',*,*,#754,.F.);
#533=ORIENTED_EDGE('',*,*,#594,.T.);
#534=ORIENTED_EDGE('',*,*,#760,.T.);
#535=ORIENTED_EDGE('',*,*,#585,.F.);
#536=ORIENTED_EDGE('',*,*,#761,.F.);
#537=ORIENTED_EDGE('',*,*,#761,.T.);
#538=ORIENTED_EDGE('',*,*,#588,.T.);
#539=ORIENTED_EDGE('',*,*,#762,.F.);
#540=ORIENTED_EDGE('',*,*,#595,.F.);
#541=ORIENTED_EDGE('',*,*,#762,.T.);
#542=ORIENTED_EDGE('',*,*,#587,.T.);
#543=ORIENTED_EDGE('',*,*,#763,.F.);
#544=ORIENTED_EDGE('',*,*,#596,.F.);
#545=ORIENTED_EDGE('',*,*,#593,.T.);
#546=ORIENTED_EDGE('',*,*,#763,.T.);
#547=ORIENTED_EDGE('',*,*,#586,.F.);
#548=ORIENTED_EDGE('',*,*,#760,.F.);
#549=EDGE_CURVE('',#764,#765,#920,.T.);
#550=EDGE_CURVE('',#766,#765,#921,.T.);
#551=EDGE_CURVE('',#766,#767,#50,.T.);
#552=EDGE_CURVE('',#767,#768,#922,.T.);
#553=EDGE_CURVE('',#769,#768,#923,.T.);
#554=EDGE_CURVE('',#770,#769,#924,.T.);
#555=EDGE_CURVE('',#771,#770,#51,.T.);
#556=EDGE_CURVE('',#771,#764,#925,.T.);
#557=EDGE_CURVE('',#772,#773,#926,.T.);
#558=EDGE_CURVE('',#774,#772,#927,.T.);
#559=EDGE_CURVE('',#774,#775,#52,.T.);
#560=EDGE_CURVE('',#775,#776,#928,.T.);
#561=EDGE_CURVE('',#776,#777,#929,.T.);
#562=EDGE_CURVE('',#778,#777,#930,.T.);
#563=EDGE_CURVE('',#779,#778,#53,.T.);
#564=EDGE_CURVE('',#779,#773,#931,.T.);
#565=EDGE_CURVE('',#773,#765,#932,.T.);
#566=EDGE_CURVE('',#779,#766,#933,.T.);
#567=EDGE_CURVE('',#772,#764,#934,.T.);
#568=EDGE_CURVE('',#774,#771,#935,.T.);
#569=EDGE_CURVE('',#777,#768,#936,.T.);
#570=EDGE_CURVE('',#778,#767,#937,.T.);
#571=EDGE_CURVE('',#776,#769,#938,.T.);
#572=EDGE_CURVE('',#775,#770,#939,.T.);
#573=EDGE_CURVE('',#780,#781,#940,.T.);
#574=EDGE_CURVE('',#781,#782,#941,.T.);
#575=EDGE_CURVE('',#783,#782,#942,.T.);
#576=EDGE_CURVE('',#780,#783,#943,.T.);
#577=EDGE_CURVE('',#784,#785,#944,.T.);
#578=EDGE_CURVE('',#785,#786,#945,.F.);
#579=EDGE_CURVE('',#787,#786,#946,.T.);
#580=EDGE_CURVE('',#787,#784,#947,.T.);
#581=EDGE_CURVE('',#788,#789,#948,.T.);
#582=EDGE_CURVE('',#789,#790,#949,.T.);
#583=EDGE_CURVE('',#791,#790,#950,.T.);
#584=EDGE_CURVE('',#788,#791,#951,.T.);
#585=EDGE_CURVE('',#792,#793,#952,.T.);
#586=EDGE_CURVE('',#793,#794,#953,.T.);
#587=EDGE_CURVE('',#795,#794,#954,.T.);
#588=EDGE_CURVE('',#792,#795,#955,.T.);
#589=EDGE_CURVE('',#796,#797,#956,.T.);
#590=EDGE_CURVE('',#797,#798,#957,.T.);
#591=EDGE_CURVE('',#799,#798,#958,.T.);
#592=EDGE_CURVE('',#799,#796,#959,.F.);
#593=EDGE_CURVE('',#800,#801,#960,.T.);
#594=EDGE_CURVE('',#802,#800,#961,.T.);
#595=EDGE_CURVE('',#802,#803,#962,.T.);
#596=EDGE_CURVE('',#803,#801,#963,.T.);
#597=EDGE_CURVE('',#804,#805,#13,.F.);
#598=EDGE_CURVE('',#806,#804,#964,.F.);
#599=EDGE_CURVE('',#806,#807,#965,.F.);
#600=EDGE_CURVE('',#808,#807,#966,.F.);
#601=EDGE_CURVE('',#808,#805,#967,.F.);
#602=EDGE_CURVE('',#809,#809,#54,.T.);
#603=EDGE_CURVE('',#810,#810,#55,.T.);
#604=EDGE_CURVE('',#804,#811,#968,.T.);
#605=EDGE_CURVE('',#811,#812,#969,.T.);
#606=EDGE_CURVE('',#812,#813,#970,.F.);
#607=EDGE_CURVE('',#814,#813,#971,.T.);
#608=EDGE_CURVE('',#814,#815,#56,.T.);
#609=EDGE_CURVE('',#815,#816,#972,.F.);
#610=EDGE_CURVE('',#816,#817,#57,.T.);
#611=EDGE_CURVE('',#817,#818,#973,.T.);
#612=EDGE_CURVE('',#818,#819,#58,.F.);
#613=EDGE_CURVE('',#819,#820,#974,.T.);
#614=EDGE_CURVE('',#820,#821,#59,.F.);
#615=EDGE_CURVE('',#821,#822,#975,.T.);
#616=EDGE_CURVE('',#822,#806,#60,.T.);
#617=EDGE_CURVE('',#805,#823,#12,.T.);
#618=EDGE_CURVE('',#824,#808,#61,.F.);
#619=EDGE_CURVE('',#823,#824,#976,.F.);
#620=EDGE_CURVE('',#825,#826,#977,.T.);
#621=EDGE_CURVE('',#825,#827,#14,.F.);
#622=EDGE_CURVE('',#827,#828,#978,.T.);
#623=EDGE_CURVE('',#786,#828,#62,.T.);
#624=EDGE_CURVE('',#826,#785,#63,.F.);
#625=EDGE_CURVE('',#824,#829,#979,.T.);
#626=EDGE_CURVE('',#829,#814,#980,.F.);
#627=EDGE_CURVE('',#813,#787,#64,.T.);
#628=EDGE_CURVE('',#830,#828,#981,.T.);
#629=EDGE_CURVE('',#830,#831,#982,.T.);
#630=EDGE_CURVE('',#832,#831,#983,.T.);
#631=EDGE_CURVE('',#832,#833,#984,.T.);
#632=EDGE_CURVE('',#833,#797,#65,.T.);
#633=EDGE_CURVE('',#796,#823,#66,.T.);
#634=EDGE_CURVE('',#834,#834,#67,.T.);
#635=EDGE_CURVE('',#835,#835,#68,.T.);
#636=EDGE_CURVE('',#836,#836,#69,.T.);
#637=EDGE_CURVE('',#837,#837,#70,.T.);
#638=EDGE_CURVE('',#838,#838,#71,.T.);
#639=EDGE_CURVE('',#839,#839,#72,.T.);
#640=EDGE_CURVE('',#840,#840,#73,.T.);
#641=EDGE_CURVE('',#841,#841,#74,.T.);
#642=EDGE_CURVE('',#842,#842,#75,.T.);
#643=EDGE_CURVE('',#843,#843,#76,.T.);
#644=EDGE_CURVE('',#844,#844,#77,.T.);
#645=EDGE_CURVE('',#845,#845,#78,.T.);
#646=EDGE_CURVE('',#846,#847,#985,.T.);
#647=EDGE_CURVE('',#848,#847,#986,.T.);
#648=EDGE_CURVE('',#849,#848,#987,.T.);
#649=EDGE_CURVE('',#849,#846,#988,.T.);
#650=EDGE_CURVE('',#850,#850,#79,.T.);
#651=EDGE_CURVE('',#851,#851,#80,.T.);
#652=EDGE_CURVE('',#852,#852,#81,.T.);
#653=EDGE_CURVE('',#853,#853,#82,.T.);
#654=EDGE_CURVE('',#854,#854,#83,.T.);
#655=EDGE_CURVE('',#855,#855,#84,.T.);
#656=EDGE_CURVE('',#856,#857,#989,.T.);
#657=EDGE_CURVE('',#856,#858,#990,.F.);
#658=EDGE_CURVE('',#858,#859,#991,.T.);
#659=EDGE_CURVE('',#859,#857,#992,.T.);
#660=EDGE_CURVE('',#847,#860,#993,.T.);
#661=EDGE_CURVE('',#861,#860,#994,.T.);
#662=EDGE_CURVE('',#848,#861,#995,.T.);
#663=EDGE_CURVE('',#862,#846,#996,.T.);
#664=EDGE_CURVE('',#863,#849,#997,.T.);
#665=EDGE_CURVE('',#863,#862,#998,.T.);
#666=EDGE_CURVE('',#864,#865,#999,.T.);
#667=EDGE_CURVE('',#860,#864,#1000,.T.);
#668=EDGE_CURVE('',#866,#862,#1001,.T.);
#669=EDGE_CURVE('',#867,#866,#1002,.T.);
#670=EDGE_CURVE('',#865,#867,#1003,.T.);
#671=EDGE_CURVE('',#868,#859,#85,.T.);
#672=EDGE_CURVE('',#869,#868,#1004,.F.);
#673=EDGE_CURVE('',#857,#869,#86,.F.);
#674=EDGE_CURVE('',#870,#871,#1005,.T.);
#675=EDGE_CURVE('',#871,#856,#87,.F.);
#676=EDGE_CURVE('',#872,#869,#1006,.T.);
#677=EDGE_CURVE('',#872,#873,#1007,.T.);
#678=EDGE_CURVE('',#873,#863,#1008,.T.);
#679=EDGE_CURVE('',#861,#874,#1009,.T.);
#680=EDGE_CURVE('',#874,#870,#1010,.T.);
#681=EDGE_CURVE('',#858,#875,#88,.T.);
#682=EDGE_CURVE('',#875,#871,#1011,.T.);
#683=EDGE_CURVE('',#876,#875,#1012,.T.);
#684=EDGE_CURVE('',#876,#877,#1013,.T.);
#685=EDGE_CURVE('',#877,#868,#1014,.T.);
#686=EDGE_CURVE('',#878,#876,#1015,.T.);
#687=EDGE_CURVE('',#879,#878,#1016,.T.);
#688=EDGE_CURVE('',#877,#879,#1017,.T.);
#689=EDGE_CURVE('',#879,#830,#1018,.T.);
#690=EDGE_CURVE('',#878,#831,#1019,.T.);
#691=EDGE_CURVE('',#870,#880,#1020,.T.);
#692=EDGE_CURVE('',#832,#880,#1021,.T.);
#693=EDGE_CURVE('',#827,#872,#1022,.T.);
#694=EDGE_CURVE('',#881,#874,#1023,.T.);
#695=EDGE_CURVE('',#882,#881,#1024,.T.);
#696=EDGE_CURVE('',#883,#882,#1025,.T.);
#697=EDGE_CURVE('',#884,#883,#1026,.T.);
#698=EDGE_CURVE('',#873,#884,#1027,.T.);
#699=EDGE_CURVE('',#880,#825,#1028,.T.);
#700=EDGE_CURVE('',#884,#866,#1029,.T.);
#701=EDGE_CURVE('',#881,#864,#1030,.T.);
#702=EDGE_CURVE('',#882,#865,#1031,.T.);
#703=EDGE_CURVE('',#883,#867,#1032,.T.);
#704=EDGE_CURVE('',#885,#885,#89,.T.);
#705=EDGE_CURVE('',#886,#886,#90,.T.);
#706=EDGE_CURVE('',#887,#887,#91,.T.);
#707=EDGE_CURVE('',#888,#888,#92,.T.);
#708=EDGE_CURVE('',#889,#889,#93,.T.);
#709=EDGE_CURVE('',#890,#890,#94,.T.);
#710=EDGE_CURVE('',#891,#891,#95,.T.);
#711=EDGE_CURVE('',#892,#892,#96,.T.);
#712=EDGE_CURVE('',#798,#893,#97,.F.);
#713=EDGE_CURVE('',#893,#826,#1033,.T.);
#714=EDGE_CURVE('',#784,#812,#98,.F.);
#715=EDGE_CURVE('',#811,#799,#99,.F.);
#716=EDGE_CURVE('',#893,#833,#1034,.F.);
#717=EDGE_CURVE('',#894,#894,#100,.T.);
#718=EDGE_CURVE('',#895,#895,#101,.T.);
#719=EDGE_CURVE('',#896,#896,#102,.T.);
#720=EDGE_CURVE('',#897,#897,#103,.T.);
#721=EDGE_CURVE('',#898,#898,#104,.T.);
#722=EDGE_CURVE('',#899,#899,#105,.T.);
#723=EDGE_CURVE('',#900,#900,#106,.T.);
#724=EDGE_CURVE('',#901,#901,#107,.T.);
#725=EDGE_CURVE('',#902,#902,#108,.T.);
#726=EDGE_CURVE('',#817,#903,#1035,.F.);
#727=EDGE_CURVE('',#903,#904,#1036,.T.);
#728=EDGE_CURVE('',#904,#818,#1037,.T.);
#729=EDGE_CURVE('',#905,#905,#109,.T.);
#730=EDGE_CURVE('',#906,#907,#1038,.T.);
#731=EDGE_CURVE('',#907,#820,#1039,.T.);
#732=EDGE_CURVE('',#819,#906,#1040,.F.);
#733=EDGE_CURVE('',#908,#909,#1041,.T.);
#734=EDGE_CURVE('',#909,#822,#1042,.F.);
#735=EDGE_CURVE('',#821,#908,#1043,.F.);
#736=EDGE_CURVE('',#908,#907,#110,.T.);
#737=EDGE_CURVE('',#906,#904,#111,.T.);
#738=EDGE_CURVE('',#903,#910,#112,.F.);
#739=EDGE_CURVE('',#910,#911,#1044,.F.);
#740=EDGE_CURVE('',#911,#829,#113,.F.);
#741=EDGE_CURVE('',#807,#909,#114,.F.);
#742=EDGE_CURVE('',#815,#911,#1045,.F.);
#743=EDGE_CURVE('',#910,#816,#1046,.F.);
#744=EDGE_CURVE('',#912,#791,#1047,.T.);
#745=EDGE_CURVE('',#913,#912,#1048,.T.);
#746=EDGE_CURVE('',#913,#788,#1049,.T.);
#747=EDGE_CURVE('',#914,#789,#1050,.T.);
#748=EDGE_CURVE('',#914,#915,#1051,.T.);
#749=EDGE_CURVE('',#915,#790,#1052,.T.);
#750=EDGE_CURVE('',#916,#780,#1053,.T.);
#751=EDGE_CURVE('',#916,#917,#1054,.T.);
#752=EDGE_CURVE('',#917,#781,#1055,.T.);
#753=EDGE_CURVE('',#918,#783,#1056,.T.);
#754=EDGE_CURVE('',#918,#914,#115,.T.);
#755=EDGE_CURVE('',#916,#913,#116,.T.);
#756=EDGE_CURVE('',#919,#782,#1057,.T.);
#757=EDGE_CURVE('',#918,#919,#1058,.T.);
#758=EDGE_CURVE('',#917,#912,#117,.T.);
#759=EDGE_CURVE('',#919,#915,#118,.T.);
#760=EDGE_CURVE('',#800,#793,#1059,.T.);
#761=EDGE_CURVE('',#802,#792,#1060,.T.);
#762=EDGE_CURVE('',#803,#795,#1061,.T.);
#763=EDGE_CURVE('',#801,#794,#1062,.T.);
#764=VERTEX_POINT('',#2301);
#765=VERTEX_POINT('',#2302);
#766=VERTEX_POINT('',#2304);
#767=VERTEX_POINT('',#2306);
#768=VERTEX_POINT('',#2308);
#769=VERTEX_POINT('',#2310);
#770=VERTEX_POINT('',#2312);
#771=VERTEX_POINT('',#2314);
#772=VERTEX_POINT('',#2318);
#773=VERTEX_POINT('',#2319);
#774=VERTEX_POINT('',#2321);
#775=VERTEX_POINT('',#2323);
#776=VERTEX_POINT('',#2325);
#777=VERTEX_POINT('',#2327);
#778=VERTEX_POINT('',#2329);
#779=VERTEX_POINT('',#2331);
#780=VERTEX_POINT('',#2349);
#781=VERTEX_POINT('',#2350);
#782=VERTEX_POINT('',#2352);
#783=VERTEX_POINT('',#2354);
#784=VERTEX_POINT('',#2357);
#785=VERTEX_POINT('',#2358);
#786=VERTEX_POINT('',#2360);
#787=VERTEX_POINT('',#2362);
#788=VERTEX_POINT('',#2365);
#789=VERTEX_POINT('',#2366);
#790=VERTEX_POINT('',#2368);
#791=VERTEX_POINT('',#2370);
#792=VERTEX_POINT('',#2373);
#793=VERTEX_POINT('',#2374);
#794=VERTEX_POINT('',#2376);
#795=VERTEX_POINT('',#2378);
#796=VERTEX_POINT('',#2382);
#797=VERTEX_POINT('',#2383);
#798=VERTEX_POINT('',#2385);
#799=VERTEX_POINT('',#2387);
#800=VERTEX_POINT('',#2390);
#801=VERTEX_POINT('',#2391);
#802=VERTEX_POINT('',#2393);
#803=VERTEX_POINT('',#2395);
#804=VERTEX_POINT('',#2399);
#805=VERTEX_POINT('',#2400);
#806=VERTEX_POINT('',#2402);
#807=VERTEX_POINT('',#2404);
#808=VERTEX_POINT('',#2406);
#809=VERTEX_POINT('',#2410);
#810=VERTEX_POINT('',#2412);
#811=VERTEX_POINT('',#2414);
#812=VERTEX_POINT('',#2416);
#813=VERTEX_POINT('',#2418);
#814=VERTEX_POINT('',#2420);
#815=VERTEX_POINT('',#2422);
#816=VERTEX_POINT('',#2424);
#817=VERTEX_POINT('',#2426);
#818=VERTEX_POINT('',#2428);
#819=VERTEX_POINT('',#2430);
#820=VERTEX_POINT('',#2432);
#821=VERTEX_POINT('',#2434);
#822=VERTEX_POINT('',#2436);
#823=VERTEX_POINT('',#2446);
#824=VERTEX_POINT('',#2448);
#825=VERTEX_POINT('',#2452);
#826=VERTEX_POINT('',#2453);
#827=VERTEX_POINT('',#2455);
#828=VERTEX_POINT('',#2457);
#829=VERTEX_POINT('',#2462);
#830=VERTEX_POINT('',#2466);
#831=VERTEX_POINT('',#2468);
#832=VERTEX_POINT('',#2470);
#833=VERTEX_POINT('',#2472);
#834=VERTEX_POINT('',#2477);
#835=VERTEX_POINT('',#2479);
#836=VERTEX_POINT('',#2482);
#837=VERTEX_POINT('',#2484);
#838=VERTEX_POINT('',#2487);
#839=VERTEX_POINT('',#2489);
#840=VERTEX_POINT('',#2492);
#841=VERTEX_POINT('',#2494);
#842=VERTEX_POINT('',#2497);
#843=VERTEX_POINT('',#2500);
#844=VERTEX_POINT('',#2503);
#845=VERTEX_POINT('',#2506);
#846=VERTEX_POINT('',#2509);
#847=VERTEX_POINT('',#2510);
#848=VERTEX_POINT('',#2512);
#849=VERTEX_POINT('',#2514);
#850=VERTEX_POINT('',#2518);
#851=VERTEX_POINT('',#2520);
#852=VERTEX_POINT('',#2523);
#853=VERTEX_POINT('',#2526);
#854=VERTEX_POINT('',#2529);
#855=VERTEX_POINT('',#2532);
#856=VERTEX_POINT('',#2535);
#857=VERTEX_POINT('',#2536);
#858=VERTEX_POINT('',#2538);
#859=VERTEX_POINT('',#2540);
#860=VERTEX_POINT('',#2544);
#861=VERTEX_POINT('',#2546);
#862=VERTEX_POINT('',#2550);
#863=VERTEX_POINT('',#2552);
#864=VERTEX_POINT('',#2556);
#865=VERTEX_POINT('',#2557);
#866=VERTEX_POINT('',#2560);
#867=VERTEX_POINT('',#2562);
#868=VERTEX_POINT('',#2566);
#869=VERTEX_POINT('',#2568);
#870=VERTEX_POINT('',#2572);
#871=VERTEX_POINT('',#2573);
#872=VERTEX_POINT('',#2576);
#873=VERTEX_POINT('',#2578);
#874=VERTEX_POINT('',#2581);
#875=VERTEX_POINT('',#2585);
#876=VERTEX_POINT('',#2589);
#877=VERTEX_POINT('',#2591);
#878=VERTEX_POINT('',#2595);
#879=VERTEX_POINT('',#2597);
#880=VERTEX_POINT('',#2604);
#881=VERTEX_POINT('',#2610);
#882=VERTEX_POINT('',#2612);
#883=VERTEX_POINT('',#2614);
#884=VERTEX_POINT('',#2616);
#885=VERTEX_POINT('',#2630);
#886=VERTEX_POINT('',#2632);
#887=VERTEX_POINT('',#2634);
#888=VERTEX_POINT('',#2636);
#889=VERTEX_POINT('',#2638);
#890=VERTEX_POINT('',#2640);
#891=VERTEX_POINT('',#2642);
#892=VERTEX_POINT('',#2644);
#893=VERTEX_POINT('',#2646);
#894=VERTEX_POINT('',#2657);
#895=VERTEX_POINT('',#2661);
#896=VERTEX_POINT('',#2665);
#897=VERTEX_POINT('',#2669);
#898=VERTEX_POINT('',#2673);
#899=VERTEX_POINT('',#2677);
#900=VERTEX_POINT('',#2681);
#901=VERTEX_POINT('',#2685);
#902=VERTEX_POINT('',#2689);
#903=VERTEX_POINT('',#2692);
#904=VERTEX_POINT('',#2694);
#905=VERTEX_POINT('',#2698);
#906=VERTEX_POINT('',#2701);
#907=VERTEX_POINT('',#2702);
#908=VERTEX_POINT('',#2707);
#909=VERTEX_POINT('',#2708);
#910=VERTEX_POINT('',#2717);
#911=VERTEX_POINT('',#2719);
#912=VERTEX_POINT('',#2732);
#913=VERTEX_POINT('',#2734);
#914=VERTEX_POINT('',#2738);
#915=VERTEX_POINT('',#2740);
#916=VERTEX_POINT('',#2744);
#917=VERTEX_POINT('',#2746);
#918=VERTEX_POINT('',#2750);
#919=VERTEX_POINT('',#2755);
#920=LINE('',#2300,#1063);
#921=LINE('',#2303,#1064);
#922=LINE('',#2307,#1065);
#923=LINE('',#2309,#1066);
#924=LINE('',#2311,#1067);
#925=LINE('',#2315,#1068);
#926=LINE('',#2317,#1069);
#927=LINE('',#2320,#1070);
#928=LINE('',#2324,#1071);
#929=LINE('',#2326,#1072);
#930=LINE('',#2328,#1073);
#931=LINE('',#2332,#1074);
#932=LINE('',#2334,#1075);
#933=LINE('',#2335,#1076);
#934=LINE('',#2337,#1077);
#935=LINE('',#2338,#1078);
#936=LINE('',#2340,#1079);
#937=LINE('',#2341,#1080);
#938=LINE('',#2343,#1081);
#939=LINE('',#2344,#1082);
#940=LINE('',#2348,#1083);
#941=LINE('',#2351,#1084);
#942=LINE('',#2353,#1085);
#943=LINE('',#2355,#1086);
#944=LINE('',#2356,#1087);
#945=LINE('',#2359,#1088);
#946=LINE('',#2361,#1089);
#947=LINE('',#2363,#1090);
#948=LINE('',#2364,#1091);
#949=LINE('',#2367,#1092);
#950=LINE('',#2369,#1093);
#951=LINE('',#2371,#1094);
#952=LINE('',#2372,#1095);
#953=LINE('',#2375,#1096);
#954=LINE('',#2377,#1097);
#955=LINE('',#2379,#1098);
#956=LINE('',#2381,#1099);
#957=LINE('',#2384,#1100);
#958=LINE('',#2386,#1101);
#959=LINE('',#2388,#1102);
#960=LINE('',#2389,#1103);
#961=LINE('',#2392,#1104);
#962=LINE('',#2394,#1105);
#963=LINE('',#2396,#1106);
#964=LINE('',#2401,#1107);
#965=LINE('',#2403,#1108);
#966=LINE('',#2405,#1109);
#967=LINE('',#2407,#1110);
#968=LINE('',#2413,#1111);
#969=LINE('',#2415,#1112);
#970=LINE('',#2417,#1113);
#971=LINE('',#2419,#1114);
#972=LINE('',#2423,#1115);
#973=LINE('',#2427,#1116);
#974=LINE('',#2431,#1117);
#975=LINE('',#2435,#1118);
#976=LINE('',#2449,#1119);
#977=LINE('',#2451,#1120);
#978=LINE('',#2456,#1121);
#979=LINE('',#2461,#1122);
#980=LINE('',#2463,#1123);
#981=LINE('',#2465,#1124);
#982=LINE('',#2467,#1125);
#983=LINE('',#2469,#1126);
#984=LINE('',#2471,#1127);
#985=LINE('',#2508,#1128);
#986=LINE('',#2511,#1129);
#987=LINE('',#2513,#1130);
#988=LINE('',#2515,#1131);
#989=LINE('',#2534,#1132);
#990=LINE('',#2537,#1133);
#991=LINE('',#2539,#1134);
#992=LINE('',#2541,#1135);
#993=LINE('',#2543,#1136);
#994=LINE('',#2545,#1137);
#995=LINE('',#2547,#1138);
#996=LINE('',#2549,#1139);
#997=LINE('',#2551,#1140);
#998=LINE('',#2553,#1141);
#999=LINE('',#2555,#1142);
#1000=LINE('',#2558,#1143);
#1001=LINE('',#2559,#1144);
#1002=LINE('',#2561,#1145);
#1003=LINE('',#2563,#1146);
#1004=LINE('',#2567,#1147);
#1005=LINE('',#2571,#1148);
#1006=LINE('',#2575,#1149);
#1007=LINE('',#2577,#1150);
#1008=LINE('',#2579,#1151);
#1009=LINE('',#2580,#1152);
#1010=LINE('',#2582,#1153);
#1011=LINE('',#2586,#1154);
#1012=LINE('',#2588,#1155);
#1013=LINE('',#2590,#1156);
#1014=LINE('',#2592,#1157);
#1015=LINE('',#2594,#1158);
#1016=LINE('',#2596,#1159);
#1017=LINE('',#2598,#1160);
#1018=LINE('',#2600,#1161);
#1019=LINE('',#2601,#1162);
#1020=LINE('',#2603,#1163);
#1021=LINE('',#2605,#1164);
#1022=LINE('',#2607,#1165);
#1023=LINE('',#2609,#1166);
#1024=LINE('',#2611,#1167);
#1025=LINE('',#2613,#1168);
#1026=LINE('',#2615,#1169);
#1027=LINE('',#2617,#1170);
#1028=LINE('',#2618,#1171);
#1029=LINE('',#2620,#1172);
#1030=LINE('',#2622,#1173);
#1031=LINE('',#2624,#1174);
#1032=LINE('',#2626,#1175);
#1033=LINE('',#2647,#1176);
#1034=LINE('',#2651,#1177);
#1035=LINE('',#2691,#1178);
#1036=LINE('',#2693,#1179);
#1037=LINE('',#2695,#1180);
#1038=LINE('',#2700,#1181);
#1039=LINE('',#2703,#1182);
#1040=LINE('',#2704,#1183);
#1041=LINE('',#2706,#1184);
#1042=LINE('',#2709,#1185);
#1043=LINE('',#2710,#1186);
#1044=LINE('',#2718,#1187);
#1045=LINE('',#2723,#1188);
#1046=LINE('',#2724,#1189);
#1047=LINE('',#2731,#1190);
#1048=LINE('',#2733,#1191);
#1049=LINE('',#2735,#1192);
#1050=LINE('',#2737,#1193);
#1051=LINE('',#2739,#1194);
#1052=LINE('',#2741,#1195);
#1053=LINE('',#2743,#1196);
#1054=LINE('',#2745,#1197);
#1055=LINE('',#2747,#1198);
#1056=LINE('',#2749,#1199);
#1057=LINE('',#2754,#1200);
#1058=LINE('',#2756,#1201);
#1059=LINE('',#2763,#1202);
#1060=LINE('',#2764,#1203);
#1061=LINE('',#2766,#1204);
#1062=LINE('',#2768,#1205);
#1063=VECTOR('',#1827,1.);
#1064=VECTOR('',#1828,1.);
#1065=VECTOR('',#1831,1.);
#1066=VECTOR('',#1832,1.);
#1067=VECTOR('',#1833,1.);
#1068=VECTOR('',#1836,1.);
#1069=VECTOR('',#1839,1.);
#1070=VECTOR('',#1840,1.);
#1071=VECTOR('',#1843,1.);
#1072=VECTOR('',#1844,1.);
#1073=VECTOR('',#1845,1.);
#1074=VECTOR('',#1848,1.);
#1075=VECTOR('',#1851,1.);
#1076=VECTOR('',#1852,1.);
#1077=VECTOR('',#1855,1.);
#1078=VECTOR('',#1856,1.);
#1079=VECTOR('',#1859,1.);
#1080=VECTOR('',#1860,1.);
#1081=VECTOR('',#1863,1.);
#1082=VECTOR('',#1864,1.);
#1083=VECTOR('',#1871,1.);
#1084=VECTOR('',#1872,1.);
#1085=VECTOR('',#1873,1.);
#1086=VECTOR('',#1874,1.);
#1087=VECTOR('',#1875,1.);
#1088=VECTOR('',#1876,1.);
#1089=VECTOR('',#1877,1.);
#1090=VECTOR('',#1878,1.);
#1091=VECTOR('',#1879,1.);
#1092=VECTOR('',#1880,1.);
#1093=VECTOR('',#1881,1.);
#1094=VECTOR('',#1882,1.);
#1095=VECTOR('',#1883,1.);
#1096=VECTOR('',#1884,1.);
#1097=VECTOR('',#1885,1.);
#1098=VECTOR('',#1886,1.);
#1099=VECTOR('',#1889,1.);
#1100=VECTOR('',#1890,1.);
#1101=VECTOR('',#1891,1.);
#1102=VECTOR('',#1892,1.);
#1103=VECTOR('',#1893,1.);
#1104=VECTOR('',#1894,1.);
#1105=VECTOR('',#1895,1.);
#1106=VECTOR('',#1896,1.);
#1107=VECTOR('',#1901,1.);
#1108=VECTOR('',#1902,1.);
#1109=VECTOR('',#1903,1.);
#1110=VECTOR('',#1904,1.);
#1111=VECTOR('',#1911,1.);
#1112=VECTOR('',#1912,1.);
#1113=VECTOR('',#1913,1.);
#1114=VECTOR('',#1914,1.);
#1115=VECTOR('',#1917,1.);
#1116=VECTOR('',#1920,1.);
#1117=VECTOR('',#1923,1.);
#1118=VECTOR('',#1926,1.);
#1119=VECTOR('',#1933,1.);
#1120=VECTOR('',#1936,1.);
#1121=VECTOR('',#1939,1.);
#1122=VECTOR('',#1946,1.);
#1123=VECTOR('',#1947,1.);
#1124=VECTOR('',#1950,1.);
#1125=VECTOR('',#1951,1.);
#1126=VECTOR('',#1952,1.);
#1127=VECTOR('',#1953,1.);
#1128=VECTOR('',#2000,1.);
#1129=VECTOR('',#2001,1.);
#1130=VECTOR('',#2002,1.);
#1131=VECTOR('',#2003,1.);
#1132=VECTOR('',#2028,1.);
#1133=VECTOR('',#2029,1.);
#1134=VECTOR('',#2030,1.);
#1135=VECTOR('',#2031,1.);
#1136=VECTOR('',#2034,1.);
#1137=VECTOR('',#2035,1.);
#1138=VECTOR('',#2036,1.);
#1139=VECTOR('',#2039,1.);
#1140=VECTOR('',#2040,1.);
#1141=VECTOR('',#2041,1.);
#1142=VECTOR('',#2044,1.);
#1143=VECTOR('',#2045,1.);
#1144=VECTOR('',#2046,1.);
#1145=VECTOR('',#2047,1.);
#1146=VECTOR('',#2048,1.);
#1147=VECTOR('',#2053,1.);
#1148=VECTOR('',#2058,1.);
#1149=VECTOR('',#2061,1.);
#1150=VECTOR('',#2062,1.);
#1151=VECTOR('',#2063,1.);
#1152=VECTOR('',#2064,1.);
#1153=VECTOR('',#2065,1.);
#1154=VECTOR('',#2070,1.);
#1155=VECTOR('',#2073,1.);
#1156=VECTOR('',#2074,1.);
#1157=VECTOR('',#2075,1.);
#1158=VECTOR('',#2078,1.);
#1159=VECTOR('',#2079,1.);
#1160=VECTOR('',#2080,1.);
#1161=VECTOR('',#2083,1.);
#1162=VECTOR('',#2084,1.);
#1163=VECTOR('',#2087,1.);
#1164=VECTOR('',#2088,1.);
#1165=VECTOR('',#2091,1.);
#1166=VECTOR('',#2094,1.);
#1167=VECTOR('',#2095,1.);
#1168=VECTOR('',#2096,1.);
#1169=VECTOR('',#2097,1.);
#1170=VECTOR('',#2098,1.);
#1171=VECTOR('',#2099,1.);
#1172=VECTOR('',#2102,1.);
#1173=VECTOR('',#2105,1.);
#1174=VECTOR('',#2108,1.);
#1175=VECTOR('',#2111,1.);
#1176=VECTOR('',#2134,1.);
#1177=VECTOR('',#2141,1.);
#1178=VECTOR('',#2202,1.);
#1179=VECTOR('',#2203,1.);
#1180=VECTOR('',#2204,1.);
#1181=VECTOR('',#2211,1.);
#1182=VECTOR('',#2212,1.);
#1183=VECTOR('',#2213,1.);
#1184=VECTOR('',#2216,1.);
#1185=VECTOR('',#2217,1.);
#1186=VECTOR('',#2218,1.);
#1187=VECTOR('',#2231,1.);
#1188=VECTOR('',#2238,1.);
#1189=VECTOR('',#2239,1.);
#1190=VECTOR('',#2252,1.);
#1191=VECTOR('',#2253,1.);
#1192=VECTOR('',#2254,1.);
#1193=VECTOR('',#2257,1.);
#1194=VECTOR('',#2258,1.);
#1195=VECTOR('',#2259,1.);
#1196=VECTOR('',#2262,1.);
#1197=VECTOR('',#2263,1.);
#1198=VECTOR('',#2264,1.);
#1199=VECTOR('',#2267,1.);
#1200=VECTOR('',#2274,1.);
#1201=VECTOR('',#2275,1.);
#1202=VECTOR('',#2288,1.);
#1203=VECTOR('',#2289,1.);
#1204=VECTOR('',#2292,1.);
#1205=VECTOR('',#2295,1.);
#1206=EDGE_LOOP('',(#119,#120,#121,#122,#123,#124,#125,#126));
#1207=EDGE_LOOP('',(#127,#128,#129,#130,#131,#132,#133,#134));
#1208=EDGE_LOOP('',(#135,#136,#137,#138));
#1209=EDGE_LOOP('',(#139,#140,#141,#142));
#1210=EDGE_LOOP('',(#143,#144,#145,#146));
#1211=EDGE_LOOP('',(#147,#148,#149,#150));
#1212=EDGE_LOOP('',(#151,#152,#153,#154));
#1213=EDGE_LOOP('',(#155,#156,#157,#158));
#1214=EDGE_LOOP('',(#159,#160,#161,#162));
#1215=EDGE_LOOP('',(#163,#164,#165,#166));
#1216=EDGE_LOOP('',(#167,#168,#169,#170));
#1217=EDGE_LOOP('',(#171,#172,#173,#174));
#1218=EDGE_LOOP('',(#175,#176,#177,#178));
#1219=EDGE_LOOP('',(#179,#180,#181,#182));
#1220=EDGE_LOOP('',(#183,#184,#185,#186));
#1221=EDGE_LOOP('',(#187,#188,#189,#190));
#1222=EDGE_LOOP('',(#191,#192,#193,#194,#195));
#1223=EDGE_LOOP('',(#196));
#1224=EDGE_LOOP('',(#197));
#1225=EDGE_LOOP('',(#198,#199,#200,#201,#202,#203,#204,#205,#206,#207,#208,
#209,#210,#211));
#1226=EDGE_LOOP('',(#212,#213,#214,#215));
#1227=EDGE_LOOP('',(#216,#217,#218,#219,#220,#221));
#1228=EDGE_LOOP('',(#222,#223,#224,#225,#226,#227,#228,#229,#230,#231,#232,
#233,#234,#235));
#1229=EDGE_LOOP('',(#236));
#1230=EDGE_LOOP('',(#237));
#1231=EDGE_LOOP('',(#238));
#1232=EDGE_LOOP('',(#239));
#1233=EDGE_LOOP('',(#240));
#1234=EDGE_LOOP('',(#241));
#1235=EDGE_LOOP('',(#242));
#1236=EDGE_LOOP('',(#243));
#1237=EDGE_LOOP('',(#244));
#1238=EDGE_LOOP('',(#245));
#1239=EDGE_LOOP('',(#246));
#1240=EDGE_LOOP('',(#247));
#1241=EDGE_LOOP('',(#248));
#1242=EDGE_LOOP('',(#249));
#1243=EDGE_LOOP('',(#250));
#1244=EDGE_LOOP('',(#251));
#1245=EDGE_LOOP('',(#252,#253,#254,#255));
#1246=EDGE_LOOP('',(#256));
#1247=EDGE_LOOP('',(#257));
#1248=EDGE_LOOP('',(#258));
#1249=EDGE_LOOP('',(#259));
#1250=EDGE_LOOP('',(#260));
#1251=EDGE_LOOP('',(#261));
#1252=EDGE_LOOP('',(#262));
#1253=EDGE_LOOP('',(#263));
#1254=EDGE_LOOP('',(#264));
#1255=EDGE_LOOP('',(#265));
#1256=EDGE_LOOP('',(#266,#267,#268,#269));
#1257=EDGE_LOOP('',(#270,#271,#272,#273));
#1258=EDGE_LOOP('',(#274,#275,#276,#277));
#1259=EDGE_LOOP('',(#278));
#1260=EDGE_LOOP('',(#279,#280,#281,#282,#283,#284,#285,#286));
#1261=EDGE_LOOP('',(#287));
#1262=EDGE_LOOP('',(#288));
#1263=EDGE_LOOP('',(#289));
#1264=EDGE_LOOP('',(#290));
#1265=EDGE_LOOP('',(#291,#292,#293,#294));
#1266=EDGE_LOOP('',(#295,#296,#297,#298,#299,#300,#301,#302,#303,#304,#305,
#306));
#1267=EDGE_LOOP('',(#307,#308,#309,#310));
#1268=EDGE_LOOP('',(#311,#312,#313,#314,#315,#316));
#1269=EDGE_LOOP('',(#317));
#1270=EDGE_LOOP('',(#318));
#1271=EDGE_LOOP('',(#319));
#1272=EDGE_LOOP('',(#320));
#1273=EDGE_LOOP('',(#321));
#1274=EDGE_LOOP('',(#322,#323,#324,#325));
#1275=EDGE_LOOP('',(#326,#327,#328,#329));
#1276=EDGE_LOOP('',(#330,#331,#332,#333,#334,#335,#336,#337));
#1277=EDGE_LOOP('',(#338,#339,#340,#341,#342,#343,#344,#345));
#1278=EDGE_LOOP('',(#346,#347,#348,#349,#350,#351,#352,#353,#354,#355,#356));
#1279=EDGE_LOOP('',(#357,#358,#359,#360,#361));
#1280=EDGE_LOOP('',(#362,#363,#364,#365,#366));
#1281=EDGE_LOOP('',(#367,#368,#369,#370));
#1282=EDGE_LOOP('',(#371,#372,#373,#374));
#1283=EDGE_LOOP('',(#375,#376,#377,#378));
#1284=EDGE_LOOP('',(#379));
#1285=EDGE_LOOP('',(#380));
#1286=EDGE_LOOP('',(#381));
#1287=EDGE_LOOP('',(#382));
#1288=EDGE_LOOP('',(#383));
#1289=EDGE_LOOP('',(#384));
#1290=EDGE_LOOP('',(#385));
#1291=EDGE_LOOP('',(#386));
#1292=EDGE_LOOP('',(#387,#388,#389,#390,#391,#392,#393,#394));
#1293=EDGE_LOOP('',(#395,#396,#397,#398,#399,#400));
#1294=EDGE_LOOP('',(#401,#402,#403,#404));
#1295=EDGE_LOOP('',(#405,#406,#407,#408));
#1296=EDGE_LOOP('',(#409,#410,#411,#412,#413,#414));
#1297=EDGE_LOOP('',(#415));
#1298=EDGE_LOOP('',(#416));
#1299=EDGE_LOOP('',(#417));
#1300=EDGE_LOOP('',(#418));
#1301=EDGE_LOOP('',(#419));
#1302=EDGE_LOOP('',(#420));
#1303=EDGE_LOOP('',(#421));
#1304=EDGE_LOOP('',(#422));
#1305=EDGE_LOOP('',(#423));
#1306=EDGE_LOOP('',(#424));
#1307=EDGE_LOOP('',(#425));
#1308=EDGE_LOOP('',(#426));
#1309=EDGE_LOOP('',(#427));
#1310=EDGE_LOOP('',(#428));
#1311=EDGE_LOOP('',(#429));
#1312=EDGE_LOOP('',(#430));
#1313=EDGE_LOOP('',(#431));
#1314=EDGE_LOOP('',(#432));
#1315=EDGE_LOOP('',(#433));
#1316=EDGE_LOOP('',(#434));
#1317=EDGE_LOOP('',(#435));
#1318=EDGE_LOOP('',(#436));
#1319=EDGE_LOOP('',(#437));
#1320=EDGE_LOOP('',(#438));
#1321=EDGE_LOOP('',(#439));
#1322=EDGE_LOOP('',(#440));
#1323=EDGE_LOOP('',(#441,#442,#443,#444));
#1324=EDGE_LOOP('',(#445));
#1325=EDGE_LOOP('',(#446));
#1326=EDGE_LOOP('',(#447,#448,#449,#450));
#1327=EDGE_LOOP('',(#451,#452,#453,#454));
#1328=EDGE_LOOP('',(#455));
#1329=EDGE_LOOP('',(#456));
#1330=EDGE_LOOP('',(#457,#458,#459,#460,#461,#462,#463,#464,#465,#466,#467,
#468));
#1331=EDGE_LOOP('',(#469,#470,#471,#472));
#1332=EDGE_LOOP('',(#473,#474,#475,#476));
#1333=EDGE_LOOP('',(#477,#478,#479,#480));
#1334=EDGE_LOOP('',(#481,#482,#483,#484));
#1335=EDGE_LOOP('',(#485,#486,#487,#488));
#1336=EDGE_LOOP('',(#489,#490,#491,#492));
#1337=EDGE_LOOP('',(#493,#494,#495,#496));
#1338=EDGE_LOOP('',(#497,#498,#499,#500));
#1339=EDGE_LOOP('',(#501,#502,#503,#504));
#1340=EDGE_LOOP('',(#505,#506,#507,#508,#509,#510,#511,#512));
#1341=EDGE_LOOP('',(#513,#514,#515,#516));
#1342=EDGE_LOOP('',(#517,#518,#519,#520,#521,#522,#523,#524));
#1343=EDGE_LOOP('',(#525,#526,#527,#528));
#1344=EDGE_LOOP('',(#529,#530,#531,#532));
#1345=EDGE_LOOP('',(#533,#534,#535,#536));
#1346=EDGE_LOOP('',(#537,#538,#539,#540));
#1347=EDGE_LOOP('',(#541,#542,#543,#544));
#1348=EDGE_LOOP('',(#545,#546,#547,#548));
#1349=FACE_BOUND('',#1206,.T.);
#1350=FACE_BOUND('',#1207,.T.);
#1351=FACE_BOUND('',#1208,.T.);
#1352=FACE_BOUND('',#1209,.T.);
#1353=FACE_BOUND('',#1210,.T.);
#1354=FACE_BOUND('',#1211,.T.);
#1355=FACE_BOUND('',#1212,.T.);
#1356=FACE_BOUND('',#1213,.T.);
#1357=FACE_BOUND('',#1214,.T.);
#1358=FACE_BOUND('',#1215,.T.);
#1359=FACE_BOUND('',#1216,.T.);
#1360=FACE_BOUND('',#1217,.T.);
#1361=FACE_BOUND('',#1218,.T.);
#1362=FACE_BOUND('',#1219,.T.);
#1363=FACE_BOUND('',#1220,.T.);
#1364=FACE_BOUND('',#1221,.T.);
#1365=FACE_BOUND('',#1222,.T.);
#1366=FACE_BOUND('',#1223,.T.);
#1367=FACE_BOUND('',#1224,.T.);
#1368=FACE_BOUND('',#1225,.T.);
#1369=FACE_BOUND('',#1226,.T.);
#1370=FACE_BOUND('',#1227,.T.);
#1371=FACE_BOUND('',#1228,.T.);
#1372=FACE_BOUND('',#1229,.T.);
#1373=FACE_BOUND('',#1230,.T.);
#1374=FACE_BOUND('',#1231,.T.);
#1375=FACE_BOUND('',#1232,.T.);
#1376=FACE_BOUND('',#1233,.T.);
#1377=FACE_BOUND('',#1234,.T.);
#1378=FACE_BOUND('',#1235,.T.);
#1379=FACE_BOUND('',#1236,.T.);
#1380=FACE_BOUND('',#1237,.T.);
#1381=FACE_BOUND('',#1238,.T.);
#1382=FACE_BOUND('',#1239,.T.);
#1383=FACE_BOUND('',#1240,.T.);
#1384=FACE_BOUND('',#1241,.T.);
#1385=FACE_BOUND('',#1242,.T.);
#1386=FACE_BOUND('',#1243,.T.);
#1387=FACE_BOUND('',#1244,.T.);
#1388=FACE_BOUND('',#1245,.T.);
#1389=FACE_BOUND('',#1246,.T.);
#1390=FACE_BOUND('',#1247,.T.);
#1391=FACE_BOUND('',#1248,.T.);
#1392=FACE_BOUND('',#1249,.T.);
#1393=FACE_BOUND('',#1250,.T.);
#1394=FACE_BOUND('',#1251,.T.);
#1395=FACE_BOUND('',#1252,.T.);
#1396=FACE_BOUND('',#1253,.T.);
#1397=FACE_BOUND('',#1254,.T.);
#1398=FACE_BOUND('',#1255,.T.);
#1399=FACE_BOUND('',#1256,.T.);
#1400=FACE_BOUND('',#1257,.T.);
#1401=FACE_BOUND('',#1258,.T.);
#1402=FACE_BOUND('',#1259,.T.);
#1403=FACE_BOUND('',#1260,.T.);
#1404=FACE_BOUND('',#1261,.T.);
#1405=FACE_BOUND('',#1262,.T.);
#1406=FACE_BOUND('',#1263,.T.);
#1407=FACE_BOUND('',#1264,.T.);
#1408=FACE_BOUND('',#1265,.T.);
#1409=FACE_BOUND('',#1266,.T.);
#1410=FACE_BOUND('',#1267,.T.);
#1411=FACE_BOUND('',#1268,.T.);
#1412=FACE_BOUND('',#1269,.T.);
#1413=FACE_BOUND('',#1270,.T.);
#1414=FACE_BOUND('',#1271,.T.);
#1415=FACE_BOUND('',#1272,.T.);
#1416=FACE_BOUND('',#1273,.T.);
#1417=FACE_BOUND('',#1274,.T.);
#1418=FACE_BOUND('',#1275,.T.);
#1419=FACE_BOUND('',#1276,.T.);
#1420=FACE_BOUND('',#1277,.T.);
#1421=FACE_BOUND('',#1278,.T.);
#1422=FACE_BOUND('',#1279,.T.);
#1423=FACE_BOUND('',#1280,.T.);
#1424=FACE_BOUND('',#1281,.T.);
#1425=FACE_BOUND('',#1282,.T.);
#1426=FACE_BOUND('',#1283,.T.);
#1427=FACE_BOUND('',#1284,.T.);
#1428=FACE_BOUND('',#1285,.T.);
#1429=FACE_BOUND('',#1286,.T.);
#1430=FACE_BOUND('',#1287,.T.);
#1431=FACE_BOUND('',#1288,.T.);
#1432=FACE_BOUND('',#1289,.T.);
#1433=FACE_BOUND('',#1290,.T.);
#1434=FACE_BOUND('',#1291,.T.);
#1435=FACE_BOUND('',#1292,.T.);
#1436=FACE_BOUND('',#1293,.T.);
#1437=FACE_BOUND('',#1294,.T.);
#1438=FACE_BOUND('',#1295,.T.);
#1439=FACE_BOUND('',#1296,.T.);
#1440=FACE_BOUND('',#1297,.T.);
#1441=FACE_BOUND('',#1298,.T.);
#1442=FACE_BOUND('',#1299,.T.);
#1443=FACE_BOUND('',#1300,.T.);
#1444=FACE_BOUND('',#1301,.T.);
#1445=FACE_BOUND('',#1302,.T.);
#1446=FACE_BOUND('',#1303,.T.);
#1447=FACE_BOUND('',#1304,.T.);
#1448=FACE_BOUND('',#1305,.T.);
#1449=FACE_BOUND('',#1306,.T.);
#1450=FACE_BOUND('',#1307,.T.);
#1451=FACE_BOUND('',#1308,.T.);
#1452=FACE_BOUND('',#1309,.T.);
#1453=FACE_BOUND('',#1310,.T.);
#1454=FACE_BOUND('',#1311,.T.);
#1455=FACE_BOUND('',#1312,.T.);
#1456=FACE_BOUND('',#1313,.T.);
#1457=FACE_BOUND('',#1314,.T.);
#1458=FACE_BOUND('',#1315,.T.);
#1459=FACE_BOUND('',#1316,.T.);
#1460=FACE_BOUND('',#1317,.T.);
#1461=FACE_BOUND('',#1318,.T.);
#1462=FACE_BOUND('',#1319,.T.);
#1463=FACE_BOUND('',#1320,.T.);
#1464=FACE_BOUND('',#1321,.T.);
#1465=FACE_BOUND('',#1322,.T.);
#1466=FACE_BOUND('',#1323,.T.);
#1467=FACE_BOUND('',#1324,.T.);
#1468=FACE_BOUND('',#1325,.T.);
#1469=FACE_BOUND('',#1326,.T.);
#1470=FACE_BOUND('',#1327,.T.);
#1471=FACE_BOUND('',#1328,.T.);
#1472=FACE_BOUND('',#1329,.T.);
#1473=FACE_BOUND('',#1330,.T.);
#1474=FACE_BOUND('',#1331,.T.);
#1475=FACE_BOUND('',#1332,.T.);
#1476=FACE_BOUND('',#1333,.T.);
#1477=FACE_BOUND('',#1334,.T.);
#1478=FACE_BOUND('',#1335,.T.);
#1479=FACE_BOUND('',#1336,.T.);
#1480=FACE_BOUND('',#1337,.T.);
#1481=FACE_BOUND('',#1338,.T.);
#1482=FACE_BOUND('',#1339,.T.);
#1483=FACE_BOUND('',#1340,.T.);
#1484=FACE_BOUND('',#1341,.T.);
#1485=FACE_BOUND('',#1342,.T.);
#1486=FACE_BOUND('',#1343,.T.);
#1487=FACE_BOUND('',#1344,.T.);
#1488=FACE_BOUND('',#1345,.T.);
#1489=FACE_BOUND('',#1346,.T.);
#1490=FACE_BOUND('',#1347,.T.);
#1491=FACE_BOUND('',#1348,.T.);
#1492=PLANE('',#1658);
#1493=PLANE('',#1661);
#1494=PLANE('',#1664);
#1495=PLANE('',#1665);
#1496=PLANE('',#1666);
#1497=PLANE('',#1667);
#1498=PLANE('',#1670);
#1499=PLANE('',#1671);
#1500=PLANE('',#1672);
#1501=PLANE('',#1674);
#1502=PLANE('',#1688);
#1503=PLANE('',#1692);
#1504=PLANE('',#1695);
#1505=PLANE('',#1698);
#1506=PLANE('',#1701);
#1507=PLANE('',#1712);
#1508=PLANE('',#1724);
#1509=PLANE('',#1725);
#1510=PLANE('',#1726);
#1511=PLANE('',#1727);
#1512=PLANE('',#1731);
#1513=PLANE('',#1735);
#1514=PLANE('',#1736);
#1515=PLANE('',#1737);
#1516=PLANE('',#1738);
#1517=PLANE('',#1739);
#1518=PLANE('',#1740);
#1519=PLANE('',#1741);
#1520=PLANE('',#1742);
#1521=PLANE('',#1743);
#1522=PLANE('',#1744);
#1523=PLANE('',#1745);
#1524=PLANE('',#1746);
#1525=PLANE('',#1758);
#1526=PLANE('',#1764);
#1527=PLANE('',#1767);
#1528=PLANE('',#1770);
#1529=PLANE('',#1773);
#1530=PLANE('',#1776);
#1531=PLANE('',#1779);
#1532=PLANE('',#1782);
#1533=PLANE('',#1785);
#1534=PLANE('',#1788);
#1535=PLANE('',#1791);
#1536=PLANE('',#1792);
#1537=PLANE('',#1793);
#1538=PLANE('',#1794);
#1539=PLANE('',#1795);
#1540=PLANE('',#1801);
#1541=PLANE('',#1807);
#1542=PLANE('',#1808);
#1543=PLANE('',#1809);
#1544=PLANE('',#1810);
#1545=PLANE('',#1813);
#1546=PLANE('',#1814);
#1547=PLANE('',#1819);
#1548=PLANE('',#1820);
#1549=PLANE('',#1821);
#1550=PLANE('',#1822);
#1551=ADVANCED_FACE('',(#1349),#1492,.T.);
#1552=ADVANCED_FACE('',(#1350),#1493,.F.);
#1553=ADVANCED_FACE('',(#1351),#1494,.F.);
#1554=ADVANCED_FACE('',(#1352),#1495,.T.);
#1555=ADVANCED_FACE('',(#1353),#1496,.T.);
#1556=ADVANCED_FACE('',(#1354),#1497,.F.);
#1557=ADVANCED_FACE('',(#1355),#15,.F.);
#1558=ADVANCED_FACE('',(#1356),#16,.T.);
#1559=ADVANCED_FACE('',(#1357,#1358,#1359,#1360),#1498,.F.);
#1560=ADVANCED_FACE('',(#1361,#1362,#1363,#1364),#1499,.T.);
#1561=ADVANCED_FACE('',(#1365),#1500,.T.);
#1562=ADVANCED_FACE('',(#1366,#1367,#1368),#1501,.F.);
#1563=ADVANCED_FACE('',(#1369),#17,.F.);
#1564=ADVANCED_FACE('',(#1370),#18,.T.);
#1565=ADVANCED_FACE('',(#1371),#1502,.T.);
#1566=ADVANCED_FACE('',(#1372,#1373),#1503,.T.);
#1567=ADVANCED_FACE('',(#1374,#1375),#1504,.T.);
#1568=ADVANCED_FACE('',(#1376,#1377),#1505,.T.);
#1569=ADVANCED_FACE('',(#1378,#1379),#1506,.T.);
#1570=ADVANCED_FACE('',(#1380,#1381),#19,.F.);
#1571=ADVANCED_FACE('',(#1382,#1383),#20,.F.);
#1572=ADVANCED_FACE('',(#1384,#1385),#21,.F.);
#1573=ADVANCED_FACE('',(#1386,#1387),#22,.F.);
#1574=ADVANCED_FACE('',(#1388),#1507,.F.);
#1575=ADVANCED_FACE('',(#1389,#1390),#23,.F.);
#1576=ADVANCED_FACE('',(#1391,#1392),#24,.F.);
#1577=ADVANCED_FACE('',(#1393,#1394),#25,.F.);
#1578=ADVANCED_FACE('',(#1395,#1396),#26,.F.);
#1579=ADVANCED_FACE('',(#1397,#1398),#27,.F.);
#1580=ADVANCED_FACE('',(#1399),#1508,.T.);
#1581=ADVANCED_FACE('',(#1400),#1509,.F.);
#1582=ADVANCED_FACE('',(#1401),#1510,.F.);
#1583=ADVANCED_FACE('',(#1402,#1403,#1404,#1405,#1406,#1407),#1511,.F.);
#1584=ADVANCED_FACE('',(#1408),#28,.T.);
#1585=ADVANCED_FACE('',(#1409),#1512,.F.);
#1586=ADVANCED_FACE('',(#1410),#29,.T.);
#1587=ADVANCED_FACE('',(#1411,#1412,#1413,#1414,#1415,#1416),#1513,.T.);
#1588=ADVANCED_FACE('',(#1417),#1514,.T.);
#1589=ADVANCED_FACE('',(#1418),#1515,.F.);
#1590=ADVANCED_FACE('',(#1419),#1516,.T.);
#1591=ADVANCED_FACE('',(#1420),#1517,.F.);
#1592=ADVANCED_FACE('',(#1421),#1518,.F.);
#1593=ADVANCED_FACE('',(#1422),#1519,.F.);
#1594=ADVANCED_FACE('',(#1423),#1520,.F.);
#1595=ADVANCED_FACE('',(#1424),#1521,.F.);
#1596=ADVANCED_FACE('',(#1425),#1522,.F.);
#1597=ADVANCED_FACE('',(#1426),#1523,.F.);
#1598=ADVANCED_FACE('',(#1427,#1428,#1429,#1430,#1431,#1432,#1433,#1434,
#1435),#1524,.F.);
#1599=ADVANCED_FACE('',(#1436),#1525,.T.);
#1600=ADVANCED_FACE('',(#1437),#30,.T.);
#1601=ADVANCED_FACE('',(#1438),#31,.T.);
#1602=ADVANCED_FACE('',(#1439),#32,.T.);
#1603=ADVANCED_FACE('',(#1440,#1441),#33,.F.);
#1604=ADVANCED_FACE('',(#1442),#1526,.T.);
#1605=ADVANCED_FACE('',(#1443,#1444),#34,.F.);
#1606=ADVANCED_FACE('',(#1445),#1527,.T.);
#1607=ADVANCED_FACE('',(#1446,#1447),#35,.F.);
#1608=ADVANCED_FACE('',(#1448),#1528,.T.);
#1609=ADVANCED_FACE('',(#1449,#1450),#36,.F.);
#1610=ADVANCED_FACE('',(#1451),#1529,.T.);
#1611=ADVANCED_FACE('',(#1452,#1453),#37,.F.);
#1612=ADVANCED_FACE('',(#1454),#1530,.T.);
#1613=ADVANCED_FACE('',(#1455,#1456),#38,.F.);
#1614=ADVANCED_FACE('',(#1457),#1531,.T.);
#1615=ADVANCED_FACE('',(#1458,#1459),#39,.F.);
#1616=ADVANCED_FACE('',(#1460),#1532,.T.);
#1617=ADVANCED_FACE('',(#1461,#1462),#40,.F.);
#1618=ADVANCED_FACE('',(#1463),#1533,.T.);
#1619=ADVANCED_FACE('',(#1464,#1465),#41,.F.);
#1620=ADVANCED_FACE('',(#1466),#1534,.T.);
#1621=ADVANCED_FACE('',(#1467,#1468),#42,.F.);
#1622=ADVANCED_FACE('',(#1469),#1535,.T.);
#1623=ADVANCED_FACE('',(#1470),#1536,.T.);
#1624=ADVANCED_FACE('',(#1471),#1537,.F.);
#1625=ADVANCED_FACE('',(#1472),#1538,.F.);
#1626=ADVANCED_FACE('',(#1473),#1539,.T.);
#1627=ADVANCED_FACE('',(#1474),#1540,.T.);
#1628=ADVANCED_FACE('',(#1475),#43,.F.);
#1629=ADVANCED_FACE('',(#1476),#44,.F.);
#1630=ADVANCED_FACE('',(#1477),#45,.F.);
#1631=ADVANCED_FACE('',(#1478),#46,.T.);
#1632=ADVANCED_FACE('',(#1479),#47,.T.);
#1633=ADVANCED_FACE('',(#1480),#1541,.F.);
#1634=ADVANCED_FACE('',(#1481),#1542,.T.);
#1635=ADVANCED_FACE('',(#1482),#1543,.T.);
#1636=ADVANCED_FACE('',(#1483),#1544,.F.);
#1637=ADVANCED_FACE('',(#1484),#1545,.F.);
#1638=ADVANCED_FACE('',(#1485),#1546,.T.);
#1639=ADVANCED_FACE('',(#1486),#48,.T.);
#1640=ADVANCED_FACE('',(#1487),#49,.F.);
#1641=ADVANCED_FACE('',(#1488),#1547,.T.);
#1642=ADVANCED_FACE('',(#1489),#1548,.F.);
#1643=ADVANCED_FACE('',(#1490),#1549,.F.);
#1644=ADVANCED_FACE('',(#1491),#1550,.T.);
#1645=CLOSED_SHELL('',(#1551,#1552,#1553,#1554,#1555,#1556,#1557,#1558,
#1559,#1560,#1561,#1562,#1563,#1564,#1565,#1566,#1567,#1568,#1569,#1570,
#1571,#1572,#1573,#1574,#1575,#1576,#1577,#1578,#1579,#1580,#1581,#1582,
#1583,#1584,#1585,#1586,#1587,#1588,#1589,#1590,#1591,#1592,#1593,#1594,
#1595,#1596,#1597,#1598,#1599,#1600,#1601,#1602,#1603,#1604,#1605,#1606,
#1607,#1608,#1609,#1610,#1611,#1612,#1613,#1614,#1615,#1616,#1617,#1618,
#1619,#1620,#1621,#1622,#1623,#1624,#1625,#1626,#1627,#1628,#1629,#1630,
#1631,#1632,#1633,#1634,#1635,#1636,#1637,#1638,#1639,#1640,#1641,#1642,
#1643,#1644));
#1646=STYLED_ITEM('',(#1647),#1654);
#1647=PRESENTATION_STYLE_ASSIGNMENT((#1648));
#1648=SURFACE_STYLE_USAGE(.BOTH.,#1649);
#1649=SURFACE_SIDE_STYLE('',(#1650));
#1650=SURFACE_STYLE_FILL_AREA(#1651);
#1651=FILL_AREA_STYLE('',(#1652));
#1652=FILL_AREA_STYLE_COLOUR('',#1653);
#1653=COLOUR_RGB('',0.615686274509804,0.811764705882353,0.929411764705882);
#1654=MANIFOLD_SOLID_BREP('Part 6',#1645);
#1655=SHAPE_DEFINITION_REPRESENTATION(#2776,#1656);
#1656=SHAPE_REPRESENTATION('Part 6',(#1657),#2771);
#1657=AXIS2_PLACEMENT_3D('',#2298,#1823,#1824);
#1658=AXIS2_PLACEMENT_3D('',#2299,#1825,#1826);
#1659=AXIS2_PLACEMENT_3D('',#2305,#1829,#1830);
#1660=AXIS2_PLACEMENT_3D('',#2313,#1834,#1835);
#1661=AXIS2_PLACEMENT_3D('',#2316,#1837,#1838);
#1662=AXIS2_PLACEMENT_3D('',#2322,#1841,#1842);
#1663=AXIS2_PLACEMENT_3D('',#2330,#1846,#1847);
#1664=AXIS2_PLACEMENT_3D('',#2333,#1849,#1850);
#1665=AXIS2_PLACEMENT_3D('',#2336,#1853,#1854);
#1666=AXIS2_PLACEMENT_3D('',#2339,#1857,#1858);
#1667=AXIS2_PLACEMENT_3D('',#2342,#1861,#1862);
#1668=AXIS2_PLACEMENT_3D('',#2345,#1865,#1866);
#1669=AXIS2_PLACEMENT_3D('',#2346,#1867,#1868);
#1670=AXIS2_PLACEMENT_3D('',#2347,#1869,#1870);
#1671=AXIS2_PLACEMENT_3D('',#2380,#1887,#1888);
#1672=AXIS2_PLACEMENT_3D('',#2397,#1897,#1898);
#1673=AXIS2_PLACEMENT_3D('',#2398,#1899,#1900);
#1674=AXIS2_PLACEMENT_3D('',#2408,#1905,#1906);
#1675=AXIS2_PLACEMENT_3D('',#2409,#1907,#1908);
#1676=AXIS2_PLACEMENT_3D('',#2411,#1909,#1910);
#1677=AXIS2_PLACEMENT_3D('',#2421,#1915,#1916);
#1678=AXIS2_PLACEMENT_3D('',#2425,#1918,#1919);
#1679=AXIS2_PLACEMENT_3D('',#2429,#1921,#1922);
#1680=AXIS2_PLACEMENT_3D('',#2433,#1924,#1925);
#1681=AXIS2_PLACEMENT_3D('',#2437,#1927,#1928);
#1682=AXIS2_PLACEMENT_3D('',#2438,#1929,#1930);
#1683=AXIS2_PLACEMENT_3D('',#2447,#1931,#1932);
#1684=AXIS2_PLACEMENT_3D('',#2450,#1934,#1935);
#1685=AXIS2_PLACEMENT_3D('',#2454,#1937,#1938);
#1686=AXIS2_PLACEMENT_3D('',#2458,#1940,#1941);
#1687=AXIS2_PLACEMENT_3D('',#2459,#1942,#1943);
#1688=AXIS2_PLACEMENT_3D('',#2460,#1944,#1945);
#1689=AXIS2_PLACEMENT_3D('',#2464,#1948,#1949);
#1690=AXIS2_PLACEMENT_3D('',#2473,#1954,#1955);
#1691=AXIS2_PLACEMENT_3D('',#2474,#1956,#1957);
#1692=AXIS2_PLACEMENT_3D('',#2475,#1958,#1959);
#1693=AXIS2_PLACEMENT_3D('',#2476,#1960,#1961);
#1694=AXIS2_PLACEMENT_3D('',#2478,#1962,#1963);
#1695=AXIS2_PLACEMENT_3D('',#2480,#1964,#1965);
#1696=AXIS2_PLACEMENT_3D('',#2481,#1966,#1967);
#1697=AXIS2_PLACEMENT_3D('',#2483,#1968,#1969);
#1698=AXIS2_PLACEMENT_3D('',#2485,#1970,#1971);
#1699=AXIS2_PLACEMENT_3D('',#2486,#1972,#1973);
#1700=AXIS2_PLACEMENT_3D('',#2488,#1974,#1975);
#1701=AXIS2_PLACEMENT_3D('',#2490,#1976,#1977);
#1702=AXIS2_PLACEMENT_3D('',#2491,#1978,#1979);
#1703=AXIS2_PLACEMENT_3D('',#2493,#1980,#1981);
#1704=AXIS2_PLACEMENT_3D('',#2495,#1982,#1983);
#1705=AXIS2_PLACEMENT_3D('',#2496,#1984,#1985);
#1706=AXIS2_PLACEMENT_3D('',#2498,#1986,#1987);
#1707=AXIS2_PLACEMENT_3D('',#2499,#1988,#1989);
#1708=AXIS2_PLACEMENT_3D('',#2501,#1990,#1991);
#1709=AXIS2_PLACEMENT_3D('',#2502,#1992,#1993);
#1710=AXIS2_PLACEMENT_3D('',#2504,#1994,#1995);
#1711=AXIS2_PLACEMENT_3D('',#2505,#1996,#1997);
#1712=AXIS2_PLACEMENT_3D('',#2507,#1998,#1999);
#1713=AXIS2_PLACEMENT_3D('',#2516,#2004,#2005);
#1714=AXIS2_PLACEMENT_3D('',#2517,#2006,#2007);
#1715=AXIS2_PLACEMENT_3D('',#2519,#2008,#2009);
#1716=AXIS2_PLACEMENT_3D('',#2521,#2010,#2011);
#1717=AXIS2_PLACEMENT_3D('',#2522,#2012,#2013);
#1718=AXIS2_PLACEMENT_3D('',#2524,#2014,#2015);
#1719=AXIS2_PLACEMENT_3D('',#2525,#2016,#2017);
#1720=AXIS2_PLACEMENT_3D('',#2527,#2018,#2019);
#1721=AXIS2_PLACEMENT_3D('',#2528,#2020,#2021);
#1722=AXIS2_PLACEMENT_3D('',#2530,#2022,#2023);
#1723=AXIS2_PLACEMENT_3D('',#2531,#2024,#2025);
#1724=AXIS2_PLACEMENT_3D('',#2533,#2026,#2027);
#1725=AXIS2_PLACEMENT_3D('',#2542,#2032,#2033);
#1726=AXIS2_PLACEMENT_3D('',#2548,#2037,#2038);
#1727=AXIS2_PLACEMENT_3D('',#2554,#2042,#2043);
#1728=AXIS2_PLACEMENT_3D('',#2564,#2049,#2050);
#1729=AXIS2_PLACEMENT_3D('',#2565,#2051,#2052);
#1730=AXIS2_PLACEMENT_3D('',#2569,#2054,#2055);
#1731=AXIS2_PLACEMENT_3D('',#2570,#2056,#2057);
#1732=AXIS2_PLACEMENT_3D('',#2574,#2059,#2060);
#1733=AXIS2_PLACEMENT_3D('',#2583,#2066,#2067);
#1734=AXIS2_PLACEMENT_3D('',#2584,#2068,#2069);
#1735=AXIS2_PLACEMENT_3D('',#2587,#2071,#2072);
#1736=AXIS2_PLACEMENT_3D('',#2593,#2076,#2077);
#1737=AXIS2_PLACEMENT_3D('',#2599,#2081,#2082);
#1738=AXIS2_PLACEMENT_3D('',#2602,#2085,#2086);
#1739=AXIS2_PLACEMENT_3D('',#2606,#2089,#2090);
#1740=AXIS2_PLACEMENT_3D('',#2608,#2092,#2093);
#1741=AXIS2_PLACEMENT_3D('',#2619,#2100,#2101);
#1742=AXIS2_PLACEMENT_3D('',#2621,#2103,#2104);
#1743=AXIS2_PLACEMENT_3D('',#2623,#2106,#2107);
#1744=AXIS2_PLACEMENT_3D('',#2625,#2109,#2110);
#1745=AXIS2_PLACEMENT_3D('',#2627,#2112,#2113);
#1746=AXIS2_PLACEMENT_3D('',#2628,#2114,#2115);
#1747=AXIS2_PLACEMENT_3D('',#2629,#2116,#2117);
#1748=AXIS2_PLACEMENT_3D('',#2631,#2118,#2119);
#1749=AXIS2_PLACEMENT_3D('',#2633,#2120,#2121);
#1750=AXIS2_PLACEMENT_3D('',#2635,#2122,#2123);
#1751=AXIS2_PLACEMENT_3D('',#2637,#2124,#2125);
#1752=AXIS2_PLACEMENT_3D('',#2639,#2126,#2127);
#1753=AXIS2_PLACEMENT_3D('',#2641,#2128,#2129);
#1754=AXIS2_PLACEMENT_3D('',#2643,#2130,#2131);
#1755=AXIS2_PLACEMENT_3D('',#2645,#2132,#2133);
#1756=AXIS2_PLACEMENT_3D('',#2648,#2135,#2136);
#1757=AXIS2_PLACEMENT_3D('',#2649,#2137,#2138);
#1758=AXIS2_PLACEMENT_3D('',#2650,#2139,#2140);
#1759=AXIS2_PLACEMENT_3D('',#2652,#2142,#2143);
#1760=AXIS2_PLACEMENT_3D('',#2653,#2144,#2145);
#1761=AXIS2_PLACEMENT_3D('',#2654,#2146,#2147);
#1762=AXIS2_PLACEMENT_3D('',#2655,#2148,#2149);
#1763=AXIS2_PLACEMENT_3D('',#2656,#2150,#2151);
#1764=AXIS2_PLACEMENT_3D('',#2658,#2152,#2153);
#1765=AXIS2_PLACEMENT_3D('',#2659,#2154,#2155);
#1766=AXIS2_PLACEMENT_3D('',#2660,#2156,#2157);
#1767=AXIS2_PLACEMENT_3D('',#2662,#2158,#2159);
#1768=AXIS2_PLACEMENT_3D('',#2663,#2160,#2161);
#1769=AXIS2_PLACEMENT_3D('',#2664,#2162,#2163);
#1770=AXIS2_PLACEMENT_3D('',#2666,#2164,#2165);
#1771=AXIS2_PLACEMENT_3D('',#2667,#2166,#2167);
#1772=AXIS2_PLACEMENT_3D('',#2668,#2168,#2169);
#1773=AXIS2_PLACEMENT_3D('',#2670,#2170,#2171);
#1774=AXIS2_PLACEMENT_3D('',#2671,#2172,#2173);
#1775=AXIS2_PLACEMENT_3D('',#2672,#2174,#2175);
#1776=AXIS2_PLACEMENT_3D('',#2674,#2176,#2177);
#1777=AXIS2_PLACEMENT_3D('',#2675,#2178,#2179);
#1778=AXIS2_PLACEMENT_3D('',#2676,#2180,#2181);
#1779=AXIS2_PLACEMENT_3D('',#2678,#2182,#2183);
#1780=AXIS2_PLACEMENT_3D('',#2679,#2184,#2185);
#1781=AXIS2_PLACEMENT_3D('',#2680,#2186,#2187);
#1782=AXIS2_PLACEMENT_3D('',#2682,#2188,#2189);
#1783=AXIS2_PLACEMENT_3D('',#2683,#2190,#2191);
#1784=AXIS2_PLACEMENT_3D('',#2684,#2192,#2193);
#1785=AXIS2_PLACEMENT_3D('',#2686,#2194,#2195);
#1786=AXIS2_PLACEMENT_3D('',#2687,#2196,#2197);
#1787=AXIS2_PLACEMENT_3D('',#2688,#2198,#2199);
#1788=AXIS2_PLACEMENT_3D('',#2690,#2200,#2201);
#1789=AXIS2_PLACEMENT_3D('',#2696,#2205,#2206);
#1790=AXIS2_PLACEMENT_3D('',#2697,#2207,#2208);
#1791=AXIS2_PLACEMENT_3D('',#2699,#2209,#2210);
#1792=AXIS2_PLACEMENT_3D('',#2705,#2214,#2215);
#1793=AXIS2_PLACEMENT_3D('',#2711,#2219,#2220);
#1794=AXIS2_PLACEMENT_3D('',#2712,#2221,#2222);
#1795=AXIS2_PLACEMENT_3D('',#2713,#2223,#2224);
#1796=AXIS2_PLACEMENT_3D('',#2714,#2225,#2226);
#1797=AXIS2_PLACEMENT_3D('',#2715,#2227,#2228);
#1798=AXIS2_PLACEMENT_3D('',#2716,#2229,#2230);
#1799=AXIS2_PLACEMENT_3D('',#2720,#2232,#2233);
#1800=AXIS2_PLACEMENT_3D('',#2721,#2234,#2235);
#1801=AXIS2_PLACEMENT_3D('',#2722,#2236,#2237);
#1802=AXIS2_PLACEMENT_3D('',#2725,#2240,#2241);
#1803=AXIS2_PLACEMENT_3D('',#2726,#2242,#2243);
#1804=AXIS2_PLACEMENT_3D('',#2727,#2244,#2245);
#1805=AXIS2_PLACEMENT_3D('',#2728,#2246,#2247);
#1806=AXIS2_PLACEMENT_3D('',#2729,#2248,#2249);
#1807=AXIS2_PLACEMENT_3D('',#2730,#2250,#2251);
#1808=AXIS2_PLACEMENT_3D('',#2736,#2255,#2256);
#1809=AXIS2_PLACEMENT_3D('',#2742,#2260,#2261);
#1810=AXIS2_PLACEMENT_3D('',#2748,#2265,#2266);
#1811=AXIS2_PLACEMENT_3D('',#2751,#2268,#2269);
#1812=AXIS2_PLACEMENT_3D('',#2752,#2270,#2271);
#1813=AXIS2_PLACEMENT_3D('',#2753,#2272,#2273);
#1814=AXIS2_PLACEMENT_3D('',#2757,#2276,#2277);
#1815=AXIS2_PLACEMENT_3D('',#2758,#2278,#2279);
#1816=AXIS2_PLACEMENT_3D('',#2759,#2280,#2281);
#1817=AXIS2_PLACEMENT_3D('',#2760,#2282,#2283);
#1818=AXIS2_PLACEMENT_3D('',#2761,#2284,#2285);
#1819=AXIS2_PLACEMENT_3D('',#2762,#2286,#2287);
#1820=AXIS2_PLACEMENT_3D('',#2765,#2290,#2291);
#1821=AXIS2_PLACEMENT_3D('',#2767,#2293,#2294);
#1822=AXIS2_PLACEMENT_3D('',#2769,#2296,#2297);
#1823=DIRECTION('',(0.,0.,1.));
#1824=DIRECTION('',(1.,0.,0.));
#1825=DIRECTION('',(4.87890977618478E-16,0.,1.));
#1826=DIRECTION('',(1.,0.,-4.87890977618478E-16));
#1827=DIRECTION('',(-1.,0.,4.87890977618478E-16));
#1828=DIRECTION('',(0.,1.,0.));
#1829=DIRECTION('',(0.,0.,1.));
#1830=DIRECTION('',(-1.,0.,0.));
#1831=DIRECTION('',(0.,1.,0.));
#1832=DIRECTION('',(1.,0.,0.));
#1833=DIRECTION('',(0.,1.,0.));
#1834=DIRECTION('',(0.,0.,1.));
#1835=DIRECTION('',(-1.,0.,0.));
#1836=DIRECTION('',(0.,1.,0.));
#1837=DIRECTION('',(8.67361737988406E-16,0.,1.));
#1838=DIRECTION('',(1.,0.,-8.67361737988406E-16));
#1839=DIRECTION('',(-1.,0.,8.67361737988406E-16));
#1840=DIRECTION('',(0.,1.,0.));
#1841=DIRECTION('',(0.,0.,1.));
#1842=DIRECTION('',(-1.,0.,0.));
#1843=DIRECTION('',(0.,1.,0.));
#1844=DIRECTION('',(1.,0.,0.));
#1845=DIRECTION('',(0.,1.,0.));
#1846=DIRECTION('',(0.,0.,1.));
#1847=DIRECTION('',(-1.,0.,0.));
#1848=DIRECTION('',(0.,1.,0.));
#1849=DIRECTION('',(-1.,0.,0.));
#1850=DIRECTION('',(0.,0.,1.));
#1851=DIRECTION('',(0.,0.,-1.));
#1852=DIRECTION('',(0.,0.,-1.));
#1853=DIRECTION('',(-1.,0.,0.));
#1854=DIRECTION('',(0.,0.,1.));
#1855=DIRECTION('',(0.,0.,-1.));
#1856=DIRECTION('',(0.,0.,-1.));
#1857=DIRECTION('',(-1.,0.,3.01691039300315E-16));
#1858=DIRECTION('',(3.01691039300315E-16,0.,1.));
#1859=DIRECTION('',(-3.01691039300315E-16,0.,-1.));
#1860=DIRECTION('',(-3.01691039300315E-16,0.,-1.));
#1861=DIRECTION('',(-1.,0.,0.));
#1862=DIRECTION('',(0.,0.,1.));
#1863=DIRECTION('',(0.,0.,-1.));
#1864=DIRECTION('',(0.,0.,-1.));
#1865=DIRECTION('',(0.,0.,-1.));
#1866=DIRECTION('',(-1.,0.,0.));
#1867=DIRECTION('',(0.,0.,-1.));
#1868=DIRECTION('',(-1.,0.,0.));
#1869=DIRECTION('',(0.,1.,0.));
#1870=DIRECTION('',(0.,0.,1.));
#1871=DIRECTION('',(0.,0.,-1.));
#1872=DIRECTION('',(-1.,0.,4.87890977618478E-16));
#1873=DIRECTION('',(0.,0.,-1.));
#1874=DIRECTION('',(-1.,0.,8.67361737988406E-16));
#1875=DIRECTION('',(1.,0.,0.));
#1876=DIRECTION('',(0.,0.,-1.));
#1877=DIRECTION('',(1.,0.,0.));
#1878=DIRECTION('',(0.,0.,-1.));
#1879=DIRECTION('',(1.,0.,0.));
#1880=DIRECTION('',(-3.01691039300315E-16,0.,-1.));
#1881=DIRECTION('',(1.,0.,0.));
#1882=DIRECTION('',(0.,0.,-1.));
#1883=DIRECTION('',(1.,0.,0.));
#1884=DIRECTION('',(-1.13134139737618E-16,0.,-1.));
#1885=DIRECTION('',(1.,0.,7.2280144832367E-17));
#1886=DIRECTION('',(0.,0.,-1.));
#1887=DIRECTION('',(0.,1.,0.));
#1888=DIRECTION('',(0.,0.,1.));
#1889=DIRECTION('',(1.,0.,0.));
#1890=DIRECTION('',(0.,0.,-1.));
#1891=DIRECTION('',(1.,0.,0.));
#1892=DIRECTION('',(0.,0.,-1.));
#1893=DIRECTION('',(-1.13134139737618E-16,0.,-1.));
#1894=DIRECTION('',(1.,0.,0.));
#1895=DIRECTION('',(0.,0.,-1.));
#1896=DIRECTION('',(1.,0.,7.2280144832367E-17));
#1897=DIRECTION('',(0.,0.832050294337844,0.554700196225229));
#1898=DIRECTION('',(1.,0.,0.));
#1899=DIRECTION('',(0.,0.832050294337844,0.554700196225229));
#1900=DIRECTION('',(0.,-0.554700196225229,0.832050294337844));
#1901=DIRECTION('',(0.,-0.554700196225229,0.832050294337844));
#1902=DIRECTION('',(-1.,0.,0.));
#1903=DIRECTION('',(0.,0.554700196225229,-0.832050294337844));
#1904=DIRECTION('',(1.,0.,0.));
#1905=DIRECTION('',(1.,0.,0.));
#1906=DIRECTION('',(0.,0.,-1.));
#1907=DIRECTION('',(1.,0.,0.));
#1908=DIRECTION('',(0.,0.,-1.));
#1909=DIRECTION('',(1.,0.,0.));
#1910=DIRECTION('',(0.,0.,-1.));
#1911=DIRECTION('',(0.,0.,-1.));
#1912=DIRECTION('',(0.,-1.,0.));
#1913=DIRECTION('',(0.,0.,-1.));
#1914=DIRECTION('',(0.,-1.,0.));
#1915=DIRECTION('',(1.,0.,0.));
#1916=DIRECTION('',(0.,0.,-1.));
#1917=DIRECTION('',(0.,-0.554700196225229,-0.832050294337844));
#1918=DIRECTION('',(1.,0.,0.));
#1919=DIRECTION('',(0.,0.,-1.));
#1920=DIRECTION('',(0.,0.,1.));
#1921=DIRECTION('',(1.,0.,0.));
#1922=DIRECTION('',(0.,0.,-1.));
#1923=DIRECTION('',(0.,1.,0.));
#1924=DIRECTION('',(1.,0.,0.));
#1925=DIRECTION('',(0.,0.,-1.));
#1926=DIRECTION('',(0.,1.1823360659602E-16,-1.));
#1927=DIRECTION('',(1.,0.,0.));
#1928=DIRECTION('',(0.,0.,-1.));
#1929=DIRECTION('',(-1.,0.,0.));
#1930=DIRECTION('',(0.,0.,1.));
#1931=DIRECTION('',(1.,0.,0.));
#1932=DIRECTION('',(0.,0.,-1.));
#1933=DIRECTION('',(-1.,0.,0.));
#1934=DIRECTION('',(0.,0.,1.));
#1935=DIRECTION('',(1.,0.,0.));
#1936=DIRECTION('',(0.,0.,-1.));
#1937=DIRECTION('',(-0.707106781186548,0.,0.707106781186548));
#1938=DIRECTION('',(0.707106781186548,0.,0.707106781186548));
#1939=DIRECTION('',(0.,0.,1.));
#1940=DIRECTION('',(0.,0.,1.));
#1941=DIRECTION('',(1.,0.,0.));
#1942=DIRECTION('',(0.,0.,1.));
#1943=DIRECTION('',(1.,0.,0.));
#1944=DIRECTION('',(0.,0.,1.));
#1945=DIRECTION('',(1.,0.,0.));
#1946=DIRECTION('',(0.,-1.,0.));
#1947=DIRECTION('',(1.,0.,0.));
#1948=DIRECTION('',(0.,0.,1.));
#1949=DIRECTION('',(1.,0.,0.));
#1950=DIRECTION('',(1.,0.,0.));
#1951=DIRECTION('',(0.,1.,0.));
#1952=DIRECTION('',(-1.,-3.01167270134862E-16,0.));
#1953=DIRECTION('',(0.,1.,0.));
#1954=DIRECTION('',(0.,0.,1.));
#1955=DIRECTION('',(1.,0.,0.));
#1956=DIRECTION('',(0.,0.,1.));
#1957=DIRECTION('',(1.,0.,0.));
#1958=DIRECTION('',(0.,0.,1.));
#1959=DIRECTION('',(1.,0.,0.));
#1960=DIRECTION('',(0.,0.,1.));
#1961=DIRECTION('',(1.,0.,0.));
#1962=DIRECTION('',(0.,0.,1.));
#1963=DIRECTION('',(1.,0.,0.));
#1964=DIRECTION('',(0.,0.,1.));
#1965=DIRECTION('',(1.,0.,0.));
#1966=DIRECTION('',(0.,0.,1.));
#1967=DIRECTION('',(1.,0.,0.));
#1968=DIRECTION('',(0.,0.,1.));
#1969=DIRECTION('',(1.,0.,0.));
#1970=DIRECTION('',(0.,0.,1.));
#1971=DIRECTION('',(1.,0.,0.));
#1972=DIRECTION('',(0.,0.,1.));
#1973=DIRECTION('',(1.,0.,0.));
#1974=DIRECTION('',(0.,0.,1.));
#1975=DIRECTION('',(1.,0.,0.));
#1976=DIRECTION('',(0.,0.,1.));
#1977=DIRECTION('',(1.,0.,0.));
#1978=DIRECTION('',(0.,0.,1.));
#1979=DIRECTION('',(1.,0.,0.));
#1980=DIRECTION('',(0.,0.,1.));
#1981=DIRECTION('',(1.,0.,0.));
#1982=DIRECTION('',(0.,0.,-1.));
#1983=DIRECTION('',(-1.,0.,0.));
#1984=DIRECTION('',(0.,0.,1.));
#1985=DIRECTION('',(1.,0.,0.));
#1986=DIRECTION('',(0.,0.,-1.));
#1987=DIRECTION('',(-1.,0.,0.));
#1988=DIRECTION('',(0.,0.,1.));
#1989=DIRECTION('',(1.,0.,0.));
#1990=DIRECTION('',(0.,0.,-1.));
#1991=DIRECTION('',(-1.,0.,0.));
#1992=DIRECTION('',(0.,0.,1.));
#1993=DIRECTION('',(1.,0.,0.));
#1994=DIRECTION('',(0.,0.,-1.));
#1995=DIRECTION('',(-1.,0.,0.));
#1996=DIRECTION('',(0.,0.,1.));
#1997=DIRECTION('',(1.,0.,0.));
#1998=DIRECTION('',(1.,0.,0.));
#1999=DIRECTION('',(0.,0.,-1.));
#2000=DIRECTION('',(0.,1.,0.));
#2001=DIRECTION('',(0.,0.,1.));
#2002=DIRECTION('',(0.,1.,0.));
#2003=DIRECTION('',(0.,0.,1.));
#2004=DIRECTION('',(0.,0.,-1.));
#2005=DIRECTION('',(-1.,0.,0.));
#2006=DIRECTION('',(0.,0.,-1.));
#2007=DIRECTION('',(1.,0.,0.));
#2008=DIRECTION('',(0.,0.,-1.));
#2009=DIRECTION('',(1.,0.,0.));
#2010=DIRECTION('',(0.,0.,-1.));
#2011=DIRECTION('',(-1.,0.,0.));
#2012=DIRECTION('',(0.,0.,1.));
#2013=DIRECTION('',(1.,0.,0.));
#2014=DIRECTION('',(0.,0.,-1.));
#2015=DIRECTION('',(-1.,0.,0.));
#2016=DIRECTION('',(0.,0.,1.));
#2017=DIRECTION('',(1.,0.,0.));
#2018=DIRECTION('',(0.,0.,-1.));
#2019=DIRECTION('',(-1.,0.,0.));
#2020=DIRECTION('',(0.,0.,1.));
#2021=DIRECTION('',(1.,0.,0.));
#2022=DIRECTION('',(0.,0.,-1.));
#2023=DIRECTION('',(-1.,0.,0.));
#2024=DIRECTION('',(0.,0.,1.));
#2025=DIRECTION('',(1.,0.,0.));
#2026=DIRECTION('',(1.,0.,0.));
#2027=DIRECTION('',(0.,0.,-1.));
#2028=DIRECTION('',(0.,-1.,0.));
#2029=DIRECTION('',(0.,0.,-1.));
#2030=DIRECTION('',(0.,-1.,0.));
#2031=DIRECTION('',(0.,0.,-1.));
#2032=DIRECTION('',(0.707106781186548,0.707106781186548,0.));
#2033=DIRECTION('',(-0.707106781186548,0.707106781186548,0.));
#2034=DIRECTION('',(-0.707106781186548,0.707106781186548,0.));
#2035=DIRECTION('',(0.,0.,1.));
#2036=DIRECTION('',(-0.707106781186548,0.707106781186548,0.));
#2037=DIRECTION('',(0.707106781186546,-0.707106781186549,0.));
#2038=DIRECTION('',(0.707106781186549,0.707106781186546,0.));
#2039=DIRECTION('',(0.707106781186549,0.707106781186546,0.));
#2040=DIRECTION('',(0.707106781186549,0.707106781186546,0.));
#2041=DIRECTION('',(0.,0.,1.));
#2042=DIRECTION('',(0.,0.,1.));
#2043=DIRECTION('',(1.,0.,0.));
#2044=DIRECTION('',(-0.707106781186547,-0.707106781186548,0.));
#2045=DIRECTION('',(-1.,-4.39825521387076E-16,0.));
#2046=DIRECTION('',(1.,3.90956019010734E-16,0.));
#2047=DIRECTION('',(0.707106781186548,-0.707106781186548,0.));
#2048=DIRECTION('',(0.,-1.,0.));
#2049=DIRECTION('',(0.,0.,1.));
#2050=DIRECTION('',(1.,0.,0.));
#2051=DIRECTION('',(0.,0.,1.));
#2052=DIRECTION('',(1.,0.,0.));
#2053=DIRECTION('',(0.,0.,-1.));
#2054=DIRECTION('',(0.,0.,1.));
#2055=DIRECTION('',(1.,0.,0.));
#2056=DIRECTION('',(0.,0.,1.));
#2057=DIRECTION('',(1.,0.,0.));
#2058=DIRECTION('',(1.,3.01167270134862E-16,0.));
#2059=DIRECTION('',(0.,0.,1.));
#2060=DIRECTION('',(1.,0.,0.));
#2061=DIRECTION('',(1.,2.4093381610789E-16,0.));
#2062=DIRECTION('',(0.,1.,0.));
#2063=DIRECTION('',(1.,3.90956019010734E-16,0.));
#2064=DIRECTION('',(-1.,-4.39825521387076E-16,0.));
#2065=DIRECTION('',(0.,1.,0.));
#2066=DIRECTION('',(0.,0.,-1.));
#2067=DIRECTION('',(-1.,0.,0.));
#2068=DIRECTION('',(0.,0.,1.));
#2069=DIRECTION('',(1.,0.,0.));
#2070=DIRECTION('',(0.,0.,-1.));
#2071=DIRECTION('',(0.,0.,1.));
#2072=DIRECTION('',(1.,0.,0.));
#2073=DIRECTION('',(1.,3.01167270134862E-16,0.));
#2074=DIRECTION('',(0.,-1.,0.));
#2075=DIRECTION('',(1.,2.4093381610789E-16,0.));
#2076=DIRECTION('',(-0.707106781186548,0.,0.707106781186548));
#2077=DIRECTION('',(0.,1.,0.));
#2078=DIRECTION('',(0.707106781186548,2.12957418983802E-16,0.707106781186548));
#2079=DIRECTION('',(0.,1.,0.));
#2080=DIRECTION('',(-0.707106781186548,-1.70365935187041E-16,-0.707106781186548));
#2081=DIRECTION('',(1.,0.,0.));
#2082=DIRECTION('',(0.,0.,-1.));
#2083=DIRECTION('',(0.,0.,-1.));
#2084=DIRECTION('',(0.,0.,-1.));
#2085=DIRECTION('',(0.,1.,0.));
#2086=DIRECTION('',(0.,0.,1.));
#2087=DIRECTION('',(-0.707106781186548,0.,-0.707106781186548));
#2088=DIRECTION('',(0.,0.,-1.));
#2089=DIRECTION('',(0.,1.,0.));
#2090=DIRECTION('',(0.,0.,1.));
#2091=DIRECTION('',(0.707106781186548,0.,0.707106781186548));
#2092=DIRECTION('',(-0.707106781186548,0.,0.707106781186548));
#2093=DIRECTION('',(0.,-1.,0.));
#2094=DIRECTION('',(0.707106781186548,3.1100360871171E-16,0.707106781186548));
#2095=DIRECTION('',(0.577350269189626,0.577350269189626,0.577350269189626));
#2096=DIRECTION('',(0.,1.,0.));
#2097=DIRECTION('',(-0.577350269189626,0.577350269189626,-0.577350269189626));
#2098=DIRECTION('',(-0.707106781186548,-2.76447652188187E-16,-0.707106781186548));
#2099=DIRECTION('',(0.,-1.,0.));
#2100=DIRECTION('',(3.90956019010734E-16,-1.,0.));
#2101=DIRECTION('',(1.,3.90956019010734E-16,0.));
#2102=DIRECTION('',(0.,0.,1.));
#2103=DIRECTION('',(-4.39825521387076E-16,1.,0.));
#2104=DIRECTION('',(-1.,-4.39825521387076E-16,0.));
#2105=DIRECTION('',(0.,0.,1.));
#2106=DIRECTION('',(-0.707106781186548,0.707106781186547,0.));
#2107=DIRECTION('',(-0.707106781186547,-0.707106781186548,0.));
#2108=DIRECTION('',(0.,0.,1.));
#2109=DIRECTION('',(-1.,0.,0.));
#2110=DIRECTION('',(0.,0.,1.));
#2111=DIRECTION('',(0.,0.,1.));
#2112=DIRECTION('',(-0.707106781186548,-0.707106781186548,0.));
#2113=DIRECTION('',(0.707106781186548,-0.707106781186548,0.));
#2114=DIRECTION('',(0.,0.,1.));
#2115=DIRECTION('',(1.,0.,0.));
#2116=DIRECTION('',(0.,0.,-1.));
#2117=DIRECTION('',(1.,0.,0.));
#2118=DIRECTION('',(0.,0.,-1.));
#2119=DIRECTION('',(1.,0.,0.));
#2120=DIRECTION('',(0.,0.,-1.));
#2121=DIRECTION('',(1.,0.,0.));
#2122=DIRECTION('',(0.,0.,-1.));
#2123=DIRECTION('',(1.,0.,0.));
#2124=DIRECTION('',(0.,0.,-1.));
#2125=DIRECTION('',(1.,0.,0.));
#2126=DIRECTION('',(0.,0.,-1.));
#2127=DIRECTION('',(1.,0.,0.));
#2128=DIRECTION('',(0.,0.,-1.));
#2129=DIRECTION('',(1.,0.,0.));
#2130=DIRECTION('',(0.,0.,-1.));
#2131=DIRECTION('',(1.,0.,0.));
#2132=DIRECTION('',(0.,0.,1.));
#2133=DIRECTION('',(1.,0.,0.));
#2134=DIRECTION('',(0.,-1.,0.));
#2135=DIRECTION('',(0.,0.,1.));
#2136=DIRECTION('',(1.,0.,0.));
#2137=DIRECTION('',(0.,0.,1.));
#2138=DIRECTION('',(1.,0.,0.));
#2139=DIRECTION('',(1.,0.,0.));
#2140=DIRECTION('',(0.,0.,-1.));
#2141=DIRECTION('',(0.,0.,-1.));
#2142=DIRECTION('',(0.,0.,-1.));
#2143=DIRECTION('',(-1.,0.,0.));
#2144=DIRECTION('',(0.,0.,-1.));
#2145=DIRECTION('',(-1.,0.,0.));
#2146=DIRECTION('',(0.,0.,1.));
#2147=DIRECTION('',(1.,0.,0.));
#2148=DIRECTION('',(0.,0.,-1.));
#2149=DIRECTION('',(-1.,0.,0.));
#2150=DIRECTION('',(0.,0.,-1.));
#2151=DIRECTION('',(1.,0.,0.));
#2152=DIRECTION('',(0.,0.,-1.));
#2153=DIRECTION('',(1.,0.,0.));
#2154=DIRECTION('',(0.,0.,-1.));
#2155=DIRECTION('',(-1.,0.,0.));
#2156=DIRECTION('',(0.,0.,-1.));
#2157=DIRECTION('',(1.,0.,0.));
#2158=DIRECTION('',(0.,0.,-1.));
#2159=DIRECTION('',(1.,0.,0.));
#2160=DIRECTION('',(0.,0.,-1.));
#2161=DIRECTION('',(-1.,0.,0.));
#2162=DIRECTION('',(0.,0.,-1.));
#2163=DIRECTION('',(1.,0.,0.));
#2164=DIRECTION('',(0.,0.,-1.));
#2165=DIRECTION('',(1.,0.,0.));
#2166=DIRECTION('',(0.,0.,-1.));
#2167=DIRECTION('',(-1.,0.,0.));
#2168=DIRECTION('',(0.,0.,-1.));
#2169=DIRECTION('',(1.,0.,0.));
#2170=DIRECTION('',(0.,0.,-1.));
#2171=DIRECTION('',(1.,0.,0.));
#2172=DIRECTION('',(0.,0.,-1.));
#2173=DIRECTION('',(-1.,0.,0.));
#2174=DIRECTION('',(0.,0.,-1.));
#2175=DIRECTION('',(1.,0.,0.));
#2176=DIRECTION('',(0.,0.,-1.));
#2177=DIRECTION('',(1.,0.,0.));
#2178=DIRECTION('',(0.,0.,-1.));
#2179=DIRECTION('',(-1.,0.,0.));
#2180=DIRECTION('',(0.,0.,-1.));
#2181=DIRECTION('',(1.,0.,0.));
#2182=DIRECTION('',(0.,0.,-1.));
#2183=DIRECTION('',(1.,0.,0.));
#2184=DIRECTION('',(0.,0.,-1.));
#2185=DIRECTION('',(-1.,0.,0.));
#2186=DIRECTION('',(0.,0.,-1.));
#2187=DIRECTION('',(1.,0.,0.));
#2188=DIRECTION('',(0.,0.,-1.));
#2189=DIRECTION('',(1.,0.,0.));
#2190=DIRECTION('',(0.,0.,-1.));
#2191=DIRECTION('',(-1.,0.,0.));
#2192=DIRECTION('',(0.,0.,-1.));
#2193=DIRECTION('',(1.,0.,0.));
#2194=DIRECTION('',(0.,0.,-1.));
#2195=DIRECTION('',(1.,0.,0.));
#2196=DIRECTION('',(-1.,0.,0.));
#2197=DIRECTION('',(0.,0.,1.));
#2198=DIRECTION('',(1.,0.,0.));
#2199=DIRECTION('',(0.,0.,-1.));
#2200=DIRECTION('',(0.,-1.,0.));
#2201=DIRECTION('',(0.,0.,-1.));
#2202=DIRECTION('',(-1.,0.,0.));
#2203=DIRECTION('',(0.,0.,1.));
#2204=DIRECTION('',(-1.,0.,0.));
#2205=DIRECTION('',(-1.,0.,0.));
#2206=DIRECTION('',(0.,0.,1.));
#2207=DIRECTION('',(1.,0.,0.));
#2208=DIRECTION('',(0.,0.,-1.));
#2209=DIRECTION('',(0.,0.,1.));
#2210=DIRECTION('',(1.,0.,0.));
#2211=DIRECTION('',(0.,1.,0.));
#2212=DIRECTION('',(-1.,0.,0.));
#2213=DIRECTION('',(-1.,0.,0.));
#2214=DIRECTION('',(0.,1.,1.1823360659602E-16));
#2215=DIRECTION('',(0.,-1.1823360659602E-16,1.));
#2216=DIRECTION('',(0.,1.1823360659602E-16,-1.));
#2217=DIRECTION('',(1.,0.,0.));
#2218=DIRECTION('',(-1.,0.,0.));
#2219=DIRECTION('',(1.,0.,0.));
#2220=DIRECTION('',(0.,1.,0.));
#2221=DIRECTION('',(1.,0.,0.));
#2222=DIRECTION('',(0.,1.,0.));
#2223=DIRECTION('',(1.,0.,0.));
#2224=DIRECTION('',(0.,1.,0.));
#2225=DIRECTION('',(1.,0.,0.));
#2226=DIRECTION('',(0.,0.,-1.));
#2227=DIRECTION('',(1.,0.,0.));
#2228=DIRECTION('',(0.,0.,-1.));
#2229=DIRECTION('',(1.,0.,0.));
#2230=DIRECTION('',(0.,0.,-1.));
#2231=DIRECTION('',(0.,0.554700196225229,0.832050294337844));
#2232=DIRECTION('',(1.,0.,0.));
#2233=DIRECTION('',(0.,0.,-1.));
#2234=DIRECTION('',(1.,0.,0.));
#2235=DIRECTION('',(0.,0.,-1.));
#2236=DIRECTION('',(0.,-0.832050294337844,0.554700196225229));
#2237=DIRECTION('',(1.,0.,0.));
#2238=DIRECTION('',(-1.,0.,0.));
#2239=DIRECTION('',(1.,0.,0.));
#2240=DIRECTION('',(1.,0.,0.));
#2241=DIRECTION('',(0.,0.,-1.));
#2242=DIRECTION('',(1.,0.,0.));
#2243=DIRECTION('',(0.,0.,-1.));
#2244=DIRECTION('',(-1.,0.,0.));
#2245=DIRECTION('',(0.,0.,1.));
#2246=DIRECTION('',(-1.,0.,0.));
#2247=DIRECTION('',(0.,0.,1.));
#2248=DIRECTION('',(-1.,0.,0.));
#2249=DIRECTION('',(0.,0.,1.));
#2250=DIRECTION('',(-1.,0.,0.));
#2251=DIRECTION('',(0.,0.,1.));
#2252=DIRECTION('',(0.,-1.,0.));
#2253=DIRECTION('',(0.,0.,-1.));
#2254=DIRECTION('',(0.,-1.,0.));
#2255=DIRECTION('',(-1.,0.,3.01691039300315E-16));
#2256=DIRECTION('',(3.01691039300315E-16,0.,1.));
#2257=DIRECTION('',(0.,-1.,0.));
#2258=DIRECTION('',(-3.01691039300315E-16,0.,-1.));
#2259=DIRECTION('',(0.,-1.,0.));
#2260=DIRECTION('',(-1.,0.,0.));
#2261=DIRECTION('',(0.,0.,1.));
#2262=DIRECTION('',(0.,-1.,0.));
#2263=DIRECTION('',(0.,0.,-1.));
#2264=DIRECTION('',(0.,-1.,0.));
#2265=DIRECTION('',(8.67361737988406E-16,0.,1.));
#2266=DIRECTION('',(1.,0.,-8.67361737988406E-16));
#2267=DIRECTION('',(0.,-1.,0.));
#2268=DIRECTION('',(0.,0.,-1.));
#2269=DIRECTION('',(-1.,0.,0.));
#2270=DIRECTION('',(0.,0.,-1.));
#2271=DIRECTION('',(-1.,0.,0.));
#2272=DIRECTION('',(-1.,0.,0.));
#2273=DIRECTION('',(0.,0.,1.));
#2274=DIRECTION('',(0.,-1.,0.));
#2275=DIRECTION('',(0.,0.,-1.));
#2276=DIRECTION('',(4.87890977618478E-16,0.,1.));
#2277=DIRECTION('',(1.,0.,-4.87890977618478E-16));
#2278=DIRECTION('',(0.,0.,-1.));
#2279=DIRECTION('',(-1.,0.,0.));
#2280=DIRECTION('',(0.,0.,-1.));
#2281=DIRECTION('',(-1.,0.,0.));
#2282=DIRECTION('',(0.,0.,-1.));
#2283=DIRECTION('',(-1.,0.,0.));
#2284=DIRECTION('',(0.,0.,-1.));
#2285=DIRECTION('',(-1.,0.,0.));
#2286=DIRECTION('',(0.,0.,-1.));
#2287=DIRECTION('',(-1.,0.,0.));
#2288=DIRECTION('',(0.,-1.,0.));
#2289=DIRECTION('',(0.,-1.,0.));
#2290=DIRECTION('',(-1.,0.,0.));
#2291=DIRECTION('',(0.,0.,1.));
#2292=DIRECTION('',(0.,-1.,0.));
#2293=DIRECTION('',(7.2280144832367E-17,0.,-1.));
#2294=DIRECTION('',(-1.,0.,-7.2280144832367E-17));
#2295=DIRECTION('',(0.,-1.,0.));
#2296=DIRECTION('',(-1.,0.,1.13134139737618E-16));
#2297=DIRECTION('',(1.13134139737618E-16,0.,1.));
#2298=CARTESIAN_POINT('',(0.,0.,0.));
#2299=CARTESIAN_POINT('',(-0.0250664664796072,0.0435,0.00145));
#2300=CARTESIAN_POINT('',(-0.0250664664796072,0.0475,0.00145));
#2301=CARTESIAN_POINT('',(-0.0230664664796072,0.0475,0.00145));
#2302=CARTESIAN_POINT('',(-0.0270664664796071,0.0475,0.00145));
#2303=CARTESIAN_POINT('',(-0.0270664664796071,0.0435,0.00145));
#2304=CARTESIAN_POINT('',(-0.0270664664796071,0.0435,0.00145));
#2305=CARTESIAN_POINT('',(-0.0210664664796072,0.0435,0.00145));
#2306=CARTESIAN_POINT('',(-0.0150664664796072,0.0435,0.00145));
#2307=CARTESIAN_POINT('',(-0.0150664664796072,0.0435,0.00145));
#2308=CARTESIAN_POINT('',(-0.0150664664796072,0.0475,0.00145));
#2309=CARTESIAN_POINT('',(-0.0170664664796072,0.0475,0.00145));
#2310=CARTESIAN_POINT('',(-0.0190664664796072,0.0475,0.00145));
#2311=CARTESIAN_POINT('',(-0.0190664664796072,0.0435,0.00145));
#2312=CARTESIAN_POINT('',(-0.0190664664796072,0.0435,0.00145));
#2313=CARTESIAN_POINT('',(-0.0210664664796072,0.0435,0.00145));
#2314=CARTESIAN_POINT('',(-0.0230664664796072,0.0435,0.00145));
#2315=CARTESIAN_POINT('',(-0.0230664664796072,0.0435,0.00145));
#2316=CARTESIAN_POINT('',(-0.0250664664796072,0.0435,0.01295));
#2317=CARTESIAN_POINT('',(-0.0250664664796072,0.0475,0.01295));
#2318=CARTESIAN_POINT('',(-0.0230664664796072,0.0475,0.01295));
#2319=CARTESIAN_POINT('',(-0.0270664664796071,0.0475,0.01295));
#2320=CARTESIAN_POINT('',(-0.0230664664796072,0.0435,0.01295));
#2321=CARTESIAN_POINT('',(-0.0230664664796072,0.0435,0.01295));
#2322=CARTESIAN_POINT('',(-0.0210664664796072,0.0435,0.01295));
#2323=CARTESIAN_POINT('',(-0.0190664664796072,0.0435,0.01295));
#2324=CARTESIAN_POINT('',(-0.0190664664796072,0.0435,0.01295));
#2325=CARTESIAN_POINT('',(-0.0190664664796072,0.0475,0.01295));
#2326=CARTESIAN_POINT('',(-0.0170664664796072,0.0475,0.01295));
#2327=CARTESIAN_POINT('',(-0.0150664664796072,0.0475,0.01295));
#2328=CARTESIAN_POINT('',(-0.0150664664796072,0.0435,0.01295));
#2329=CARTESIAN_POINT('',(-0.0150664664796072,0.0435,0.01295));
#2330=CARTESIAN_POINT('',(-0.0210664664796072,0.0435,0.01295));
#2331=CARTESIAN_POINT('',(-0.0270664664796071,0.0435,0.01295));
#2332=CARTESIAN_POINT('',(-0.0270664664796071,0.0435,0.01295));
#2333=CARTESIAN_POINT('',(-0.0270664664796071,0.0435,0.0072));
#2334=CARTESIAN_POINT('',(-0.0270664664796071,0.0475,0.0072));
#2335=CARTESIAN_POINT('',(-0.0270664664796071,0.0435,0.0072));
#2336=CARTESIAN_POINT('',(-0.0230664664796072,0.0435,0.0072));
#2337=CARTESIAN_POINT('',(-0.0230664664796072,0.0475,0.0072));
#2338=CARTESIAN_POINT('',(-0.0230664664796072,0.0435,0.0072));
#2339=CARTESIAN_POINT('',(-0.0150664664796072,0.0435,0.0072));
#2340=CARTESIAN_POINT('',(-0.0150664664796072,0.0475,0.0072));
#2341=CARTESIAN_POINT('',(-0.0150664664796072,0.0435,0.0072));
#2342=CARTESIAN_POINT('',(-0.0190664664796072,0.0435,0.0072));
#2343=CARTESIAN_POINT('',(-0.0190664664796072,0.0475,0.0072));
#2344=CARTESIAN_POINT('',(-0.0190664664796072,0.0435,0.0072));
#2345=CARTESIAN_POINT('',(-0.0210664664796072,0.0435,0.00816040704983461));
#2346=CARTESIAN_POINT('',(-0.0210664664796072,0.0435,0.00816040704983461));
#2347=CARTESIAN_POINT('',(0.,-0.0475,0.015));
#2348=CARTESIAN_POINT('',(-0.0230664664796072,-0.0475,0.0072));
#2349=CARTESIAN_POINT('',(-0.0230664664796072,-0.0475,0.01295));
#2350=CARTESIAN_POINT('',(-0.0230664664796072,-0.0475,0.00145));
#2351=CARTESIAN_POINT('',(-0.0250664664796072,-0.0475,0.00145));
#2352=CARTESIAN_POINT('',(-0.0270664664796071,-0.0475,0.00145));
#2353=CARTESIAN_POINT('',(-0.0270664664796071,-0.0475,0.0072));
#2354=CARTESIAN_POINT('',(-0.0270664664796071,-0.0475,0.01295));
#2355=CARTESIAN_POINT('',(-0.0250664664796072,-0.0475,0.01295));
#2356=CARTESIAN_POINT('',(0.,-0.0475,0.));
#2357=CARTESIAN_POINT('',(-0.0575,-0.0475,0.));
#2358=CARTESIAN_POINT('',(0.0575,-0.0475,0.));
#2359=CARTESIAN_POINT('',(0.0575,-0.0475,0.015));
#2360=CARTESIAN_POINT('',(0.0575,-0.0475,0.015));
#2361=CARTESIAN_POINT('',(0.,-0.0475,0.015));
#2362=CARTESIAN_POINT('',(-0.0575,-0.0475,0.015));
#2363=CARTESIAN_POINT('',(-0.0575,-0.0475,0.015));
#2364=CARTESIAN_POINT('',(-0.0170664664796072,-0.0475,0.01295));
#2365=CARTESIAN_POINT('',(-0.0190664664796072,-0.0475,0.01295));
#2366=CARTESIAN_POINT('',(-0.0150664664796072,-0.0475,0.01295));
#2367=CARTESIAN_POINT('',(-0.0150664664796072,-0.0475,0.0072));
#2368=CARTESIAN_POINT('',(-0.0150664664796072,-0.0475,0.00145));
#2369=CARTESIAN_POINT('',(-0.0170664664796072,-0.0475,0.00145));
#2370=CARTESIAN_POINT('',(-0.0190664664796072,-0.0475,0.00145));
#2371=CARTESIAN_POINT('',(-0.0190664664796072,-0.0475,0.0072));
#2372=CARTESIAN_POINT('',(-0.00493353352039283,-0.0475,0.01295));
#2373=CARTESIAN_POINT('',(-0.00793353352039283,-0.0475,0.01295));
#2374=CARTESIAN_POINT('',(-0.00193353352039283,-0.0475,0.01295));
#2375=CARTESIAN_POINT('',(-0.00193353352039283,-0.0475,0.0072));
#2376=CARTESIAN_POINT('',(-0.00193353352039283,-0.0475,0.00145));
#2377=CARTESIAN_POINT('',(-0.00493353352039283,-0.0475,0.00145));
#2378=CARTESIAN_POINT('',(-0.00793353352039283,-0.0475,0.00145));
#2379=CARTESIAN_POINT('',(-0.00793353352039283,-0.0475,0.0072));
#2380=CARTESIAN_POINT('',(0.,0.0475,0.015));
#2381=CARTESIAN_POINT('',(0.,0.0475,0.015));
#2382=CARTESIAN_POINT('',(-0.0575,0.0475,0.015));
#2383=CARTESIAN_POINT('',(0.0575,0.0475,0.015));
#2384=CARTESIAN_POINT('',(0.0575,0.0475,0.015));
#2385=CARTESIAN_POINT('',(0.0575,0.0475,0.));
#2386=CARTESIAN_POINT('',(0.,0.0475,0.));
#2387=CARTESIAN_POINT('',(-0.0575,0.0475,0.));
#2388=CARTESIAN_POINT('',(-0.0575,0.0475,0.015));
#2389=CARTESIAN_POINT('',(-0.00193353352039283,0.0475,0.0072));
#2390=CARTESIAN_POINT('',(-0.00193353352039283,0.0475,0.01295));
#2391=CARTESIAN_POINT('',(-0.00193353352039283,0.0475,0.00145));
#2392=CARTESIAN_POINT('',(-0.00493353352039283,0.0475,0.01295));
#2393=CARTESIAN_POINT('',(-0.00793353352039283,0.0475,0.01295));
#2394=CARTESIAN_POINT('',(-0.00793353352039283,0.0475,0.0072));
#2395=CARTESIAN_POINT('',(-0.00793353352039283,0.0475,0.00145));
#2396=CARTESIAN_POINT('',(-0.00493353352039283,0.0475,0.00145));
#2397=CARTESIAN_POINT('',(0.025,0.0221,0.045));
#2398=CARTESIAN_POINT('',(-0.0575,0.0375,0.0219));
#2399=CARTESIAN_POINT('',(-0.0675,0.0375,0.0219));
#2400=CARTESIAN_POINT('',(-0.0672493114460289,0.0397250677132012,0.0185623984301982));
#2401=CARTESIAN_POINT('',(-0.0675,0.0291461538461539,0.0344307692307693));
#2402=CARTESIAN_POINT('',(-0.0675,0.0234435976452972,0.0429846035320541));
#2403=CARTESIAN_POINT('',(0.025,0.0234435976452972,0.0429846035320541));
#2404=CARTESIAN_POINT('',(0.03,0.0234435976452972,0.0429846035320541));
#2405=CARTESIAN_POINT('',(0.03,0.0221,0.045));
#2406=CARTESIAN_POINT('',(0.03,0.0397250677132012,0.0185623984301982));
#2407=CARTESIAN_POINT('',(0.025,0.0397250677132012,0.0185623984301982));
#2408=CARTESIAN_POINT('',(-0.0675,0.,0.015));
#2409=CARTESIAN_POINT('',(-0.0675,0.01105,0.0201));
#2410=CARTESIAN_POINT('',(-0.0675,0.01105,0.01505));
#2411=CARTESIAN_POINT('',(-0.0675,0.01105,0.058638));
#2412=CARTESIAN_POINT('',(-0.0675,0.01105,0.053588));
#2413=CARTESIAN_POINT('',(-0.0675,0.0375,0.));
#2414=CARTESIAN_POINT('',(-0.0675,0.0375,0.));
#2415=CARTESIAN_POINT('',(-0.0675,0.,0.));
#2416=CARTESIAN_POINT('',(-0.0675,-0.0375,0.));
#2417=CARTESIAN_POINT('',(-0.0675,-0.0375,0.015));
#2418=CARTESIAN_POINT('',(-0.0675,-0.0375,0.015));
#2419=CARTESIAN_POINT('',(-0.0675,0.,0.015));
#2420=CARTESIAN_POINT('',(-0.0675,-0.0242814700679039,0.015));
#2421=CARTESIAN_POINT('',(-0.0675,-0.0242814700679039,0.023));
#2422=CARTESIAN_POINT('',(-0.0675,-0.0176250677132012,0.0185623984301982));
#2423=CARTESIAN_POINT('',(-0.0675,-0.0138461538461538,0.0242307692307692));
#2424=CARTESIAN_POINT('',(-0.0675,-0.00134359764529725,0.0429846035320541));
#2425=CARTESIAN_POINT('',(-0.0675,-0.008,0.0474222051018559));
#2426=CARTESIAN_POINT('',(-0.0675,0.,0.0474222051018559));
#2427=CARTESIAN_POINT('',(-0.0675,0.,0.044344));
#2428=CARTESIAN_POINT('',(-0.0675,0.,0.065688));
#2429=CARTESIAN_POINT('',(-0.0675,0.008,0.065688));
#2430=CARTESIAN_POINT('',(-0.0675,0.008,0.073688));
#2431=CARTESIAN_POINT('',(-0.0675,0.01105,0.073688));
#2432=CARTESIAN_POINT('',(-0.0675,0.0141,0.073688));
#2433=CARTESIAN_POINT('',(-0.0675,0.0141,0.065688));
#2434=CARTESIAN_POINT('',(-0.0675,0.0221,0.065688));
#2435=CARTESIAN_POINT('',(-0.0675,0.0221,0.044344));
#2436=CARTESIAN_POINT('',(-0.0675,0.0221,0.0474222051018559));
#2437=CARTESIAN_POINT('',(-0.0675,0.0301,0.0474222051018559));
#2438=CARTESIAN_POINT('',(0.,0.046381470067904,0.023));
#2439=CARTESIAN_POINT('',(-0.0672493114460289,0.0397250677132012,0.0185623984301982));
#2440=CARTESIAN_POINT('',(-0.067145701361287,0.040179043553624,0.0178814346695639));
#2441=CARTESIAN_POINT('',(-0.0668295921856488,0.0412783902534345,0.0166890131189199));
#2442=CARTESIAN_POINT('',(-0.0658008633045215,0.0432416810605567,0.0155419153195507));
#2443=CARTESIAN_POINT('',(-0.0641831316907786,0.04507350890624,0.0150510175937513));
#2444=CARTESIAN_POINT('',(-0.0628269916535287,0.0460030187025534,0.015));
#2445=CARTESIAN_POINT('',(-0.0620955945679451,0.046381470067904,0.015));
#2446=CARTESIAN_POINT('',(-0.0620955945679451,0.046381470067904,0.015));
#2447=CARTESIAN_POINT('',(0.03,0.046381470067904,0.023));
#2448=CARTESIAN_POINT('',(0.03,0.046381470067904,0.015));
#2449=CARTESIAN_POINT('',(0.,0.046381470067904,0.015));
#2450=CARTESIAN_POINT('',(0.0575,-0.0375,0.015));
#2451=CARTESIAN_POINT('',(0.0675,-0.0375,0.));
#2452=CARTESIAN_POINT('',(0.0675,-0.0375,0.006));
#2453=CARTESIAN_POINT('',(0.0675,-0.0375,0.));
#2454=CARTESIAN_POINT('',(0.0575,-0.0375,-0.004));
#2455=CARTESIAN_POINT('',(0.0661017440092112,-0.0426,0.00460174400921116));
#2456=CARTESIAN_POINT('',(0.0661017440092112,-0.0426,0.015));
#2457=CARTESIAN_POINT('',(0.0661017440092112,-0.0426,0.015));
#2458=CARTESIAN_POINT('',(0.0575,-0.0375,0.015));
#2459=CARTESIAN_POINT('',(0.0575,-0.0375,0.));
#2460=CARTESIAN_POINT('',(0.,0.,0.015));
#2461=CARTESIAN_POINT('',(0.03,0.01105,0.015));
#2462=CARTESIAN_POINT('',(0.03,-0.0242814700679039,0.015));
#2463=CARTESIAN_POINT('',(0.,-0.0242814700679039,0.015));
#2464=CARTESIAN_POINT('',(-0.0575,-0.0375,0.015));
#2465=CARTESIAN_POINT('',(0.,-0.0426,0.015));
#2466=CARTESIAN_POINT('',(0.055,-0.0426,0.015));
#2467=CARTESIAN_POINT('',(0.055,-0.011,0.015));
#2468=CARTESIAN_POINT('',(0.055,0.0206,0.015));
#2469=CARTESIAN_POINT('',(0.0963,0.0206,0.015));
#2470=CARTESIAN_POINT('',(0.0675,0.0206,0.015));
#2471=CARTESIAN_POINT('',(0.0675,0.,0.015));
#2472=CARTESIAN_POINT('',(0.0675,0.0375,0.015));
#2473=CARTESIAN_POINT('',(0.0575,0.0375,0.015));
#2474=CARTESIAN_POINT('',(-0.0575,0.0375,0.015));
#2475=CARTESIAN_POINT('',(0.0963,-0.011,0.037));
#2476=CARTESIAN_POINT('',(0.109,-0.0265,0.037));
#2477=CARTESIAN_POINT('',(0.1107,-0.0265,0.037));
#2478=CARTESIAN_POINT('',(0.109,-0.0265,0.037));
#2479=CARTESIAN_POINT('',(0.112,-0.0265,0.037));
#2480=CARTESIAN_POINT('',(0.0963,-0.011,0.037));
#2481=CARTESIAN_POINT('',(0.078,-0.0265,0.037));
#2482=CARTESIAN_POINT('',(0.0797,-0.0265,0.037));
#2483=CARTESIAN_POINT('',(0.078,-0.0265,0.037));
#2484=CARTESIAN_POINT('',(0.081,-0.0265,0.037));
#2485=CARTESIAN_POINT('',(0.0963,-0.011,0.037));
#2486=CARTESIAN_POINT('',(0.078,0.0045,0.037));
#2487=CARTESIAN_POINT('',(0.0797,0.0045,0.037));
#2488=CARTESIAN_POINT('',(0.078,0.0045,0.037));
#2489=CARTESIAN_POINT('',(0.081,0.0045,0.037));
#2490=CARTESIAN_POINT('',(0.0963,-0.011,0.037));
#2491=CARTESIAN_POINT('',(0.109,0.0045,0.037));
#2492=CARTESIAN_POINT('',(0.1107,0.0045,0.037));
#2493=CARTESIAN_POINT('',(0.109,0.0045,0.037));
#2494=CARTESIAN_POINT('',(0.112,0.0045,0.037));
#2495=CARTESIAN_POINT('',(0.109,-0.0265,0.037));
#2496=CARTESIAN_POINT('',(0.109,-0.0265,0.034));
#2497=CARTESIAN_POINT('',(0.1107,-0.0265,0.034));
#2498=CARTESIAN_POINT('',(0.078,-0.0265,0.037));
#2499=CARTESIAN_POINT('',(0.078,-0.0265,0.034));
#2500=CARTESIAN_POINT('',(0.0797,-0.0265,0.034));
#2501=CARTESIAN_POINT('',(0.078,0.0045,0.037));
#2502=CARTESIAN_POINT('',(0.078,0.0045,0.034));
#2503=CARTESIAN_POINT('',(0.0797,0.0045,0.034));
#2504=CARTESIAN_POINT('',(0.109,0.0045,0.037));
#2505=CARTESIAN_POINT('',(0.109,0.0045,0.034));
#2506=CARTESIAN_POINT('',(0.1107,0.0045,0.034));
#2507=CARTESIAN_POINT('',(0.1151,-0.011,0.024));
#2508=CARTESIAN_POINT('',(0.1151,-0.011,0.034));
#2509=CARTESIAN_POINT('',(0.1151,-0.0287485281374238,0.034));
#2510=CARTESIAN_POINT('',(0.1151,0.00674852813742386,0.034));
#2511=CARTESIAN_POINT('',(0.1151,0.00674852813742386,0.024));
#2512=CARTESIAN_POINT('',(0.1151,0.00674852813742386,0.024));
#2513=CARTESIAN_POINT('',(0.1151,-0.011,0.024));
#2514=CARTESIAN_POINT('',(0.1151,-0.0287485281374238,0.024));
#2515=CARTESIAN_POINT('',(0.1151,-0.0287485281374238,0.024));
#2516=CARTESIAN_POINT('',(0.0935,-0.011,0.039));
#2517=CARTESIAN_POINT('',(0.0935,-0.011,0.039));
#2518=CARTESIAN_POINT('',(0.1048,-0.011,0.039));
#2519=CARTESIAN_POINT('',(0.0935,-0.011,0.034));
#2520=CARTESIAN_POINT('',(0.1048,-0.011,0.034));
#2521=CARTESIAN_POINT('',(0.109,-0.0265,0.039));
#2522=CARTESIAN_POINT('',(0.109,-0.0265,0.039));
#2523=CARTESIAN_POINT('',(0.112,-0.0265,0.039));
#2524=CARTESIAN_POINT('',(0.078,-0.0265,0.039));
#2525=CARTESIAN_POINT('',(0.078,-0.0265,0.039));
#2526=CARTESIAN_POINT('',(0.081,-0.0265,0.039));
#2527=CARTESIAN_POINT('',(0.078,0.0045,0.039));
#2528=CARTESIAN_POINT('',(0.078,0.0045,0.039));
#2529=CARTESIAN_POINT('',(0.081,0.0045,0.039));
#2530=CARTESIAN_POINT('',(0.109,0.0045,0.039));
#2531=CARTESIAN_POINT('',(0.109,0.0045,0.039));
#2532=CARTESIAN_POINT('',(0.112,0.0045,0.039));
#2533=CARTESIAN_POINT('',(0.1251,-0.011,0.039));
#2534=CARTESIAN_POINT('',(0.1251,-0.011,0.024));
#2535=CARTESIAN_POINT('',(0.1251,0.0106,0.024));
#2536=CARTESIAN_POINT('',(0.1251,-0.0326,0.024));
#2537=CARTESIAN_POINT('',(0.1251,0.0106,0.039));
#2538=CARTESIAN_POINT('',(0.1251,0.0106,0.039));
#2539=CARTESIAN_POINT('',(0.1251,-0.011,0.039));
#2540=CARTESIAN_POINT('',(0.1251,-0.0326,0.039));
#2541=CARTESIAN_POINT('',(0.1251,-0.0326,0.024));
#2542=CARTESIAN_POINT('',(0.113174264068712,0.00867426406871193,0.024));
#2543=CARTESIAN_POINT('',(0.113174264068712,0.00867426406871193,0.034));
#2544=CARTESIAN_POINT('',(0.111248528137424,0.0106,0.034));
#2545=CARTESIAN_POINT('',(0.111248528137424,0.0106,0.024));
#2546=CARTESIAN_POINT('',(0.111248528137424,0.0106,0.024));
#2547=CARTESIAN_POINT('',(0.113174264068712,0.00867426406871193,0.024));
#2548=CARTESIAN_POINT('',(0.113174264068712,-0.0306742640687119,0.024));
#2549=CARTESIAN_POINT('',(0.113174264068712,-0.0306742640687119,0.034));
#2550=CARTESIAN_POINT('',(0.111248528137424,-0.0326,0.034));
#2551=CARTESIAN_POINT('',(0.113174264068712,-0.0306742640687119,0.024));
#2552=CARTESIAN_POINT('',(0.111248528137424,-0.0326,0.024));
#2553=CARTESIAN_POINT('',(0.111248528137424,-0.0326,0.024));
#2554=CARTESIAN_POINT('',(0.0963,-0.011,0.034));
#2555=CARTESIAN_POINT('',(0.0738257359312881,0.00867426406871192,0.034));
#2556=CARTESIAN_POINT('',(0.0757514718625761,0.0106,0.034));
#2557=CARTESIAN_POINT('',(0.0719,0.00674852813742385,0.034));
#2558=CARTESIAN_POINT('',(0.0935,0.0106,0.034));
#2559=CARTESIAN_POINT('',(0.0935,-0.0326,0.034));
#2560=CARTESIAN_POINT('',(0.0757514718625762,-0.0326,0.034));
#2561=CARTESIAN_POINT('',(0.0738257359312881,-0.0306742640687119,0.034));
#2562=CARTESIAN_POINT('',(0.0719,-0.0287485281374238,0.034));
#2563=CARTESIAN_POINT('',(0.0719,-0.011,0.034));
#2564=CARTESIAN_POINT('',(0.1151,-0.0326,0.039));
#2565=CARTESIAN_POINT('',(0.1151,-0.0326,0.039));
#2566=CARTESIAN_POINT('',(0.1151,-0.0426,0.039));
#2567=CARTESIAN_POINT('',(0.1151,-0.0426,0.039));
#2568=CARTESIAN_POINT('',(0.1151,-0.0426,0.024));
#2569=CARTESIAN_POINT('',(0.1151,-0.0326,0.024));
#2570=CARTESIAN_POINT('',(0.0963,-0.011,0.024));
#2571=CARTESIAN_POINT('',(0.0963,0.0206,0.024));
#2572=CARTESIAN_POINT('',(0.0855,0.0206,0.024));
#2573=CARTESIAN_POINT('',(0.1151,0.0206,0.024));
#2574=CARTESIAN_POINT('',(0.1151,0.0106,0.024));
#2575=CARTESIAN_POINT('',(0.0963,-0.0426,0.024));
#2576=CARTESIAN_POINT('',(0.0855,-0.0426,0.024));
#2577=CARTESIAN_POINT('',(0.0855,-0.011,0.024));
#2578=CARTESIAN_POINT('',(0.0855,-0.0326,0.024));
#2579=CARTESIAN_POINT('',(0.0935,-0.0326,0.024));
#2580=CARTESIAN_POINT('',(0.0935,0.0106,0.024));
#2581=CARTESIAN_POINT('',(0.0855,0.0106,0.024));
#2582=CARTESIAN_POINT('',(0.0855,-0.011,0.024));
#2583=CARTESIAN_POINT('',(0.1151,0.0106,0.039));
#2584=CARTESIAN_POINT('',(0.1151,0.0106,0.039));
#2585=CARTESIAN_POINT('',(0.1151,0.0206,0.039));
#2586=CARTESIAN_POINT('',(0.1151,0.0206,0.039));
#2587=CARTESIAN_POINT('',(0.0963,-0.011,0.039));
#2588=CARTESIAN_POINT('',(0.0963,0.0206,0.039));
#2589=CARTESIAN_POINT('',(0.06,0.0206,0.039));
#2590=CARTESIAN_POINT('',(0.06,-0.0426,0.039));
#2591=CARTESIAN_POINT('',(0.06,-0.0426,0.039));
#2592=CARTESIAN_POINT('',(0.0963,-0.0426,0.039));
#2593=CARTESIAN_POINT('',(0.06,-0.011,0.039));
#2594=CARTESIAN_POINT('',(0.07815,0.0206,0.05715));
#2595=CARTESIAN_POINT('',(0.055,0.0206,0.034));
#2596=CARTESIAN_POINT('',(0.055,0.0206,0.034));
#2597=CARTESIAN_POINT('',(0.055,-0.0426,0.034));
#2598=CARTESIAN_POINT('',(0.06,-0.0426,0.039));
#2599=CARTESIAN_POINT('',(0.055,-0.011,0.039));
#2600=CARTESIAN_POINT('',(0.055,-0.0426,0.039));
#2601=CARTESIAN_POINT('',(0.055,0.0206,0.039));
#2602=CARTESIAN_POINT('',(0.,0.0206,0.015));
#2603=CARTESIAN_POINT('',(0.0675,0.0206,0.006));
#2604=CARTESIAN_POINT('',(0.0675,0.0206,0.006));
#2605=CARTESIAN_POINT('',(0.0675,0.0206,0.015));
#2606=CARTESIAN_POINT('',(0.,-0.0426,0.015));
#2607=CARTESIAN_POINT('',(0.03825,-0.0426,-0.02325));
#2608=CARTESIAN_POINT('',(0.0675,0.,0.006));
#2609=CARTESIAN_POINT('',(0.0895,0.0106,0.028));
#2610=CARTESIAN_POINT('',(0.0757514718625761,0.0106,0.0142514718625761));
#2611=CARTESIAN_POINT('',(0.0777171572875254,0.0125656854249492,0.0162171572875254));
#2612=CARTESIAN_POINT('',(0.0719,0.00674852813742386,0.0104));
#2613=CARTESIAN_POINT('',(0.0719,-0.011,0.0104));
#2614=CARTESIAN_POINT('',(0.0719,-0.0287485281374238,0.0104));
#2615=CARTESIAN_POINT('',(0.0777171572875254,-0.0345656854249492,0.0162171572875254));
#2616=CARTESIAN_POINT('',(0.0757514718625762,-0.0326,0.0142514718625761));
#2617=CARTESIAN_POINT('',(0.0895,-0.0326,0.028));
#2618=CARTESIAN_POINT('',(0.0675,0.,0.006));
#2619=CARTESIAN_POINT('',(0.0935,-0.0326,0.024));
#2620=CARTESIAN_POINT('',(0.0757514718625762,-0.0326,0.024));
#2621=CARTESIAN_POINT('',(0.0935,0.0106,0.024));
#2622=CARTESIAN_POINT('',(0.0757514718625761,0.0106,0.024));
#2623=CARTESIAN_POINT('',(0.0738257359312881,0.00867426406871192,0.024));
#2624=CARTESIAN_POINT('',(0.0719,0.00674852813742386,0.024));
#2625=CARTESIAN_POINT('',(0.0719,-0.011,0.024));
#2626=CARTESIAN_POINT('',(0.0719,-0.0287485281374238,0.024));
#2627=CARTESIAN_POINT('',(0.0738257359312881,-0.0306742640687119,0.024));
#2628=CARTESIAN_POINT('',(0.,0.,0.));
#2629=CARTESIAN_POINT('',(-0.05025,0.0105,0.));
#2630=CARTESIAN_POINT('',(-0.04725,0.0105,0.));
#2631=CARTESIAN_POINT('',(-0.02175,0.0105,0.));
#2632=CARTESIAN_POINT('',(-0.01875,0.0105,0.));
#2633=CARTESIAN_POINT('',(-0.02175,-0.0105,0.));
#2634=CARTESIAN_POINT('',(-0.01875,-0.0105,0.));
#2635=CARTESIAN_POINT('',(0.02175,-0.0105,0.));
#2636=CARTESIAN_POINT('',(0.02475,-0.0105,0.));
#2637=CARTESIAN_POINT('',(0.05025,0.0105,0.));
#2638=CARTESIAN_POINT('',(0.05325,0.0105,0.));
#2639=CARTESIAN_POINT('',(0.05025,-0.0105,0.));
#2640=CARTESIAN_POINT('',(0.05325,-0.0105,0.));
#2641=CARTESIAN_POINT('',(0.02175,0.0105,0.));
#2642=CARTESIAN_POINT('',(0.02475,0.0105,0.));
#2643=CARTESIAN_POINT('',(-0.05025,-0.0105,0.));
#2644=CARTESIAN_POINT('',(-0.04725,-0.0105,0.));
#2645=CARTESIAN_POINT('',(0.0575,0.0375,0.));
#2646=CARTESIAN_POINT('',(0.0675,0.0375,0.));
#2647=CARTESIAN_POINT('',(0.0675,0.,0.));
#2648=CARTESIAN_POINT('',(-0.0575,-0.0375,0.));
#2649=CARTESIAN_POINT('',(-0.0575,0.0375,0.));
#2650=CARTESIAN_POINT('',(0.0675,0.,0.015));
#2651=CARTESIAN_POINT('',(0.0675,0.0375,0.015));
#2652=CARTESIAN_POINT('',(0.0575,0.0375,0.015));
#2653=CARTESIAN_POINT('',(-0.0575,-0.0375,0.015));
#2654=CARTESIAN_POINT('',(-0.0575,0.0375,0.015));
#2655=CARTESIAN_POINT('',(-0.05025,-0.0105,0.011));
#2656=CARTESIAN_POINT('',(-0.05025,-0.0105,0.011));
#2657=CARTESIAN_POINT('',(-0.04725,-0.0105,0.011));
#2658=CARTESIAN_POINT('',(0.,0.,0.011));
#2659=CARTESIAN_POINT('',(0.02175,0.0105,0.011));
#2660=CARTESIAN_POINT('',(0.02175,0.0105,0.011));
#2661=CARTESIAN_POINT('',(0.02475,0.0105,0.011));
#2662=CARTESIAN_POINT('',(0.,0.,0.011));
#2663=CARTESIAN_POINT('',(0.05025,-0.0105,0.011));
#2664=CARTESIAN_POINT('',(0.05025,-0.0105,0.011));
#2665=CARTESIAN_POINT('',(0.05325,-0.0105,0.011));
#2666=CARTESIAN_POINT('',(0.,0.,0.011));
#2667=CARTESIAN_POINT('',(0.05025,0.0105,0.011));
#2668=CARTESIAN_POINT('',(0.05025,0.0105,0.011));
#2669=CARTESIAN_POINT('',(0.05325,0.0105,0.011));
#2670=CARTESIAN_POINT('',(0.,0.,0.011));
#2671=CARTESIAN_POINT('',(0.02175,-0.0105,0.011));
#2672=CARTESIAN_POINT('',(0.02175,-0.0105,0.011));
#2673=CARTESIAN_POINT('',(0.02475,-0.0105,0.011));
#2674=CARTESIAN_POINT('',(0.,0.,0.011));
#2675=CARTESIAN_POINT('',(-0.02175,-0.0105,0.011));
#2676=CARTESIAN_POINT('',(-0.02175,-0.0105,0.011));
#2677=CARTESIAN_POINT('',(-0.01875,-0.0105,0.011));
#2678=CARTESIAN_POINT('',(0.,0.,0.011));
#2679=CARTESIAN_POINT('',(-0.02175,0.0105,0.011));
#2680=CARTESIAN_POINT('',(-0.02175,0.0105,0.011));
#2681=CARTESIAN_POINT('',(-0.01875,0.0105,0.011));
#2682=CARTESIAN_POINT('',(0.,0.,0.011));
#2683=CARTESIAN_POINT('',(-0.05025,0.0105,0.011));
#2684=CARTESIAN_POINT('',(-0.05025,0.0105,0.011));
#2685=CARTESIAN_POINT('',(-0.04725,0.0105,0.011));
#2686=CARTESIAN_POINT('',(0.,0.,0.011));
#2687=CARTESIAN_POINT('',(0.025,0.01105,0.058638));
#2688=CARTESIAN_POINT('',(0.025,0.01105,0.058638));
#2689=CARTESIAN_POINT('',(0.025,0.01105,0.053588));
#2690=CARTESIAN_POINT('',(0.025,0.,0.044344));
#2691=CARTESIAN_POINT('',(0.025,0.,0.0474222051018559));
#2692=CARTESIAN_POINT('',(0.03,0.,0.0474222051018559));
#2693=CARTESIAN_POINT('',(0.03,0.,0.044344));
#2694=CARTESIAN_POINT('',(0.03,0.,0.065688));
#2695=CARTESIAN_POINT('',(0.025,0.,0.065688));
#2696=CARTESIAN_POINT('',(0.025,0.01105,0.0201));
#2697=CARTESIAN_POINT('',(0.025,0.01105,0.0201));
#2698=CARTESIAN_POINT('',(0.025,0.01105,0.01505));
#2699=CARTESIAN_POINT('',(0.025,0.01105,0.073688));
#2700=CARTESIAN_POINT('',(0.03,0.01105,0.073688));
#2701=CARTESIAN_POINT('',(0.03,0.008,0.073688));
#2702=CARTESIAN_POINT('',(0.03,0.0141,0.073688));
#2703=CARTESIAN_POINT('',(0.025,0.0141,0.073688));
#2704=CARTESIAN_POINT('',(0.025,0.008,0.073688));
#2705=CARTESIAN_POINT('',(0.025,0.0221,0.044344));
#2706=CARTESIAN_POINT('',(0.03,0.0221,0.044344));
#2707=CARTESIAN_POINT('',(0.03,0.0221,0.065688));
#2708=CARTESIAN_POINT('',(0.03,0.0221,0.0474222051018559));
#2709=CARTESIAN_POINT('',(0.025,0.0221,0.0474222051018559));
#2710=CARTESIAN_POINT('',(0.025,0.0221,0.065688));
#2711=CARTESIAN_POINT('',(0.025,0.,0.044344));
#2712=CARTESIAN_POINT('',(0.025,0.,0.044344));
#2713=CARTESIAN_POINT('',(0.03,0.,0.044344));
#2714=CARTESIAN_POINT('',(0.03,0.0141,0.065688));
#2715=CARTESIAN_POINT('',(0.03,0.008,0.065688));
#2716=CARTESIAN_POINT('',(0.03,-0.008,0.0474222051018559));
#2717=CARTESIAN_POINT('',(0.03,-0.00134359764529725,0.0429846035320541));
#2718=CARTESIAN_POINT('',(0.03,-0.02,0.015));
#2719=CARTESIAN_POINT('',(0.03,-0.0176250677132012,0.0185623984301982));
#2720=CARTESIAN_POINT('',(0.03,-0.0242814700679039,0.023));
#2721=CARTESIAN_POINT('',(0.03,0.0301,0.0474222051018559));
#2722=CARTESIAN_POINT('',(0.,-0.02,0.015));
#2723=CARTESIAN_POINT('',(0.,-0.0176250677132012,0.0185623984301982));
#2724=CARTESIAN_POINT('',(0.,-0.00134359764529725,0.0429846035320541));
#2725=CARTESIAN_POINT('',(0.,-0.0242814700679039,0.023));
#2726=CARTESIAN_POINT('',(0.025,0.0301,0.0474222051018559));
#2727=CARTESIAN_POINT('',(0.025,-0.008,0.0474222051018559));
#2728=CARTESIAN_POINT('',(0.025,0.0141,0.065688));
#2729=CARTESIAN_POINT('',(0.025,0.008,0.065688));
#2730=CARTESIAN_POINT('',(-0.0190664664796072,-0.0435,0.0072));
#2731=CARTESIAN_POINT('',(-0.0190664664796072,-0.0435,0.00145));
#2732=CARTESIAN_POINT('',(-0.0190664664796072,-0.0435,0.00145));
#2733=CARTESIAN_POINT('',(-0.0190664664796072,-0.0435,0.0072));
#2734=CARTESIAN_POINT('',(-0.0190664664796072,-0.0435,0.01295));
#2735=CARTESIAN_POINT('',(-0.0190664664796072,-0.0435,0.01295));
#2736=CARTESIAN_POINT('',(-0.0150664664796072,-0.0435,0.0072));
#2737=CARTESIAN_POINT('',(-0.0150664664796072,-0.0435,0.01295));
#2738=CARTESIAN_POINT('',(-0.0150664664796072,-0.0435,0.01295));
#2739=CARTESIAN_POINT('',(-0.0150664664796072,-0.0435,0.0072));
#2740=CARTESIAN_POINT('',(-0.0150664664796072,-0.0435,0.00145));
#2741=CARTESIAN_POINT('',(-0.0150664664796072,-0.0435,0.00145));
#2742=CARTESIAN_POINT('',(-0.0230664664796072,-0.0435,0.0072));
#2743=CARTESIAN_POINT('',(-0.0230664664796072,-0.0435,0.01295));
#2744=CARTESIAN_POINT('',(-0.0230664664796072,-0.0435,0.01295));
#2745=CARTESIAN_POINT('',(-0.0230664664796072,-0.0435,0.0072));
#2746=CARTESIAN_POINT('',(-0.0230664664796072,-0.0435,0.00145));
#2747=CARTESIAN_POINT('',(-0.0230664664796072,-0.0435,0.00145));
#2748=CARTESIAN_POINT('',(-0.0250664664796072,-0.0435,0.01295));
#2749=CARTESIAN_POINT('',(-0.0270664664796071,-0.0435,0.01295));
#2750=CARTESIAN_POINT('',(-0.0270664664796071,-0.0435,0.01295));
#2751=CARTESIAN_POINT('',(-0.0210664664796072,-0.0435,0.01295));
#2752=CARTESIAN_POINT('',(-0.0210664664796072,-0.0435,0.01295));
#2753=CARTESIAN_POINT('',(-0.0270664664796071,-0.0435,0.0072));
#2754=CARTESIAN_POINT('',(-0.0270664664796071,-0.0435,0.00145));
#2755=CARTESIAN_POINT('',(-0.0270664664796071,-0.0435,0.00145));
#2756=CARTESIAN_POINT('',(-0.0270664664796071,-0.0435,0.0072));
#2757=CARTESIAN_POINT('',(-0.0250664664796072,-0.0435,0.00145));
#2758=CARTESIAN_POINT('',(-0.0210664664796072,-0.0435,0.00145));
#2759=CARTESIAN_POINT('',(-0.0210664664796072,-0.0435,0.00145));
#2760=CARTESIAN_POINT('',(-0.0210664664796072,-0.0435,0.00816040704983461));
#2761=CARTESIAN_POINT('',(-0.0210664664796072,-0.0435,0.00816040704983461));
#2762=CARTESIAN_POINT('',(-0.00493353352039283,0.047502,0.01295));
#2763=CARTESIAN_POINT('',(-0.00193353352039283,0.047502,0.01295));
#2764=CARTESIAN_POINT('',(-0.00793353352039283,0.047502,0.01295));
#2765=CARTESIAN_POINT('',(-0.00793353352039283,0.047502,0.0072));
#2766=CARTESIAN_POINT('',(-0.00793353352039283,0.047502,0.00145));
#2767=CARTESIAN_POINT('',(-0.00493353352039283,0.047502,0.00145));
#2768=CARTESIAN_POINT('',(-0.00193353352039283,0.047502,0.00145));
#2769=CARTESIAN_POINT('',(-0.00193353352039283,0.047502,0.0072));
#2770=MECHANICAL_DESIGN_GEOMETRIC_PRESENTATION_REPRESENTATION('',(#1646),
#2771);
#2771=(
GEOMETRIC_REPRESENTATION_CONTEXT(3)
GLOBAL_UNCERTAINTY_ASSIGNED_CONTEXT((#2772))
GLOBAL_UNIT_ASSIGNED_CONTEXT((#2775,#2774,#2773))
REPRESENTATION_CONTEXT('Part 6','TOP_LEVEL_ASSEMBLY_PART')
);
#2772=UNCERTAINTY_MEASURE_WITH_UNIT(LENGTH_MEASURE(2.E-5),#2775,
'DISTANCE_ACCURACY_VALUE','Maximum Tolerance applied to model');
#2773=(
NAMED_UNIT(*)
SI_UNIT($,.STERADIAN.)
SOLID_ANGLE_UNIT()
);
#2774=(
NAMED_UNIT(*)
PLANE_ANGLE_UNIT()
SI_UNIT($,.RADIAN.)
);
#2775=(
LENGTH_UNIT()
NAMED_UNIT(*)
SI_UNIT($,.METRE.)
);
#2776=PRODUCT_DEFINITION_SHAPE('','',#2777);
#2777=PRODUCT_DEFINITION('','',#2779,#2778);
#2778=PRODUCT_DEFINITION_CONTEXT('',#2785,'design');
#2779=PRODUCT_DEFINITION_FORMATION_WITH_SPECIFIED_SOURCE('','',#2781,
 .NOT_KNOWN.);
#2780=PRODUCT_RELATED_PRODUCT_CATEGORY('','',(#2781));
#2781=PRODUCT('Part 6','Part 6','Part 6',(#2783));
#2782=PRODUCT_CATEGORY('','');
#2783=PRODUCT_CONTEXT('',#2785,'mechanical');
#2784=APPLICATION_PROTOCOL_DEFINITION('international standard',
'ap242_managed_model_based_3d_engineering',2020,#2785);
#2785=APPLICATION_CONTEXT('managed model based 3d engineering');
ENDSEC;
END-ISO-10303-21;
