ISO-10303-21;
HEADER;
/* Generated by software containing ST-Developer
 * from STEP Tools, Inc. (www.steptools.com) 
 */
/* OPTION: using custom renumber hook */

FILE_DESCRIPTION(
/* description */ ('STEP AP242 Edition 2',
'CAx-IF Rec.Pracs.---Representation and Presentation of Product Manufa
cturing Information (PMI)---4.0---2014-10-13',
'CAx-IF Rec.Pracs.---3D Tessellated Geometry---0.4---2014-09-14','2;1',
'CAx-IF Rec.Pracs.---User Defined Attributes---1.5---2016-08-15'),
/* implementation_level */ '2;1');

FILE_NAME(
/* name */ 'Servo Gear - Spur gear (10 teeth)',
/* time_stamp */ '2026-10-04T09:38:31Z',
/* author */ (''),
/* organization */ (''),
/* preprocessor_version */ 'ST-DEVELOPER v20',
/* originating_system */ 'ONSHAPE BY PTC INC, 1.221',
/* authorisation */ '  ');

FILE_SCHEMA (('AP242_MANAGED_MODEL_BASED_3D_ENGINEERING_MIM_LF { 1 0 10303 442 3 1 4 }'));
ENDSEC;

DATA;
#10=SHAPE_REPRESENTATION_RELATIONSHIP('','',#1191,#11);
#11=ADVANCED_BREP_SHAPE_REPRESENTATION('',(#1189),#4219);
#12=B_SPLINE_SURFACE_WITH_KNOTS('',3,1,((#3587,#3588),(#3589,#3590),(#3591,
#3592),(#3593,#3594),(#3595,#3596),(#3597,#3598),(#3599,#3600),(#3601,#3602),
(#3603,#3604),(#3605,#3606),(#3607,#3608),(#3609,#3610),(#3611,#3612),(#3613,
#3614)),.SURF_OF_LINEAR_EXTRUSION.,.F.,.F.,.F.,(4,1,1,1,1,1,1,1,1,1,1,4),
(2,2),(0.0344739746653205,0.0942195892359151,0.109155992878564,0.124092396521212,
0.15396520380651,0.213710818377104,0.273456432947699,0.392947662088888,
0.512438891230077,0.631930120371266,0.751421349512456,0.990403807794834),
(0.,1.),.UNSPECIFIED.);
#13=B_SPLINE_SURFACE_WITH_KNOTS('',3,1,((#3616,#3617),(#3618,#3619),(#3620,
#3621),(#3622,#3623),(#3624,#3625),(#3626,#3627),(#3628,#3629),(#3630,#3631),
(#3632,#3633),(#3634,#3635),(#3636,#3637),(#3638,#3639),(#3640,#3641),(#3642,
#3643)),.SURF_OF_LINEAR_EXTRUSION.,.F.,.F.,.F.,(4,1,1,1,1,1,1,1,1,1,1,4),
(2,2),(0.034473974665321,0.0942195892359156,0.109155992878564,0.124092396521213,
0.15396520380651,0.213710818377105,0.273456432947699,0.392947662088888,
0.512438891230077,0.631930120371267,0.751421349512456,0.990403807794834),
(0.,1.),.UNSPECIFIED.);
#14=B_SPLINE_SURFACE_WITH_KNOTS('',3,1,((#3650,#3651),(#3652,#3653),(#3654,
#3655),(#3656,#3657),(#3658,#3659),(#3660,#3661),(#3662,#3663),(#3664,#3665),
(#3666,#3667),(#3668,#3669),(#3670,#3671),(#3672,#3673),(#3674,#3675),(#3676,
#3677)),.SURF_OF_LINEAR_EXTRUSION.,.F.,.F.,.F.,(4,1,1,1,1,1,1,1,1,1,1,4),
(2,2),(0.0344739746653206,0.0942195892359152,0.109155992878564,0.124092396521213,
0.15396520380651,0.213710818377104,0.273456432947699,0.392947662088888,
0.512438891230077,0.631930120371266,0.751421349512456,0.990403807794834),
(0.,1.),.UNSPECIFIED.);
#15=B_SPLINE_SURFACE_WITH_KNOTS('',3,1,((#3679,#3680),(#3681,#3682),(#3683,
#3684),(#3685,#3686),(#3687,#3688),(#3689,#3690),(#3691,#3692),(#3693,#3694),
(#3695,#3696),(#3697,#3698),(#3699,#3700),(#3701,#3702),(#3703,#3704),(#3705,
#3706)),.SURF_OF_LINEAR_EXTRUSION.,.F.,.F.,.F.,(4,1,1,1,1,1,1,1,1,1,1,4),
(2,2),(0.034473974665321,0.0942195892359156,0.109155992878564,0.124092396521213,
0.15396520380651,0.213710818377105,0.273456432947699,0.392947662088888,
0.512438891230077,0.631930120371267,0.751421349512456,0.990403807794834),
(0.,1.),.UNSPECIFIED.);
#16=B_SPLINE_SURFACE_WITH_KNOTS('',3,1,((#3713,#3714),(#3715,#3716),(#3717,
#3718),(#3719,#3720),(#3721,#3722),(#3723,#3724),(#3725,#3726),(#3727,#3728),
(#3729,#3730),(#3731,#3732),(#3733,#3734),(#3735,#3736),(#3737,#3738),(#3739,
#3740)),.SURF_OF_LINEAR_EXTRUSION.,.F.,.F.,.F.,(4,1,1,1,1,1,1,1,1,1,1,4),
(2,2),(0.0344739746653205,0.0942195892359151,0.109155992878564,0.124092396521212,
0.15396520380651,0.213710818377104,0.273456432947699,0.392947662088888,
0.512438891230077,0.631930120371266,0.751421349512456,0.990403807794834),
(0.,1.),.UNSPECIFIED.);
#17=B_SPLINE_SURFACE_WITH_KNOTS('',3,1,((#3742,#3743),(#3744,#3745),(#3746,
#3747),(#3748,#3749),(#3750,#3751),(#3752,#3753),(#3754,#3755),(#3756,#3757),
(#3758,#3759),(#3760,#3761),(#3762,#3763),(#3764,#3765),(#3766,#3767),(#3768,
#3769)),.SURF_OF_LINEAR_EXTRUSION.,.F.,.F.,.F.,(4,1,1,1,1,1,1,1,1,1,1,4),
(2,2),(0.034473974665321,0.0942195892359156,0.109155992878564,0.124092396521213,
0.15396520380651,0.213710818377105,0.273456432947699,0.392947662088888,
0.512438891230077,0.631930120371267,0.751421349512456,0.990403807794834),
(0.,1.),.UNSPECIFIED.);
#18=B_SPLINE_SURFACE_WITH_KNOTS('',3,1,((#3776,#3777),(#3778,#3779),(#3780,
#3781),(#3782,#3783),(#3784,#3785),(#3786,#3787),(#3788,#3789),(#3790,#3791),
(#3792,#3793),(#3794,#3795),(#3796,#3797),(#3798,#3799),(#3800,#3801),(#3802,
#3803)),.SURF_OF_LINEAR_EXTRUSION.,.F.,.F.,.F.,(4,1,1,1,1,1,1,1,1,1,1,4),
(2,2),(0.0344739746653205,0.0942195892359151,0.109155992878564,0.124092396521212,
0.15396520380651,0.213710818377104,0.273456432947699,0.392947662088888,
0.512438891230077,0.631930120371266,0.751421349512456,0.990403807794834),
(0.,1.),.UNSPECIFIED.);
#19=B_SPLINE_SURFACE_WITH_KNOTS('',3,1,((#3805,#3806),(#3807,#3808),(#3809,
#3810),(#3811,#3812),(#3813,#3814),(#3815,#3816),(#3817,#3818),(#3819,#3820),
(#3821,#3822),(#3823,#3824),(#3825,#3826),(#3827,#3828),(#3829,#3830),(#3831,
#3832)),.SURF_OF_LINEAR_EXTRUSION.,.F.,.F.,.F.,(4,1,1,1,1,1,1,1,1,1,1,4),
(2,2),(0.0344739746653209,0.0942195892359155,0.109155992878564,0.124092396521213,
0.15396520380651,0.213710818377105,0.273456432947699,0.392947662088888,
0.512438891230077,0.631930120371267,0.751421349512456,0.990403807794834),
(0.,1.),.UNSPECIFIED.);
#20=B_SPLINE_SURFACE_WITH_KNOTS('',3,1,((#3839,#3840),(#3841,#3842),(#3843,
#3844),(#3845,#3846),(#3847,#3848),(#3849,#3850),(#3851,#3852),(#3853,#3854),
(#3855,#3856),(#3857,#3858),(#3859,#3860),(#3861,#3862),(#3863,#3864),(#3865,
#3866)),.SURF_OF_LINEAR_EXTRUSION.,.F.,.F.,.F.,(4,1,1,1,1,1,1,1,1,1,1,4),
(2,2),(0.0344739746653205,0.0942195892359151,0.109155992878564,0.124092396521212,
0.15396520380651,0.213710818377104,0.273456432947699,0.392947662088888,
0.512438891230077,0.631930120371266,0.751421349512456,0.990403807794834),
(0.,1.),.UNSPECIFIED.);
#21=B_SPLINE_SURFACE_WITH_KNOTS('',3,1,((#3868,#3869),(#3870,#3871),(#3872,
#3873),(#3874,#3875),(#3876,#3877),(#3878,#3879),(#3880,#3881),(#3882,#3883),
(#3884,#3885),(#3886,#3887),(#3888,#3889),(#3890,#3891),(#3892,#3893),(#3894,
#3895)),.SURF_OF_LINEAR_EXTRUSION.,.F.,.F.,.F.,(4,1,1,1,1,1,1,1,1,1,1,4),
(2,2),(0.0344739746653209,0.0942195892359155,0.109155992878564,0.124092396521213,
0.15396520380651,0.213710818377105,0.273456432947699,0.392947662088888,
0.512438891230077,0.631930120371267,0.751421349512456,0.990403807794834),
(0.,1.),.UNSPECIFIED.);
#22=B_SPLINE_SURFACE_WITH_KNOTS('',3,1,((#3902,#3903),(#3904,#3905),(#3906,
#3907),(#3908,#3909),(#3910,#3911),(#3912,#3913),(#3914,#3915),(#3916,#3917),
(#3918,#3919),(#3920,#3921),(#3922,#3923),(#3924,#3925),(#3926,#3927),(#3928,
#3929)),.SURF_OF_LINEAR_EXTRUSION.,.F.,.F.,.F.,(4,1,1,1,1,1,1,1,1,1,1,4),
(2,2),(0.0344739746653204,0.094219589235915,0.109155992878564,0.124092396521212,
0.15396520380651,0.213710818377104,0.273456432947699,0.392947662088888,
0.512438891230077,0.631930120371266,0.751421349512456,0.990403807794834),
(0.,1.),.UNSPECIFIED.);
#23=B_SPLINE_SURFACE_WITH_KNOTS('',3,1,((#3931,#3932),(#3933,#3934),(#3935,
#3936),(#3937,#3938),(#3939,#3940),(#3941,#3942),(#3943,#3944),(#3945,#3946),
(#3947,#3948),(#3949,#3950),(#3951,#3952),(#3953,#3954),(#3955,#3956),(#3957,
#3958)),.SURF_OF_LINEAR_EXTRUSION.,.F.,.F.,.F.,(4,1,1,1,1,1,1,1,1,1,1,4),
(2,2),(0.034473974665321,0.0942195892359156,0.109155992878564,0.124092396521213,
0.15396520380651,0.213710818377105,0.273456432947699,0.392947662088888,
0.512438891230077,0.631930120371267,0.751421349512456,0.990403807794834),
(0.,1.),.UNSPECIFIED.);
#24=B_SPLINE_SURFACE_WITH_KNOTS('',3,1,((#3965,#3966),(#3967,#3968),(#3969,
#3970),(#3971,#3972),(#3973,#3974),(#3975,#3976),(#3977,#3978),(#3979,#3980),
(#3981,#3982),(#3983,#3984),(#3985,#3986),(#3987,#3988),(#3989,#3990),(#3991,
#3992)),.SURF_OF_LINEAR_EXTRUSION.,.F.,.F.,.F.,(4,1,1,1,1,1,1,1,1,1,1,4),
(2,2),(0.0344739746653205,0.0942195892359151,0.109155992878564,0.124092396521212,
0.15396520380651,0.213710818377104,0.273456432947699,0.392947662088888,
0.512438891230077,0.631930120371266,0.751421349512456,0.990403807794834),
(0.,1.),.UNSPECIFIED.);
#25=B_SPLINE_SURFACE_WITH_KNOTS('',3,1,((#3994,#3995),(#3996,#3997),(#3998,
#3999),(#4000,#4001),(#4002,#4003),(#4004,#4005),(#4006,#4007),(#4008,#4009),
(#4010,#4011),(#4012,#4013),(#4014,#4015),(#4016,#4017),(#4018,#4019),(#4020,
#4021)),.SURF_OF_LINEAR_EXTRUSION.,.F.,.F.,.F.,(4,1,1,1,1,1,1,1,1,1,1,4),
(2,2),(0.034473974665321,0.0942195892359156,0.109155992878564,0.124092396521213,
0.15396520380651,0.213710818377105,0.273456432947699,0.392947662088888,
0.512438891230077,0.631930120371267,0.751421349512456,0.990403807794834),
(0.,1.),.UNSPECIFIED.);
#26=B_SPLINE_SURFACE_WITH_KNOTS('',3,1,((#4028,#4029),(#4030,#4031),(#4032,
#4033),(#4034,#4035),(#4036,#4037),(#4038,#4039),(#4040,#4041),(#4042,#4043),
(#4044,#4045),(#4046,#4047),(#4048,#4049),(#4050,#4051),(#4052,#4053),(#4054,
#4055)),.SURF_OF_LINEAR_EXTRUSION.,.F.,.F.,.F.,(4,1,1,1,1,1,1,1,1,1,1,4),
(2,2),(0.0344739746653206,0.0942195892359152,0.109155992878564,0.124092396521213,
0.15396520380651,0.213710818377104,0.273456432947699,0.392947662088888,
0.512438891230077,0.631930120371266,0.751421349512456,0.990403807794834),
(0.,1.),.UNSPECIFIED.);
#27=B_SPLINE_SURFACE_WITH_KNOTS('',3,1,((#4057,#4058),(#4059,#4060),(#4061,
#4062),(#4063,#4064),(#4065,#4066),(#4067,#4068),(#4069,#4070),(#4071,#4072),
(#4073,#4074),(#4075,#4076),(#4077,#4078),(#4079,#4080),(#4081,#4082),(#4083,
#4084)),.SURF_OF_LINEAR_EXTRUSION.,.F.,.F.,.F.,(4,1,1,1,1,1,1,1,1,1,1,4),
(2,2),(0.0344739746653209,0.0942195892359155,0.109155992878564,0.124092396521213,
0.15396520380651,0.213710818377105,0.273456432947699,0.392947662088888,
0.512438891230077,0.631930120371267,0.751421349512456,0.990403807794834),
(0.,1.),.UNSPECIFIED.);
#28=B_SPLINE_SURFACE_WITH_KNOTS('',3,1,((#4091,#4092),(#4093,#4094),(#4095,
#4096),(#4097,#4098),(#4099,#4100),(#4101,#4102),(#4103,#4104),(#4105,#4106),
(#4107,#4108),(#4109,#4110),(#4111,#4112),(#4113,#4114),(#4115,#4116),(#4117,
#4118)),.SURF_OF_LINEAR_EXTRUSION.,.F.,.F.,.F.,(4,1,1,1,1,1,1,1,1,1,1,4),
(2,2),(0.0344739746653205,0.0942195892359151,0.109155992878564,0.124092396521212,
0.15396520380651,0.213710818377104,0.273456432947699,0.392947662088888,
0.512438891230077,0.631930120371266,0.751421349512456,0.990403807794834),
(0.,1.),.UNSPECIFIED.);
#29=B_SPLINE_SURFACE_WITH_KNOTS('',3,1,((#4120,#4121),(#4122,#4123),(#4124,
#4125),(#4126,#4127),(#4128,#4129),(#4130,#4131),(#4132,#4133),(#4134,#4135),
(#4136,#4137),(#4138,#4139),(#4140,#4141),(#4142,#4143),(#4144,#4145),(#4146,
#4147)),.SURF_OF_LINEAR_EXTRUSION.,.F.,.F.,.F.,(4,1,1,1,1,1,1,1,1,1,1,4),
(2,2),(0.0344739746653209,0.0942195892359155,0.109155992878564,0.124092396521213,
0.15396520380651,0.213710818377105,0.273456432947699,0.392947662088888,
0.512438891230077,0.631930120371267,0.751421349512456,0.990403807794834),
(0.,1.),.UNSPECIFIED.);
#30=B_SPLINE_SURFACE_WITH_KNOTS('',3,1,((#4154,#4155),(#4156,#4157),(#4158,
#4159),(#4160,#4161),(#4162,#4163),(#4164,#4165),(#4166,#4167),(#4168,#4169),
(#4170,#4171),(#4172,#4173),(#4174,#4175),(#4176,#4177),(#4178,#4179),(#4180,
#4181)),.SURF_OF_LINEAR_EXTRUSION.,.F.,.F.,.F.,(4,1,1,1,1,1,1,1,1,1,1,4),
(2,2),(0.0344739746653205,0.0942195892359151,0.109155992878564,0.124092396521212,
0.15396520380651,0.213710818377104,0.273456432947699,0.392947662088888,
0.512438891230077,0.631930120371266,0.751421349512456,0.990403807794834),
(0.,1.),.UNSPECIFIED.);
#31=B_SPLINE_SURFACE_WITH_KNOTS('',3,1,((#4183,#4184),(#4185,#4186),(#4187,
#4188),(#4189,#4190),(#4191,#4192),(#4193,#4194),(#4195,#4196),(#4197,#4198),
(#4199,#4200),(#4201,#4202),(#4203,#4204),(#4205,#4206),(#4207,#4208),(#4209,
#4210)),.SURF_OF_LINEAR_EXTRUSION.,.F.,.F.,.F.,(4,1,1,1,1,1,1,1,1,1,1,4),
(2,2),(0.0344739746653209,0.0942195892359155,0.109155992878564,0.124092396521213,
0.15396520380651,0.213710818377105,0.273456432947699,0.392947662088888,
0.512438891230077,0.631930120371267,0.751421349512456,0.990403807794834),
(0.,1.),.UNSPECIFIED.);
#32=B_SPLINE_CURVE_WITH_KNOTS('',3,(#1718,#1719,#1720,#1721,#1722,#1723,
#1724,#1725,#1726,#1727,#1728,#1729,#1730,#1731,#1732,#1733,#1734,#1735,
#1736,#1737,#1738,#1739,#1740,#1741,#1742,#1743,#1744,#1745,#1746,#1747,
#1748,#1749,#1750,#1751,#1752,#1753,#1754,#1755,#1756,#1757,#1758,#1759,
#1760),.UNSPECIFIED.,.F.,.F.,(4,1,1,1,1,1,1,1,1,1,1,1,1,1,1,1,1,1,1,1,1,
1,1,1,1,1,1,1,1,1,1,1,1,1,1,1,1,1,1,1,4),(0.,0.117996296856314,0.12442603367009,
0.132726786563831,0.14254836930515,0.15368499709055,0.165997002215644,0.179381562815305,
0.193758887148338,0.209064717661355,0.22524586226041,0.242257341721887,
0.260060471403706,0.278621517158668,0.297910721719961,0.317901579773788,
0.338570285559938,0.359895303544482,0.381857029005498,0.404437515679243,
0.42762025433613,0.451389990658905,0.475732573884269,0.500634829832699,
0.526084453495243,0.552069917466761,0.578580393340842,0.605605683798672,
0.633136163590966,0.661162727969454,0.689676747400822,0.718670027612042,
0.74813477418626,0.778063561063813,0.808449302411413,0.83928522741013,0.870564857583963,
0.90228198634901,0.934430660511207,0.967005163480201,0.990403807794834),
 .UNSPECIFIED.);
#33=B_SPLINE_CURVE_WITH_KNOTS('',3,(#1761,#1762,#1763,#1764,#1765,#1766,
#1767,#1768,#1769,#1770,#1771,#1772,#1773,#1774,#1775,#1776,#1777,#1778,
#1779,#1780,#1781,#1782,#1783,#1784,#1785,#1786,#1787,#1788,#1789,#1790,
#1791,#1792,#1793,#1794,#1795,#1796,#1797,#1798,#1799,#1800,#1801,#1802,
#1803),.UNSPECIFIED.,.F.,.F.,(4,1,1,1,1,1,1,1,1,1,1,1,1,1,1,1,1,1,1,1,1,
1,1,1,1,1,1,1,1,1,1,1,1,1,1,1,1,1,1,1,4),(0.,0.117996296856314,0.12442603367009,
0.132726786563831,0.14254836930515,0.15368499709055,0.165997002215644,0.179381562815305,
0.193758887148338,0.209064717661355,0.22524586226041,0.242257341721887,
0.260060471403706,0.278621517158668,0.297910721719961,0.317901579773788,
0.338570285559938,0.359895303544482,0.381857029005498,0.404437515679243,
0.42762025433613,0.451389990658905,0.475732573884269,0.500634829832699,
0.526084453495243,0.552069917466761,0.578580393340842,0.605605683798672,
0.633136163590966,0.661162727969454,0.689676747400822,0.718670027612042,
0.74813477418626,0.778063561063813,0.808449302411413,0.83928522741013,0.870564857583963,
0.90228198634901,0.934430660511207,0.967005163480201,0.990403807794834),
 .UNSPECIFIED.);
#34=B_SPLINE_CURVE_WITH_KNOTS('',3,(#1811,#1812,#1813,#1814,#1815,#1816,
#1817,#1818,#1819,#1820,#1821,#1822,#1823,#1824,#1825,#1826,#1827,#1828,
#1829,#1830,#1831,#1832,#1833,#1834,#1835,#1836,#1837,#1838,#1839,#1840,
#1841,#1842,#1843,#1844,#1845,#1846,#1847,#1848,#1849,#1850,#1851,#1852,
#1853),.UNSPECIFIED.,.F.,.F.,(4,1,1,1,1,1,1,1,1,1,1,1,1,1,1,1,1,1,1,1,1,
1,1,1,1,1,1,1,1,1,1,1,1,1,1,1,1,1,1,1,4),(0.,0.117996296856314,0.12442603367009,
0.132726786563831,0.14254836930515,0.15368499709055,0.165997002215644,0.179381562815305,
0.193758887148338,0.209064717661355,0.22524586226041,0.242257341721887,
0.260060471403706,0.278621517158668,0.297910721719961,0.317901579773788,
0.338570285559938,0.359895303544482,0.381857029005498,0.404437515679243,
0.42762025433613,0.451389990658905,0.475732573884269,0.500634829832699,
0.526084453495243,0.552069917466761,0.578580393340842,0.605605683798672,
0.633136163590966,0.661162727969454,0.689676747400822,0.718670027612042,
0.74813477418626,0.778063561063813,0.808449302411413,0.83928522741013,0.870564857583963,
0.90228198634901,0.934430660511207,0.967005163480201,0.990403807794834),
 .UNSPECIFIED.);
#35=B_SPLINE_CURVE_WITH_KNOTS('',3,(#1854,#1855,#1856,#1857,#1858,#1859,
#1860,#1861,#1862,#1863,#1864,#1865,#1866,#1867,#1868,#1869,#1870,#1871,
#1872,#1873,#1874,#1875,#1876,#1877,#1878,#1879,#1880,#1881,#1882,#1883,
#1884,#1885,#1886,#1887,#1888,#1889,#1890,#1891,#1892,#1893,#1894,#1895,
#1896),.UNSPECIFIED.,.F.,.F.,(4,1,1,1,1,1,1,1,1,1,1,1,1,1,1,1,1,1,1,1,1,
1,1,1,1,1,1,1,1,1,1,1,1,1,1,1,1,1,1,1,4),(0.,0.117996296856314,0.12442603367009,
0.132726786563831,0.14254836930515,0.15368499709055,0.165997002215644,0.179381562815305,
0.193758887148338,0.209064717661355,0.22524586226041,0.242257341721887,
0.260060471403706,0.278621517158668,0.297910721719961,0.317901579773788,
0.338570285559938,0.359895303544482,0.381857029005498,0.404437515679243,
0.42762025433613,0.451389990658905,0.475732573884269,0.500634829832699,
0.526084453495243,0.552069917466761,0.578580393340842,0.605605683798672,
0.633136163590966,0.661162727969454,0.689676747400822,0.718670027612042,
0.74813477418626,0.778063561063813,0.808449302411413,0.83928522741013,0.870564857583963,
0.90228198634901,0.934430660511207,0.967005163480201,0.990403807794834),
 .UNSPECIFIED.);
#36=B_SPLINE_CURVE_WITH_KNOTS('',3,(#1904,#1905,#1906,#1907,#1908,#1909,
#1910,#1911,#1912,#1913,#1914,#1915,#1916,#1917,#1918,#1919,#1920,#1921,
#1922,#1923,#1924,#1925,#1926,#1927,#1928,#1929,#1930,#1931,#1932,#1933,
#1934,#1935,#1936,#1937,#1938,#1939,#1940,#1941,#1942,#1943,#1944,#1945,
#1946),.UNSPECIFIED.,.F.,.F.,(4,1,1,1,1,1,1,1,1,1,1,1,1,1,1,1,1,1,1,1,1,
1,1,1,1,1,1,1,1,1,1,1,1,1,1,1,1,1,1,1,4),(0.,0.117996296856314,0.12442603367009,
0.132726786563831,0.14254836930515,0.15368499709055,0.165997002215644,0.179381562815305,
0.193758887148338,0.209064717661355,0.22524586226041,0.242257341721887,
0.260060471403706,0.278621517158668,0.297910721719961,0.317901579773788,
0.338570285559938,0.359895303544482,0.381857029005498,0.404437515679243,
0.42762025433613,0.451389990658905,0.475732573884269,0.500634829832699,
0.526084453495243,0.552069917466761,0.578580393340842,0.605605683798672,
0.633136163590966,0.661162727969454,0.689676747400822,0.718670027612042,
0.74813477418626,0.778063561063813,0.808449302411413,0.83928522741013,0.870564857583963,
0.90228198634901,0.934430660511207,0.967005163480201,0.990403807794834),
 .UNSPECIFIED.);
#37=B_SPLINE_CURVE_WITH_KNOTS('',3,(#1947,#1948,#1949,#1950,#1951,#1952,
#1953,#1954,#1955,#1956,#1957,#1958,#1959,#1960,#1961,#1962,#1963,#1964,
#1965,#1966,#1967,#1968,#1969,#1970,#1971,#1972,#1973,#1974,#1975,#1976,
#1977,#1978,#1979,#1980,#1981,#1982,#1983,#1984,#1985,#1986,#1987,#1988,
#1989),.UNSPECIFIED.,.F.,.F.,(4,1,1,1,1,1,1,1,1,1,1,1,1,1,1,1,1,1,1,1,1,
1,1,1,1,1,1,1,1,1,1,1,1,1,1,1,1,1,1,1,4),(0.,0.117996296856314,0.12442603367009,
0.132726786563831,0.14254836930515,0.15368499709055,0.165997002215644,0.179381562815305,
0.193758887148338,0.209064717661355,0.22524586226041,0.242257341721887,
0.260060471403706,0.278621517158668,0.297910721719961,0.317901579773788,
0.338570285559938,0.359895303544482,0.381857029005498,0.404437515679243,
0.42762025433613,0.451389990658905,0.475732573884269,0.500634829832699,
0.526084453495243,0.552069917466761,0.578580393340842,0.605605683798672,
0.633136163590966,0.661162727969454,0.689676747400822,0.718670027612042,
0.74813477418626,0.778063561063813,0.808449302411413,0.83928522741013,0.870564857583963,
0.90228198634901,0.934430660511207,0.967005163480201,0.990403807794834),
 .UNSPECIFIED.);
#38=B_SPLINE_CURVE_WITH_KNOTS('',3,(#1997,#1998,#1999,#2000,#2001,#2002,
#2003,#2004,#2005,#2006,#2007,#2008,#2009,#2010,#2011,#2012,#2013,#2014,
#2015,#2016,#2017,#2018,#2019,#2020,#2021,#2022,#2023,#2024,#2025,#2026,
#2027,#2028,#2029,#2030,#2031,#2032,#2033,#2034,#2035,#2036,#2037,#2038,
#2039),.UNSPECIFIED.,.F.,.F.,(4,1,1,1,1,1,1,1,1,1,1,1,1,1,1,1,1,1,1,1,1,
1,1,1,1,1,1,1,1,1,1,1,1,1,1,1,1,1,1,1,4),(0.,0.117996296856314,0.12442603367009,
0.132726786563831,0.14254836930515,0.15368499709055,0.165997002215644,0.179381562815305,
0.193758887148338,0.209064717661355,0.22524586226041,0.242257341721887,
0.260060471403706,0.278621517158668,0.297910721719961,0.317901579773788,
0.338570285559938,0.359895303544482,0.381857029005498,0.404437515679243,
0.42762025433613,0.451389990658905,0.475732573884269,0.500634829832699,
0.526084453495243,0.552069917466761,0.578580393340842,0.605605683798672,
0.633136163590966,0.661162727969454,0.689676747400822,0.718670027612042,
0.74813477418626,0.778063561063813,0.808449302411413,0.83928522741013,0.870564857583963,
0.90228198634901,0.934430660511207,0.967005163480201,0.990403807794834),
 .UNSPECIFIED.);
#39=B_SPLINE_CURVE_WITH_KNOTS('',3,(#2040,#2041,#2042,#2043,#2044,#2045,
#2046,#2047,#2048,#2049,#2050,#2051,#2052,#2053,#2054,#2055,#2056,#2057,
#2058,#2059,#2060,#2061,#2062,#2063,#2064,#2065,#2066,#2067,#2068,#2069,
#2070,#2071,#2072,#2073,#2074,#2075,#2076,#2077,#2078,#2079,#2080,#2081,
#2082),.UNSPECIFIED.,.F.,.F.,(4,1,1,1,1,1,1,1,1,1,1,1,1,1,1,1,1,1,1,1,1,
1,1,1,1,1,1,1,1,1,1,1,1,1,1,1,1,1,1,1,4),(0.,0.117996296856314,0.12442603367009,
0.132726786563831,0.14254836930515,0.15368499709055,0.165997002215644,0.179381562815305,
0.193758887148338,0.209064717661355,0.22524586226041,0.242257341721887,
0.260060471403706,0.278621517158668,0.297910721719961,0.317901579773788,
0.338570285559938,0.359895303544482,0.381857029005498,0.404437515679243,
0.42762025433613,0.451389990658905,0.475732573884269,0.500634829832699,
0.526084453495243,0.552069917466761,0.578580393340842,0.605605683798672,
0.633136163590966,0.661162727969454,0.689676747400822,0.718670027612042,
0.74813477418626,0.778063561063813,0.808449302411413,0.83928522741013,0.870564857583963,
0.90228198634901,0.934430660511207,0.967005163480201,0.990403807794834),
 .UNSPECIFIED.);
#40=B_SPLINE_CURVE_WITH_KNOTS('',3,(#2090,#2091,#2092,#2093,#2094,#2095,
#2096,#2097,#2098,#2099,#2100,#2101,#2102,#2103,#2104,#2105,#2106,#2107,
#2108,#2109,#2110,#2111,#2112,#2113,#2114,#2115,#2116,#2117,#2118,#2119,
#2120,#2121,#2122,#2123,#2124,#2125,#2126,#2127,#2128,#2129,#2130,#2131,
#2132),.UNSPECIFIED.,.F.,.F.,(4,1,1,1,1,1,1,1,1,1,1,1,1,1,1,1,1,1,1,1,1,
1,1,1,1,1,1,1,1,1,1,1,1,1,1,1,1,1,1,1,4),(0.,0.117996296856314,0.12442603367009,
0.132726786563831,0.14254836930515,0.15368499709055,0.165997002215644,0.179381562815305,
0.193758887148338,0.209064717661355,0.22524586226041,0.242257341721887,
0.260060471403706,0.278621517158668,0.297910721719961,0.317901579773788,
0.338570285559938,0.359895303544482,0.381857029005498,0.404437515679243,
0.42762025433613,0.451389990658905,0.475732573884269,0.500634829832699,
0.526084453495243,0.552069917466761,0.578580393340842,0.605605683798672,
0.633136163590966,0.661162727969454,0.689676747400822,0.718670027612042,
0.74813477418626,0.778063561063813,0.808449302411413,0.83928522741013,0.870564857583963,
0.90228198634901,0.934430660511207,0.967005163480201,0.990403807794834),
 .UNSPECIFIED.);
#41=B_SPLINE_CURVE_WITH_KNOTS('',3,(#2133,#2134,#2135,#2136,#2137,#2138,
#2139,#2140,#2141,#2142,#2143,#2144,#2145,#2146,#2147,#2148,#2149,#2150,
#2151,#2152,#2153,#2154,#2155,#2156,#2157,#2158,#2159,#2160,#2161,#2162,
#2163,#2164,#2165,#2166,#2167,#2168,#2169,#2170,#2171,#2172,#2173,#2174,
#2175),.UNSPECIFIED.,.F.,.F.,(4,1,1,1,1,1,1,1,1,1,1,1,1,1,1,1,1,1,1,1,1,
1,1,1,1,1,1,1,1,1,1,1,1,1,1,1,1,1,1,1,4),(0.,0.117996296856314,0.12442603367009,
0.132726786563831,0.14254836930515,0.15368499709055,0.165997002215644,0.179381562815305,
0.193758887148338,0.209064717661355,0.22524586226041,0.242257341721887,
0.260060471403706,0.278621517158668,0.297910721719961,0.317901579773788,
0.338570285559938,0.359895303544482,0.381857029005498,0.404437515679243,
0.42762025433613,0.451389990658905,0.475732573884269,0.500634829832699,
0.526084453495243,0.552069917466761,0.578580393340842,0.605605683798672,
0.633136163590966,0.661162727969454,0.689676747400822,0.718670027612042,
0.74813477418626,0.778063561063813,0.808449302411413,0.83928522741013,0.870564857583963,
0.90228198634901,0.934430660511207,0.967005163480201,0.990403807794834),
 .UNSPECIFIED.);
#42=B_SPLINE_CURVE_WITH_KNOTS('',3,(#2183,#2184,#2185,#2186,#2187,#2188,
#2189,#2190,#2191,#2192,#2193,#2194,#2195,#2196,#2197,#2198,#2199,#2200,
#2201,#2202,#2203,#2204,#2205,#2206,#2207,#2208,#2209,#2210,#2211,#2212,
#2213,#2214,#2215,#2216,#2217,#2218,#2219,#2220,#2221,#2222,#2223,#2224,
#2225),.UNSPECIFIED.,.F.,.F.,(4,1,1,1,1,1,1,1,1,1,1,1,1,1,1,1,1,1,1,1,1,
1,1,1,1,1,1,1,1,1,1,1,1,1,1,1,1,1,1,1,4),(0.,0.117996296856314,0.12442603367009,
0.132726786563831,0.14254836930515,0.15368499709055,0.165997002215644,0.179381562815305,
0.193758887148338,0.209064717661355,0.22524586226041,0.242257341721887,
0.260060471403706,0.278621517158668,0.297910721719961,0.317901579773788,
0.338570285559938,0.359895303544482,0.381857029005498,0.404437515679243,
0.42762025433613,0.451389990658905,0.475732573884269,0.500634829832699,
0.526084453495243,0.552069917466761,0.578580393340842,0.605605683798672,
0.633136163590966,0.661162727969454,0.689676747400822,0.718670027612042,
0.74813477418626,0.778063561063813,0.808449302411413,0.83928522741013,0.870564857583963,
0.90228198634901,0.934430660511207,0.967005163480201,0.990403807794834),
 .UNSPECIFIED.);
#43=B_SPLINE_CURVE_WITH_KNOTS('',3,(#2226,#2227,#2228,#2229,#2230,#2231,
#2232,#2233,#2234,#2235,#2236,#2237,#2238,#2239,#2240,#2241,#2242,#2243,
#2244,#2245,#2246,#2247,#2248,#2249,#2250,#2251,#2252,#2253,#2254,#2255,
#2256,#2257,#2258,#2259,#2260,#2261,#2262,#2263,#2264,#2265,#2266,#2267,
#2268),.UNSPECIFIED.,.F.,.F.,(4,1,1,1,1,1,1,1,1,1,1,1,1,1,1,1,1,1,1,1,1,
1,1,1,1,1,1,1,1,1,1,1,1,1,1,1,1,1,1,1,4),(0.,0.117996296856314,0.12442603367009,
0.132726786563831,0.14254836930515,0.15368499709055,0.165997002215644,0.179381562815305,
0.193758887148338,0.209064717661355,0.22524586226041,0.242257341721887,
0.260060471403706,0.278621517158668,0.297910721719961,0.317901579773788,
0.338570285559938,0.359895303544482,0.381857029005498,0.404437515679243,
0.42762025433613,0.451389990658905,0.475732573884269,0.500634829832699,
0.526084453495243,0.552069917466761,0.578580393340842,0.605605683798672,
0.633136163590966,0.661162727969454,0.689676747400822,0.718670027612042,
0.74813477418626,0.778063561063813,0.808449302411413,0.83928522741013,0.870564857583963,
0.90228198634901,0.934430660511207,0.967005163480201,0.990403807794834),
 .UNSPECIFIED.);
#44=B_SPLINE_CURVE_WITH_KNOTS('',3,(#2276,#2277,#2278,#2279,#2280,#2281,
#2282,#2283,#2284,#2285,#2286,#2287,#2288,#2289,#2290,#2291,#2292,#2293,
#2294,#2295,#2296,#2297,#2298,#2299,#2300,#2301,#2302,#2303,#2304,#2305,
#2306,#2307,#2308,#2309,#2310,#2311,#2312,#2313,#2314,#2315,#2316,#2317,
#2318),.UNSPECIFIED.,.F.,.F.,(4,1,1,1,1,1,1,1,1,1,1,1,1,1,1,1,1,1,1,1,1,
1,1,1,1,1,1,1,1,1,1,1,1,1,1,1,1,1,1,1,4),(0.,0.117996296856314,0.12442603367009,
0.132726786563831,0.14254836930515,0.15368499709055,0.165997002215644,0.179381562815305,
0.193758887148338,0.209064717661355,0.22524586226041,0.242257341721887,
0.260060471403706,0.278621517158668,0.297910721719961,0.317901579773788,
0.338570285559938,0.359895303544482,0.381857029005498,0.404437515679243,
0.42762025433613,0.451389990658905,0.475732573884269,0.500634829832699,
0.526084453495243,0.552069917466761,0.578580393340842,0.605605683798672,
0.633136163590966,0.661162727969454,0.689676747400822,0.718670027612042,
0.74813477418626,0.778063561063813,0.808449302411413,0.83928522741013,0.870564857583963,
0.90228198634901,0.934430660511207,0.967005163480201,0.990403807794834),
 .UNSPECIFIED.);
#45=B_SPLINE_CURVE_WITH_KNOTS('',3,(#2319,#2320,#2321,#2322,#2323,#2324,
#2325,#2326,#2327,#2328,#2329,#2330,#2331,#2332,#2333,#2334,#2335,#2336,
#2337,#2338,#2339,#2340,#2341,#2342,#2343,#2344,#2345,#2346,#2347,#2348,
#2349,#2350,#2351,#2352,#2353,#2354,#2355,#2356,#2357,#2358,#2359,#2360,
#2361),.UNSPECIFIED.,.F.,.F.,(4,1,1,1,1,1,1,1,1,1,1,1,1,1,1,1,1,1,1,1,1,
1,1,1,1,1,1,1,1,1,1,1,1,1,1,1,1,1,1,1,4),(0.,0.117996296856314,0.12442603367009,
0.132726786563831,0.14254836930515,0.15368499709055,0.165997002215644,0.179381562815305,
0.193758887148338,0.209064717661355,0.22524586226041,0.242257341721887,
0.260060471403706,0.278621517158668,0.297910721719961,0.317901579773788,
0.338570285559938,0.359895303544482,0.381857029005498,0.404437515679243,
0.42762025433613,0.451389990658905,0.475732573884269,0.500634829832699,
0.526084453495243,0.552069917466761,0.578580393340842,0.605605683798672,
0.633136163590966,0.661162727969454,0.689676747400822,0.718670027612042,
0.74813477418626,0.778063561063813,0.808449302411413,0.83928522741013,0.870564857583963,
0.90228198634901,0.934430660511207,0.967005163480201,0.990403807794834),
 .UNSPECIFIED.);
#46=B_SPLINE_CURVE_WITH_KNOTS('',3,(#2369,#2370,#2371,#2372,#2373,#2374,
#2375,#2376,#2377,#2378,#2379,#2380,#2381,#2382,#2383,#2384,#2385,#2386,
#2387,#2388,#2389,#2390,#2391,#2392,#2393,#2394,#2395,#2396,#2397,#2398,
#2399,#2400,#2401,#2402,#2403,#2404,#2405,#2406,#2407,#2408,#2409,#2410,
#2411),.UNSPECIFIED.,.F.,.F.,(4,1,1,1,1,1,1,1,1,1,1,1,1,1,1,1,1,1,1,1,1,
1,1,1,1,1,1,1,1,1,1,1,1,1,1,1,1,1,1,1,4),(0.,0.117996296856314,0.12442603367009,
0.132726786563831,0.14254836930515,0.15368499709055,0.165997002215644,0.179381562815305,
0.193758887148338,0.209064717661355,0.22524586226041,0.242257341721887,
0.260060471403706,0.278621517158668,0.297910721719961,0.317901579773788,
0.338570285559938,0.359895303544482,0.381857029005498,0.404437515679243,
0.42762025433613,0.451389990658905,0.475732573884269,0.500634829832699,
0.526084453495243,0.552069917466761,0.578580393340842,0.605605683798672,
0.633136163590966,0.661162727969454,0.689676747400822,0.718670027612042,
0.74813477418626,0.778063561063813,0.808449302411413,0.83928522741013,0.870564857583963,
0.90228198634901,0.934430660511207,0.967005163480201,0.990403807794834),
 .UNSPECIFIED.);
#47=B_SPLINE_CURVE_WITH_KNOTS('',3,(#2415,#2416,#2417,#2418,#2419,#2420,
#2421,#2422,#2423,#2424,#2425,#2426,#2427,#2428,#2429,#2430,#2431,#2432,
#2433,#2434,#2435,#2436,#2437,#2438,#2439,#2440,#2441,#2442,#2443,#2444,
#2445,#2446,#2447,#2448,#2449,#2450,#2451,#2452,#2453,#2454,#2455,#2456,
#2457),.UNSPECIFIED.,.F.,.F.,(4,1,1,1,1,1,1,1,1,1,1,1,1,1,1,1,1,1,1,1,1,
1,1,1,1,1,1,1,1,1,1,1,1,1,1,1,1,1,1,1,4),(0.,0.117996296856314,0.12442603367009,
0.132726786563831,0.14254836930515,0.15368499709055,0.165997002215644,0.179381562815305,
0.193758887148338,0.209064717661355,0.22524586226041,0.242257341721887,
0.260060471403706,0.278621517158668,0.297910721719961,0.317901579773788,
0.338570285559938,0.359895303544482,0.381857029005498,0.404437515679243,
0.42762025433613,0.451389990658905,0.475732573884269,0.500634829832699,
0.526084453495243,0.552069917466761,0.578580393340842,0.605605683798672,
0.633136163590966,0.661162727969454,0.689676747400822,0.718670027612042,
0.74813477418626,0.778063561063813,0.808449302411413,0.83928522741013,0.870564857583963,
0.90228198634901,0.934430660511207,0.967005163480201,0.990403807794834),
 .UNSPECIFIED.);
#48=B_SPLINE_CURVE_WITH_KNOTS('',3,(#2465,#2466,#2467,#2468,#2469,#2470,
#2471,#2472,#2473,#2474,#2475,#2476,#2477,#2478,#2479,#2480,#2481,#2482,
#2483,#2484,#2485,#2486,#2487,#2488,#2489,#2490,#2491,#2492,#2493,#2494,
#2495,#2496,#2497,#2498,#2499,#2500,#2501,#2502,#2503,#2504,#2505,#2506,
#2507),.UNSPECIFIED.,.F.,.F.,(4,1,1,1,1,1,1,1,1,1,1,1,1,1,1,1,1,1,1,1,1,
1,1,1,1,1,1,1,1,1,1,1,1,1,1,1,1,1,1,1,4),(0.,0.117996296856314,0.12442603367009,
0.132726786563831,0.14254836930515,0.15368499709055,0.165997002215644,0.179381562815305,
0.193758887148338,0.209064717661355,0.22524586226041,0.242257341721887,
0.260060471403706,0.278621517158668,0.297910721719961,0.317901579773788,
0.338570285559938,0.359895303544482,0.381857029005498,0.404437515679243,
0.42762025433613,0.451389990658905,0.475732573884269,0.500634829832699,
0.526084453495243,0.552069917466761,0.578580393340842,0.605605683798672,
0.633136163590966,0.661162727969454,0.689676747400822,0.718670027612042,
0.74813477418626,0.778063561063813,0.808449302411413,0.83928522741013,0.870564857583963,
0.90228198634901,0.934430660511207,0.967005163480201,0.990403807794834),
 .UNSPECIFIED.);
#49=B_SPLINE_CURVE_WITH_KNOTS('',3,(#2508,#2509,#2510,#2511,#2512,#2513,
#2514,#2515,#2516,#2517,#2518,#2519,#2520,#2521,#2522,#2523,#2524,#2525,
#2526,#2527,#2528,#2529,#2530,#2531,#2532,#2533,#2534,#2535,#2536,#2537,
#2538,#2539,#2540,#2541,#2542,#2543,#2544,#2545,#2546,#2547,#2548,#2549,
#2550),.UNSPECIFIED.,.F.,.F.,(4,1,1,1,1,1,1,1,1,1,1,1,1,1,1,1,1,1,1,1,1,
1,1,1,1,1,1,1,1,1,1,1,1,1,1,1,1,1,1,1,4),(0.,0.117996296856314,0.12442603367009,
0.132726786563831,0.14254836930515,0.15368499709055,0.165997002215644,0.179381562815305,
0.193758887148338,0.209064717661355,0.22524586226041,0.242257341721887,
0.260060471403706,0.278621517158668,0.297910721719961,0.317901579773788,
0.338570285559938,0.359895303544482,0.381857029005498,0.404437515679243,
0.42762025433613,0.451389990658905,0.475732573884269,0.500634829832699,
0.526084453495243,0.552069917466761,0.578580393340842,0.605605683798672,
0.633136163590966,0.661162727969454,0.689676747400822,0.718670027612042,
0.74813477418626,0.778063561063813,0.808449302411413,0.83928522741013,0.870564857583963,
0.90228198634901,0.934430660511207,0.967005163480201,0.990403807794834),
 .UNSPECIFIED.);
#50=B_SPLINE_CURVE_WITH_KNOTS('',3,(#2558,#2559,#2560,#2561,#2562,#2563,
#2564,#2565,#2566,#2567,#2568,#2569,#2570,#2571,#2572,#2573,#2574,#2575,
#2576,#2577,#2578,#2579,#2580,#2581,#2582,#2583,#2584,#2585,#2586,#2587,
#2588,#2589,#2590,#2591,#2592,#2593,#2594,#2595,#2596,#2597,#2598,#2599,
#2600),.UNSPECIFIED.,.F.,.F.,(4,1,1,1,1,1,1,1,1,1,1,1,1,1,1,1,1,1,1,1,1,
1,1,1,1,1,1,1,1,1,1,1,1,1,1,1,1,1,1,1,4),(0.,0.117996296856314,0.12442603367009,
0.132726786563831,0.14254836930515,0.15368499709055,0.165997002215644,0.179381562815305,
0.193758887148338,0.209064717661355,0.22524586226041,0.242257341721887,
0.260060471403706,0.278621517158668,0.297910721719961,0.317901579773788,
0.338570285559938,0.359895303544482,0.381857029005498,0.404437515679243,
0.42762025433613,0.451389990658905,0.475732573884269,0.500634829832699,
0.526084453495243,0.552069917466761,0.578580393340842,0.605605683798672,
0.633136163590966,0.661162727969454,0.689676747400822,0.718670027612042,
0.74813477418626,0.778063561063813,0.808449302411413,0.83928522741013,0.870564857583963,
0.90228198634901,0.934430660511207,0.967005163480201,0.990403807794834),
 .UNSPECIFIED.);
#51=B_SPLINE_CURVE_WITH_KNOTS('',3,(#2601,#2602,#2603,#2604,#2605,#2606,
#2607,#2608,#2609,#2610,#2611,#2612,#2613,#2614,#2615,#2616,#2617,#2618,
#2619,#2620,#2621,#2622,#2623,#2624,#2625,#2626,#2627,#2628,#2629,#2630,
#2631,#2632,#2633,#2634,#2635,#2636,#2637,#2638,#2639,#2640,#2641,#2642,
#2643),.UNSPECIFIED.,.F.,.F.,(4,1,1,1,1,1,1,1,1,1,1,1,1,1,1,1,1,1,1,1,1,
1,1,1,1,1,1,1,1,1,1,1,1,1,1,1,1,1,1,1,4),(0.,0.117996296856314,0.12442603367009,
0.132726786563831,0.14254836930515,0.15368499709055,0.165997002215644,0.179381562815305,
0.193758887148338,0.209064717661355,0.22524586226041,0.242257341721887,
0.260060471403706,0.278621517158668,0.297910721719961,0.317901579773788,
0.338570285559938,0.359895303544482,0.381857029005498,0.404437515679243,
0.42762025433613,0.451389990658905,0.475732573884269,0.500634829832699,
0.526084453495243,0.552069917466761,0.578580393340842,0.605605683798672,
0.633136163590966,0.661162727969454,0.689676747400822,0.718670027612042,
0.74813477418626,0.778063561063813,0.808449302411413,0.83928522741013,0.870564857583963,
0.90228198634901,0.934430660511207,0.967005163480201,0.990403807794834),
 .UNSPECIFIED.);
#52=B_SPLINE_CURVE_WITH_KNOTS('',3,(#2660,#2661,#2662,#2663,#2664,#2665,
#2666,#2667,#2668,#2669,#2670,#2671,#2672,#2673,#2674,#2675,#2676,#2677,
#2678,#2679,#2680,#2681,#2682,#2683,#2684,#2685,#2686,#2687,#2688,#2689,
#2690,#2691,#2692,#2693,#2694,#2695,#2696,#2697,#2698,#2699,#2700,#2701,
#2702),.UNSPECIFIED.,.F.,.F.,(4,1,1,1,1,1,1,1,1,1,1,1,1,1,1,1,1,1,1,1,1,
1,1,1,1,1,1,1,1,1,1,1,1,1,1,1,1,1,1,1,4),(0.,0.117996296856314,0.12442603367009,
0.132726786563831,0.14254836930515,0.15368499709055,0.165997002215644,0.179381562815305,
0.193758887148338,0.209064717661355,0.22524586226041,0.242257341721887,
0.260060471403706,0.278621517158668,0.297910721719961,0.317901579773788,
0.338570285559938,0.359895303544482,0.381857029005498,0.404437515679243,
0.42762025433613,0.451389990658905,0.475732573884269,0.500634829832699,
0.526084453495243,0.552069917466761,0.578580393340842,0.605605683798672,
0.633136163590966,0.661162727969454,0.689676747400822,0.718670027612042,
0.74813477418626,0.778063561063813,0.808449302411413,0.83928522741013,0.870564857583963,
0.90228198634901,0.934430660511207,0.967005163480201,0.990403807794834),
 .UNSPECIFIED.);
#53=B_SPLINE_CURVE_WITH_KNOTS('',3,(#2703,#2704,#2705,#2706,#2707,#2708,
#2709,#2710,#2711,#2712,#2713,#2714,#2715,#2716,#2717,#2718,#2719,#2720,
#2721,#2722,#2723,#2724,#2725,#2726,#2727,#2728,#2729,#2730,#2731,#2732,
#2733,#2734,#2735,#2736,#2737,#2738,#2739,#2740,#2741,#2742,#2743,#2744,
#2745),.UNSPECIFIED.,.F.,.F.,(4,1,1,1,1,1,1,1,1,1,1,1,1,1,1,1,1,1,1,1,1,
1,1,1,1,1,1,1,1,1,1,1,1,1,1,1,1,1,1,1,4),(0.,0.117996296856314,0.12442603367009,
0.132726786563831,0.14254836930515,0.15368499709055,0.165997002215644,0.179381562815305,
0.193758887148338,0.209064717661355,0.22524586226041,0.242257341721887,
0.260060471403706,0.278621517158668,0.297910721719961,0.317901579773788,
0.338570285559938,0.359895303544482,0.381857029005498,0.404437515679243,
0.42762025433613,0.451389990658905,0.475732573884269,0.500634829832699,
0.526084453495243,0.552069917466761,0.578580393340842,0.605605683798672,
0.633136163590966,0.661162727969454,0.689676747400822,0.718670027612042,
0.74813477418626,0.778063561063813,0.808449302411413,0.83928522741013,0.870564857583963,
0.90228198634901,0.934430660511207,0.967005163480201,0.990403807794834),
 .UNSPECIFIED.);
#54=B_SPLINE_CURVE_WITH_KNOTS('',3,(#2753,#2754,#2755,#2756,#2757,#2758,
#2759,#2760,#2761,#2762,#2763,#2764,#2765,#2766,#2767,#2768,#2769,#2770,
#2771,#2772,#2773,#2774,#2775,#2776,#2777,#2778,#2779,#2780,#2781,#2782,
#2783,#2784,#2785,#2786,#2787,#2788,#2789,#2790,#2791,#2792,#2793,#2794,
#2795),.UNSPECIFIED.,.F.,.F.,(4,1,1,1,1,1,1,1,1,1,1,1,1,1,1,1,1,1,1,1,1,
1,1,1,1,1,1,1,1,1,1,1,1,1,1,1,1,1,1,1,4),(0.,0.117996296856314,0.12442603367009,
0.132726786563831,0.14254836930515,0.15368499709055,0.165997002215644,0.179381562815305,
0.193758887148338,0.209064717661355,0.22524586226041,0.242257341721887,
0.260060471403706,0.278621517158668,0.297910721719961,0.317901579773788,
0.338570285559938,0.359895303544482,0.381857029005498,0.404437515679243,
0.42762025433613,0.451389990658905,0.475732573884269,0.500634829832699,
0.526084453495243,0.552069917466761,0.578580393340842,0.605605683798672,
0.633136163590966,0.661162727969454,0.689676747400822,0.718670027612042,
0.74813477418626,0.778063561063813,0.808449302411413,0.83928522741013,0.870564857583963,
0.90228198634901,0.934430660511207,0.967005163480201,0.990403807794834),
 .UNSPECIFIED.);
#55=B_SPLINE_CURVE_WITH_KNOTS('',3,(#2796,#2797,#2798,#2799,#2800,#2801,
#2802,#2803,#2804,#2805,#2806,#2807,#2808,#2809,#2810,#2811,#2812,#2813,
#2814,#2815,#2816,#2817,#2818,#2819,#2820,#2821,#2822,#2823,#2824,#2825,
#2826,#2827,#2828,#2829,#2830,#2831,#2832,#2833,#2834,#2835,#2836,#2837,
#2838),.UNSPECIFIED.,.F.,.F.,(4,1,1,1,1,1,1,1,1,1,1,1,1,1,1,1,1,1,1,1,1,
1,1,1,1,1,1,1,1,1,1,1,1,1,1,1,1,1,1,1,4),(0.,0.117996296856314,0.12442603367009,
0.132726786563831,0.14254836930515,0.15368499709055,0.165997002215644,0.179381562815305,
0.193758887148338,0.209064717661355,0.22524586226041,0.242257341721887,
0.260060471403706,0.278621517158668,0.297910721719961,0.317901579773788,
0.338570285559938,0.359895303544482,0.381857029005498,0.404437515679243,
0.42762025433613,0.451389990658905,0.475732573884269,0.500634829832699,
0.526084453495243,0.552069917466761,0.578580393340842,0.605605683798672,
0.633136163590966,0.661162727969454,0.689676747400822,0.718670027612042,
0.74813477418626,0.778063561063813,0.808449302411413,0.83928522741013,0.870564857583963,
0.90228198634901,0.934430660511207,0.967005163480201,0.990403807794834),
 .UNSPECIFIED.);
#56=B_SPLINE_CURVE_WITH_KNOTS('',3,(#2846,#2847,#2848,#2849,#2850,#2851,
#2852,#2853,#2854,#2855,#2856,#2857,#2858,#2859,#2860,#2861,#2862,#2863,
#2864,#2865,#2866,#2867,#2868,#2869,#2870,#2871,#2872,#2873,#2874,#2875,
#2876,#2877,#2878,#2879,#2880,#2881,#2882,#2883,#2884,#2885,#2886,#2887,
#2888),.UNSPECIFIED.,.F.,.F.,(4,1,1,1,1,1,1,1,1,1,1,1,1,1,1,1,1,1,1,1,1,
1,1,1,1,1,1,1,1,1,1,1,1,1,1,1,1,1,1,1,4),(0.,0.117996296856314,0.12442603367009,
0.132726786563831,0.14254836930515,0.15368499709055,0.165997002215644,0.179381562815305,
0.193758887148338,0.209064717661355,0.22524586226041,0.242257341721887,
0.260060471403706,0.278621517158668,0.297910721719961,0.317901579773788,
0.338570285559938,0.359895303544482,0.381857029005498,0.404437515679243,
0.42762025433613,0.451389990658905,0.475732573884269,0.500634829832699,
0.526084453495243,0.552069917466761,0.578580393340842,0.605605683798672,
0.633136163590966,0.661162727969454,0.689676747400822,0.718670027612042,
0.74813477418626,0.778063561063813,0.808449302411413,0.83928522741013,0.870564857583963,
0.90228198634901,0.934430660511207,0.967005163480201,0.990403807794834),
 .UNSPECIFIED.);
#57=B_SPLINE_CURVE_WITH_KNOTS('',3,(#2889,#2890,#2891,#2892,#2893,#2894,
#2895,#2896,#2897,#2898,#2899,#2900,#2901,#2902,#2903,#2904,#2905,#2906,
#2907,#2908,#2909,#2910,#2911,#2912,#2913,#2914,#2915,#2916,#2917,#2918,
#2919,#2920,#2921,#2922,#2923,#2924,#2925,#2926,#2927,#2928,#2929,#2930,
#2931),.UNSPECIFIED.,.F.,.F.,(4,1,1,1,1,1,1,1,1,1,1,1,1,1,1,1,1,1,1,1,1,
1,1,1,1,1,1,1,1,1,1,1,1,1,1,1,1,1,1,1,4),(0.,0.117996296856314,0.12442603367009,
0.132726786563831,0.14254836930515,0.15368499709055,0.165997002215644,0.179381562815305,
0.193758887148338,0.209064717661355,0.22524586226041,0.242257341721887,
0.260060471403706,0.278621517158668,0.297910721719961,0.317901579773788,
0.338570285559938,0.359895303544482,0.381857029005498,0.404437515679243,
0.42762025433613,0.451389990658905,0.475732573884269,0.500634829832699,
0.526084453495243,0.552069917466761,0.578580393340842,0.605605683798672,
0.633136163590966,0.661162727969454,0.689676747400822,0.718670027612042,
0.74813477418626,0.778063561063813,0.808449302411413,0.83928522741013,0.870564857583963,
0.90228198634901,0.934430660511207,0.967005163480201,0.990403807794834),
 .UNSPECIFIED.);
#58=B_SPLINE_CURVE_WITH_KNOTS('',3,(#2939,#2940,#2941,#2942,#2943,#2944,
#2945,#2946,#2947,#2948,#2949,#2950,#2951,#2952,#2953,#2954,#2955,#2956,
#2957,#2958,#2959,#2960,#2961,#2962,#2963,#2964,#2965,#2966,#2967,#2968,
#2969,#2970,#2971,#2972,#2973,#2974,#2975,#2976,#2977,#2978,#2979,#2980,
#2981),.UNSPECIFIED.,.F.,.F.,(4,1,1,1,1,1,1,1,1,1,1,1,1,1,1,1,1,1,1,1,1,
1,1,1,1,1,1,1,1,1,1,1,1,1,1,1,1,1,1,1,4),(0.,0.117996296856314,0.12442603367009,
0.132726786563831,0.14254836930515,0.15368499709055,0.165997002215644,0.179381562815305,
0.193758887148338,0.209064717661355,0.22524586226041,0.242257341721887,
0.260060471403706,0.278621517158668,0.297910721719961,0.317901579773788,
0.338570285559938,0.359895303544482,0.381857029005498,0.404437515679243,
0.42762025433613,0.451389990658905,0.475732573884269,0.500634829832699,
0.526084453495243,0.552069917466761,0.578580393340842,0.605605683798672,
0.633136163590966,0.661162727969454,0.689676747400822,0.718670027612042,
0.74813477418626,0.778063561063813,0.808449302411413,0.83928522741013,0.870564857583963,
0.90228198634901,0.934430660511207,0.967005163480201,0.990403807794834),
 .UNSPECIFIED.);
#59=B_SPLINE_CURVE_WITH_KNOTS('',3,(#2982,#2983,#2984,#2985,#2986,#2987,
#2988,#2989,#2990,#2991,#2992,#2993,#2994,#2995,#2996,#2997,#2998,#2999,
#3000,#3001,#3002,#3003,#3004,#3005,#3006,#3007,#3008,#3009,#3010,#3011,
#3012,#3013,#3014,#3015,#3016,#3017,#3018,#3019,#3020,#3021,#3022,#3023,
#3024),.UNSPECIFIED.,.F.,.F.,(4,1,1,1,1,1,1,1,1,1,1,1,1,1,1,1,1,1,1,1,1,
1,1,1,1,1,1,1,1,1,1,1,1,1,1,1,1,1,1,1,4),(0.,0.117996296856314,0.12442603367009,
0.132726786563831,0.14254836930515,0.15368499709055,0.165997002215644,0.179381562815305,
0.193758887148338,0.209064717661355,0.22524586226041,0.242257341721887,
0.260060471403706,0.278621517158668,0.297910721719961,0.317901579773788,
0.338570285559938,0.359895303544482,0.381857029005498,0.404437515679243,
0.42762025433613,0.451389990658905,0.475732573884269,0.500634829832699,
0.526084453495243,0.552069917466761,0.578580393340842,0.605605683798672,
0.633136163590966,0.661162727969454,0.689676747400822,0.718670027612042,
0.74813477418626,0.778063561063813,0.808449302411413,0.83928522741013,0.870564857583963,
0.90228198634901,0.934430660511207,0.967005163480201,0.990403807794834),
 .UNSPECIFIED.);
#60=B_SPLINE_CURVE_WITH_KNOTS('',3,(#3032,#3033,#3034,#3035,#3036,#3037,
#3038,#3039,#3040,#3041,#3042,#3043,#3044,#3045,#3046,#3047,#3048,#3049,
#3050,#3051,#3052,#3053,#3054,#3055,#3056,#3057,#3058,#3059,#3060,#3061,
#3062,#3063,#3064,#3065,#3066,#3067,#3068,#3069,#3070,#3071,#3072,#3073,
#3074),.UNSPECIFIED.,.F.,.F.,(4,1,1,1,1,1,1,1,1,1,1,1,1,1,1,1,1,1,1,1,1,
1,1,1,1,1,1,1,1,1,1,1,1,1,1,1,1,1,1,1,4),(0.,0.117996296856314,0.12442603367009,
0.132726786563831,0.14254836930515,0.15368499709055,0.165997002215644,0.179381562815305,
0.193758887148338,0.209064717661355,0.22524586226041,0.242257341721887,
0.260060471403706,0.278621517158668,0.297910721719961,0.317901579773788,
0.338570285559938,0.359895303544482,0.381857029005498,0.404437515679243,
0.42762025433613,0.451389990658905,0.475732573884269,0.500634829832699,
0.526084453495243,0.552069917466761,0.578580393340842,0.605605683798672,
0.633136163590966,0.661162727969454,0.689676747400822,0.718670027612042,
0.74813477418626,0.778063561063813,0.808449302411413,0.83928522741013,0.870564857583963,
0.90228198634901,0.934430660511207,0.967005163480201,0.990403807794834),
 .UNSPECIFIED.);
#61=B_SPLINE_CURVE_WITH_KNOTS('',3,(#3075,#3076,#3077,#3078,#3079,#3080,
#3081,#3082,#3083,#3084,#3085,#3086,#3087,#3088,#3089,#3090,#3091,#3092,
#3093,#3094,#3095,#3096,#3097,#3098,#3099,#3100,#3101,#3102,#3103,#3104,
#3105,#3106,#3107,#3108,#3109,#3110,#3111,#3112,#3113,#3114,#3115,#3116,
#3117),.UNSPECIFIED.,.F.,.F.,(4,1,1,1,1,1,1,1,1,1,1,1,1,1,1,1,1,1,1,1,1,
1,1,1,1,1,1,1,1,1,1,1,1,1,1,1,1,1,1,1,4),(0.,0.117996296856314,0.12442603367009,
0.132726786563831,0.14254836930515,0.15368499709055,0.165997002215644,0.179381562815305,
0.193758887148338,0.209064717661355,0.22524586226041,0.242257341721887,
0.260060471403706,0.278621517158668,0.297910721719961,0.317901579773788,
0.338570285559938,0.359895303544482,0.381857029005498,0.404437515679243,
0.42762025433613,0.451389990658905,0.475732573884269,0.500634829832699,
0.526084453495243,0.552069917466761,0.578580393340842,0.605605683798672,
0.633136163590966,0.661162727969454,0.689676747400822,0.718670027612042,
0.74813477418626,0.778063561063813,0.808449302411413,0.83928522741013,0.870564857583963,
0.90228198634901,0.934430660511207,0.967005163480201,0.990403807794834),
 .UNSPECIFIED.);
#62=B_SPLINE_CURVE_WITH_KNOTS('',3,(#3125,#3126,#3127,#3128,#3129,#3130,
#3131,#3132,#3133,#3134,#3135,#3136,#3137,#3138,#3139,#3140,#3141,#3142,
#3143,#3144,#3145,#3146,#3147,#3148,#3149,#3150,#3151,#3152,#3153,#3154,
#3155,#3156,#3157,#3158,#3159,#3160,#3161,#3162,#3163,#3164,#3165,#3166,
#3167),.UNSPECIFIED.,.F.,.F.,(4,1,1,1,1,1,1,1,1,1,1,1,1,1,1,1,1,1,1,1,1,
1,1,1,1,1,1,1,1,1,1,1,1,1,1,1,1,1,1,1,4),(0.,0.117996296856314,0.12442603367009,
0.132726786563831,0.14254836930515,0.15368499709055,0.165997002215644,0.179381562815305,
0.193758887148338,0.209064717661355,0.22524586226041,0.242257341721887,
0.260060471403706,0.278621517158668,0.297910721719961,0.317901579773788,
0.338570285559938,0.359895303544482,0.381857029005498,0.404437515679243,
0.42762025433613,0.451389990658905,0.475732573884269,0.500634829832699,
0.526084453495243,0.552069917466761,0.578580393340842,0.605605683798672,
0.633136163590966,0.661162727969454,0.689676747400822,0.718670027612042,
0.74813477418626,0.778063561063813,0.808449302411413,0.83928522741013,0.870564857583963,
0.90228198634901,0.934430660511207,0.967005163480201,0.990403807794834),
 .UNSPECIFIED.);
#63=B_SPLINE_CURVE_WITH_KNOTS('',3,(#3168,#3169,#3170,#3171,#3172,#3173,
#3174,#3175,#3176,#3177,#3178,#3179,#3180,#3181,#3182,#3183,#3184,#3185,
#3186,#3187,#3188,#3189,#3190,#3191,#3192,#3193,#3194,#3195,#3196,#3197,
#3198,#3199,#3200,#3201,#3202,#3203,#3204,#3205,#3206,#3207,#3208,#3209,
#3210),.UNSPECIFIED.,.F.,.F.,(4,1,1,1,1,1,1,1,1,1,1,1,1,1,1,1,1,1,1,1,1,
1,1,1,1,1,1,1,1,1,1,1,1,1,1,1,1,1,1,1,4),(0.,0.117996296856314,0.12442603367009,
0.132726786563831,0.14254836930515,0.15368499709055,0.165997002215644,0.179381562815305,
0.193758887148338,0.209064717661355,0.22524586226041,0.242257341721887,
0.260060471403706,0.278621517158668,0.297910721719961,0.317901579773788,
0.338570285559938,0.359895303544482,0.381857029005498,0.404437515679243,
0.42762025433613,0.451389990658905,0.475732573884269,0.500634829832699,
0.526084453495243,0.552069917466761,0.578580393340842,0.605605683798672,
0.633136163590966,0.661162727969454,0.689676747400822,0.718670027612042,
0.74813477418626,0.778063561063813,0.808449302411413,0.83928522741013,0.870564857583963,
0.90228198634901,0.934430660511207,0.967005163480201,0.990403807794834),
 .UNSPECIFIED.);
#64=B_SPLINE_CURVE_WITH_KNOTS('',3,(#3218,#3219,#3220,#3221,#3222,#3223,
#3224,#3225,#3226,#3227,#3228,#3229,#3230,#3231,#3232,#3233,#3234,#3235,
#3236,#3237,#3238,#3239,#3240,#3241,#3242,#3243,#3244,#3245,#3246,#3247,
#3248,#3249,#3250,#3251,#3252,#3253,#3254,#3255,#3256,#3257,#3258,#3259,
#3260),.UNSPECIFIED.,.F.,.F.,(4,1,1,1,1,1,1,1,1,1,1,1,1,1,1,1,1,1,1,1,1,
1,1,1,1,1,1,1,1,1,1,1,1,1,1,1,1,1,1,1,4),(0.,0.117996296856314,0.12442603367009,
0.132726786563831,0.14254836930515,0.15368499709055,0.165997002215644,0.179381562815305,
0.193758887148338,0.209064717661355,0.22524586226041,0.242257341721887,
0.260060471403706,0.278621517158668,0.297910721719961,0.317901579773788,
0.338570285559938,0.359895303544482,0.381857029005498,0.404437515679243,
0.42762025433613,0.451389990658905,0.475732573884269,0.500634829832699,
0.526084453495243,0.552069917466761,0.578580393340842,0.605605683798672,
0.633136163590966,0.661162727969454,0.689676747400822,0.718670027612042,
0.74813477418626,0.778063561063813,0.808449302411413,0.83928522741013,0.870564857583963,
0.90228198634901,0.934430660511207,0.967005163480201,0.990403807794834),
 .UNSPECIFIED.);
#65=B_SPLINE_CURVE_WITH_KNOTS('',3,(#3261,#3262,#3263,#3264,#3265,#3266,
#3267,#3268,#3269,#3270,#3271,#3272,#3273,#3274,#3275,#3276,#3277,#3278,
#3279,#3280,#3281,#3282,#3283,#3284,#3285,#3286,#3287,#3288,#3289,#3290,
#3291,#3292,#3293,#3294,#3295,#3296,#3297,#3298,#3299,#3300,#3301,#3302,
#3303),.UNSPECIFIED.,.F.,.F.,(4,1,1,1,1,1,1,1,1,1,1,1,1,1,1,1,1,1,1,1,1,
1,1,1,1,1,1,1,1,1,1,1,1,1,1,1,1,1,1,1,4),(0.,0.117996296856314,0.12442603367009,
0.132726786563831,0.14254836930515,0.15368499709055,0.165997002215644,0.179381562815305,
0.193758887148338,0.209064717661355,0.22524586226041,0.242257341721887,
0.260060471403706,0.278621517158668,0.297910721719961,0.317901579773788,
0.338570285559938,0.359895303544482,0.381857029005498,0.404437515679243,
0.42762025433613,0.451389990658905,0.475732573884269,0.500634829832699,
0.526084453495243,0.552069917466761,0.578580393340842,0.605605683798672,
0.633136163590966,0.661162727969454,0.689676747400822,0.718670027612042,
0.74813477418626,0.778063561063813,0.808449302411413,0.83928522741013,0.870564857583963,
0.90228198634901,0.934430660511207,0.967005163480201,0.990403807794834),
 .UNSPECIFIED.);
#66=B_SPLINE_CURVE_WITH_KNOTS('',3,(#3311,#3312,#3313,#3314,#3315,#3316,
#3317,#3318,#3319,#3320,#3321,#3322,#3323,#3324,#3325,#3326,#3327,#3328,
#3329,#3330,#3331,#3332,#3333,#3334,#3335,#3336,#3337,#3338,#3339,#3340,
#3341,#3342,#3343,#3344,#3345,#3346,#3347,#3348,#3349,#3350,#3351,#3352,
#3353),.UNSPECIFIED.,.F.,.F.,(4,1,1,1,1,1,1,1,1,1,1,1,1,1,1,1,1,1,1,1,1,
1,1,1,1,1,1,1,1,1,1,1,1,1,1,1,1,1,1,1,4),(0.,0.117996296856314,0.12442603367009,
0.132726786563831,0.14254836930515,0.15368499709055,0.165997002215644,0.179381562815305,
0.193758887148338,0.209064717661355,0.22524586226041,0.242257341721887,
0.260060471403706,0.278621517158668,0.297910721719961,0.317901579773788,
0.338570285559938,0.359895303544482,0.381857029005498,0.404437515679243,
0.42762025433613,0.451389990658905,0.475732573884269,0.500634829832699,
0.526084453495243,0.552069917466761,0.578580393340842,0.605605683798672,
0.633136163590966,0.661162727969454,0.689676747400822,0.718670027612042,
0.74813477418626,0.778063561063813,0.808449302411413,0.83928522741013,0.870564857583963,
0.90228198634901,0.934430660511207,0.967005163480201,0.990403807794834),
 .UNSPECIFIED.);
#67=B_SPLINE_CURVE_WITH_KNOTS('',3,(#3354,#3355,#3356,#3357,#3358,#3359,
#3360,#3361,#3362,#3363,#3364,#3365,#3366,#3367,#3368,#3369,#3370,#3371,
#3372,#3373,#3374,#3375,#3376,#3377,#3378,#3379,#3380,#3381,#3382,#3383,
#3384,#3385,#3386,#3387,#3388,#3389,#3390,#3391,#3392,#3393,#3394,#3395,
#3396),.UNSPECIFIED.,.F.,.F.,(4,1,1,1,1,1,1,1,1,1,1,1,1,1,1,1,1,1,1,1,1,
1,1,1,1,1,1,1,1,1,1,1,1,1,1,1,1,1,1,1,4),(0.,0.117996296856314,0.12442603367009,
0.132726786563831,0.14254836930515,0.15368499709055,0.165997002215644,0.179381562815305,
0.193758887148338,0.209064717661355,0.22524586226041,0.242257341721887,
0.260060471403706,0.278621517158668,0.297910721719961,0.317901579773788,
0.338570285559938,0.359895303544482,0.381857029005498,0.404437515679243,
0.42762025433613,0.451389990658905,0.475732573884269,0.500634829832699,
0.526084453495243,0.552069917466761,0.578580393340842,0.605605683798672,
0.633136163590966,0.661162727969454,0.689676747400822,0.718670027612042,
0.74813477418626,0.778063561063813,0.808449302411413,0.83928522741013,0.870564857583963,
0.90228198634901,0.934430660511207,0.967005163480201,0.990403807794834),
 .UNSPECIFIED.);
#68=B_SPLINE_CURVE_WITH_KNOTS('',3,(#3404,#3405,#3406,#3407,#3408,#3409,
#3410,#3411,#3412,#3413,#3414,#3415,#3416,#3417,#3418,#3419,#3420,#3421,
#3422,#3423,#3424,#3425,#3426,#3427,#3428,#3429,#3430,#3431,#3432,#3433,
#3434,#3435,#3436,#3437,#3438,#3439,#3440,#3441,#3442,#3443,#3444,#3445,
#3446),.UNSPECIFIED.,.F.,.F.,(4,1,1,1,1,1,1,1,1,1,1,1,1,1,1,1,1,1,1,1,1,
1,1,1,1,1,1,1,1,1,1,1,1,1,1,1,1,1,1,1,4),(0.,0.117996296856314,0.12442603367009,
0.132726786563831,0.14254836930515,0.15368499709055,0.165997002215644,0.179381562815305,
0.193758887148338,0.209064717661355,0.22524586226041,0.242257341721887,
0.260060471403706,0.278621517158668,0.297910721719961,0.317901579773788,
0.338570285559938,0.359895303544482,0.381857029005498,0.404437515679243,
0.42762025433613,0.451389990658905,0.475732573884269,0.500634829832699,
0.526084453495243,0.552069917466761,0.578580393340842,0.605605683798672,
0.633136163590966,0.661162727969454,0.689676747400822,0.718670027612042,
0.74813477418626,0.778063561063813,0.808449302411413,0.83928522741013,0.870564857583963,
0.90228198634901,0.934430660511207,0.967005163480201,0.990403807794834),
 .UNSPECIFIED.);
#69=B_SPLINE_CURVE_WITH_KNOTS('',3,(#3447,#3448,#3449,#3450,#3451,#3452,
#3453,#3454,#3455,#3456,#3457,#3458,#3459,#3460,#3461,#3462,#3463,#3464,
#3465,#3466,#3467,#3468,#3469,#3470,#3471,#3472,#3473,#3474,#3475,#3476,
#3477,#3478,#3479,#3480,#3481,#3482,#3483,#3484,#3485,#3486,#3487,#3488,
#3489),.UNSPECIFIED.,.F.,.F.,(4,1,1,1,1,1,1,1,1,1,1,1,1,1,1,1,1,1,1,1,1,
1,1,1,1,1,1,1,1,1,1,1,1,1,1,1,1,1,1,1,4),(0.,0.117996296856314,0.12442603367009,
0.132726786563831,0.14254836930515,0.15368499709055,0.165997002215644,0.179381562815305,
0.193758887148338,0.209064717661355,0.22524586226041,0.242257341721887,
0.260060471403706,0.278621517158668,0.297910721719961,0.317901579773788,
0.338570285559938,0.359895303544482,0.381857029005498,0.404437515679243,
0.42762025433613,0.451389990658905,0.475732573884269,0.500634829832699,
0.526084453495243,0.552069917466761,0.578580393340842,0.605605683798672,
0.633136163590966,0.661162727969454,0.689676747400822,0.718670027612042,
0.74813477418626,0.778063561063813,0.808449302411413,0.83928522741013,0.870564857583963,
0.90228198634901,0.934430660511207,0.967005163480201,0.990403807794834),
 .UNSPECIFIED.);
#70=B_SPLINE_CURVE_WITH_KNOTS('',3,(#3497,#3498,#3499,#3500,#3501,#3502,
#3503,#3504,#3505,#3506,#3507,#3508,#3509,#3510,#3511,#3512,#3513,#3514,
#3515,#3516,#3517,#3518,#3519,#3520,#3521,#3522,#3523,#3524,#3525,#3526,
#3527,#3528,#3529,#3530,#3531,#3532,#3533,#3534,#3535,#3536,#3537,#3538,
#3539),.UNSPECIFIED.,.F.,.F.,(4,1,1,1,1,1,1,1,1,1,1,1,1,1,1,1,1,1,1,1,1,
1,1,1,1,1,1,1,1,1,1,1,1,1,1,1,1,1,1,1,4),(0.,0.117996296856314,0.12442603367009,
0.132726786563831,0.14254836930515,0.15368499709055,0.165997002215644,0.179381562815305,
0.193758887148338,0.209064717661355,0.22524586226041,0.242257341721887,
0.260060471403706,0.278621517158668,0.297910721719961,0.317901579773788,
0.338570285559938,0.359895303544482,0.381857029005498,0.404437515679243,
0.42762025433613,0.451389990658905,0.475732573884269,0.500634829832699,
0.526084453495243,0.552069917466761,0.578580393340842,0.605605683798672,
0.633136163590966,0.661162727969454,0.689676747400822,0.718670027612042,
0.74813477418626,0.778063561063813,0.808449302411413,0.83928522741013,0.870564857583963,
0.90228198634901,0.934430660511207,0.967005163480201,0.990403807794834),
 .UNSPECIFIED.);
#71=B_SPLINE_CURVE_WITH_KNOTS('',3,(#3540,#3541,#3542,#3543,#3544,#3545,
#3546,#3547,#3548,#3549,#3550,#3551,#3552,#3553,#3554,#3555,#3556,#3557,
#3558,#3559,#3560,#3561,#3562,#3563,#3564,#3565,#3566,#3567,#3568,#3569,
#3570,#3571,#3572,#3573,#3574,#3575,#3576,#3577,#3578,#3579,#3580,#3581,
#3582),.UNSPECIFIED.,.F.,.F.,(4,1,1,1,1,1,1,1,1,1,1,1,1,1,1,1,1,1,1,1,1,
1,1,1,1,1,1,1,1,1,1,1,1,1,1,1,1,1,1,1,4),(0.,0.117996296856314,0.12442603367009,
0.132726786563831,0.14254836930515,0.15368499709055,0.165997002215644,0.179381562815305,
0.193758887148338,0.209064717661355,0.22524586226041,0.242257341721887,
0.260060471403706,0.278621517158668,0.297910721719961,0.317901579773788,
0.338570285559938,0.359895303544482,0.381857029005498,0.404437515679243,
0.42762025433613,0.451389990658905,0.475732573884269,0.500634829832699,
0.526084453495243,0.552069917466761,0.578580393340842,0.605605683798672,
0.633136163590966,0.661162727969454,0.689676747400822,0.718670027612042,
0.74813477418626,0.778063561063813,0.808449302411413,0.83928522741013,0.870564857583963,
0.90228198634901,0.934430660511207,0.967005163480201,0.990403807794834),
 .UNSPECIFIED.);
#72=PLANE('',#1220);
#73=PLANE('',#1255);
#74=CIRCLE('',#1194,0.0126);
#75=CIRCLE('',#1195,0.0126);
#76=CIRCLE('',#1197,0.0126);
#77=CIRCLE('',#1198,0.0126);
#78=CIRCLE('',#1200,0.0126);
#79=CIRCLE('',#1201,0.0126);
#80=CIRCLE('',#1203,0.0126);
#81=CIRCLE('',#1204,0.0126);
#82=CIRCLE('',#1206,0.0126);
#83=CIRCLE('',#1207,0.0126);
#84=CIRCLE('',#1209,0.0126);
#85=CIRCLE('',#1210,0.0126);
#86=CIRCLE('',#1212,0.0126);
#87=CIRCLE('',#1213,0.0126);
#88=CIRCLE('',#1215,0.0126);
#89=CIRCLE('',#1216,0.0126);
#90=CIRCLE('',#1218,0.0126);
#91=CIRCLE('',#1219,0.0126);
#92=CIRCLE('',#1221,0.0025);
#93=CIRCLE('',#1222,0.000866373692527404);
#94=CIRCLE('',#1223,0.000866373692527404);
#95=CIRCLE('',#1224,0.00787499999999983);
#96=CIRCLE('',#1225,0.000866373692527404);
#97=CIRCLE('',#1226,0.000866373692527404);
#98=CIRCLE('',#1227,0.00787499999999983);
#99=CIRCLE('',#1228,0.000866373692527404);
#100=CIRCLE('',#1229,0.000866373692527404);
#101=CIRCLE('',#1230,0.00787499999999983);
#102=CIRCLE('',#1231,0.000866373692527404);
#103=CIRCLE('',#1232,0.000866373692527404);
#104=CIRCLE('',#1233,0.00787499999999983);
#105=CIRCLE('',#1234,0.000866373692527404);
#106=CIRCLE('',#1235,0.000866373692527404);
#107=CIRCLE('',#1236,0.00787499999999983);
#108=CIRCLE('',#1237,0.000866373692527404);
#109=CIRCLE('',#1238,0.000866373692527404);
#110=CIRCLE('',#1239,0.00787499999999983);
#111=CIRCLE('',#1240,0.000866373692527404);
#112=CIRCLE('',#1241,0.000866373692527404);
#113=CIRCLE('',#1242,0.00787499999999983);
#114=CIRCLE('',#1243,0.000866373692527404);
#115=CIRCLE('',#1244,0.0126);
#116=CIRCLE('',#1245,0.000866373692527404);
#117=CIRCLE('',#1246,0.00787499999999983);
#118=CIRCLE('',#1247,0.000866373692527404);
#119=CIRCLE('',#1248,0.000866373692527404);
#120=CIRCLE('',#1249,0.00787499999999983);
#121=CIRCLE('',#1250,0.000866373692527404);
#122=CIRCLE('',#1251,0.000866373692527404);
#123=CIRCLE('',#1252,0.00787499999999983);
#124=CIRCLE('',#1254,0.0126);
#125=CIRCLE('',#1256,0.0025);
#126=CIRCLE('',#1257,0.000866373692527404);
#127=CIRCLE('',#1258,0.000866373692527404);
#128=CIRCLE('',#1259,0.00787499999999983);
#129=CIRCLE('',#1260,0.000866373692527404);
#130=CIRCLE('',#1261,0.000866373692527404);
#131=CIRCLE('',#1262,0.00787499999999983);
#132=CIRCLE('',#1263,0.000866373692527404);
#133=CIRCLE('',#1264,0.000866373692527404);
#134=CIRCLE('',#1265,0.00787499999999983);
#135=CIRCLE('',#1266,0.000866373692527404);
#136=CIRCLE('',#1267,0.000866373692527404);
#137=CIRCLE('',#1268,0.00787499999999983);
#138=CIRCLE('',#1269,0.000866373692527404);
#139=CIRCLE('',#1270,0.000866373692527404);
#140=CIRCLE('',#1271,0.00787499999999983);
#141=CIRCLE('',#1272,0.000866373692527404);
#142=CIRCLE('',#1273,0.000866373692527404);
#143=CIRCLE('',#1274,0.00787499999999983);
#144=CIRCLE('',#1275,0.000866373692527404);
#145=CIRCLE('',#1276,0.000866373692527404);
#146=CIRCLE('',#1277,0.00787499999999983);
#147=CIRCLE('',#1278,0.000866373692527404);
#148=CIRCLE('',#1279,0.000866373692527404);
#149=CIRCLE('',#1280,0.00787499999999983);
#150=CIRCLE('',#1281,0.000866373692527404);
#151=CIRCLE('',#1282,0.000866373692527404);
#152=CIRCLE('',#1283,0.00787499999999983);
#153=CIRCLE('',#1284,0.000866373692527404);
#154=CIRCLE('',#1285,0.000866373692527404);
#155=CIRCLE('',#1286,0.00787499999999983);
#156=ORIENTED_EDGE('',*,*,#520,.F.);
#157=ORIENTED_EDGE('',*,*,#521,.F.);
#158=ORIENTED_EDGE('',*,*,#522,.T.);
#159=ORIENTED_EDGE('',*,*,#523,.T.);
#160=ORIENTED_EDGE('',*,*,#524,.F.);
#161=ORIENTED_EDGE('',*,*,#525,.F.);
#162=ORIENTED_EDGE('',*,*,#526,.T.);
#163=ORIENTED_EDGE('',*,*,#527,.T.);
#164=ORIENTED_EDGE('',*,*,#528,.F.);
#165=ORIENTED_EDGE('',*,*,#529,.F.);
#166=ORIENTED_EDGE('',*,*,#530,.T.);
#167=ORIENTED_EDGE('',*,*,#531,.T.);
#168=ORIENTED_EDGE('',*,*,#532,.F.);
#169=ORIENTED_EDGE('',*,*,#533,.T.);
#170=ORIENTED_EDGE('',*,*,#534,.T.);
#171=ORIENTED_EDGE('',*,*,#535,.F.);
#172=ORIENTED_EDGE('',*,*,#536,.F.);
#173=ORIENTED_EDGE('',*,*,#537,.F.);
#174=ORIENTED_EDGE('',*,*,#538,.T.);
#175=ORIENTED_EDGE('',*,*,#539,.T.);
#176=ORIENTED_EDGE('',*,*,#540,.F.);
#177=ORIENTED_EDGE('',*,*,#541,.F.);
#178=ORIENTED_EDGE('',*,*,#542,.T.);
#179=ORIENTED_EDGE('',*,*,#543,.T.);
#180=ORIENTED_EDGE('',*,*,#544,.F.);
#181=ORIENTED_EDGE('',*,*,#545,.F.);
#182=ORIENTED_EDGE('',*,*,#546,.T.);
#183=ORIENTED_EDGE('',*,*,#547,.T.);
#184=ORIENTED_EDGE('',*,*,#548,.F.);
#185=ORIENTED_EDGE('',*,*,#549,.T.);
#186=ORIENTED_EDGE('',*,*,#550,.T.);
#187=ORIENTED_EDGE('',*,*,#551,.F.);
#188=ORIENTED_EDGE('',*,*,#552,.F.);
#189=ORIENTED_EDGE('',*,*,#553,.T.);
#190=ORIENTED_EDGE('',*,*,#554,.T.);
#191=ORIENTED_EDGE('',*,*,#555,.F.);
#192=ORIENTED_EDGE('',*,*,#556,.F.);
#193=ORIENTED_EDGE('',*,*,#557,.F.);
#194=ORIENTED_EDGE('',*,*,#558,.T.);
#195=ORIENTED_EDGE('',*,*,#532,.T.);
#196=ORIENTED_EDGE('',*,*,#559,.F.);
#197=ORIENTED_EDGE('',*,*,#560,.F.);
#198=ORIENTED_EDGE('',*,*,#561,.T.);
#199=ORIENTED_EDGE('',*,*,#562,.F.);
#200=ORIENTED_EDGE('',*,*,#563,.T.);
#201=ORIENTED_EDGE('',*,*,#529,.T.);
#202=ORIENTED_EDGE('',*,*,#564,.F.);
#203=ORIENTED_EDGE('',*,*,#565,.F.);
#204=ORIENTED_EDGE('',*,*,#566,.T.);
#205=ORIENTED_EDGE('',*,*,#567,.F.);
#206=ORIENTED_EDGE('',*,*,#568,.T.);
#207=ORIENTED_EDGE('',*,*,#548,.T.);
#208=ORIENTED_EDGE('',*,*,#569,.F.);
#209=ORIENTED_EDGE('',*,*,#570,.F.);
#210=ORIENTED_EDGE('',*,*,#571,.T.);
#211=ORIENTED_EDGE('',*,*,#572,.F.);
#212=ORIENTED_EDGE('',*,*,#573,.T.);
#213=ORIENTED_EDGE('',*,*,#545,.T.);
#214=ORIENTED_EDGE('',*,*,#574,.F.);
#215=ORIENTED_EDGE('',*,*,#575,.F.);
#216=ORIENTED_EDGE('',*,*,#576,.T.);
#217=ORIENTED_EDGE('',*,*,#577,.F.);
#218=ORIENTED_EDGE('',*,*,#578,.T.);
#219=ORIENTED_EDGE('',*,*,#541,.T.);
#220=ORIENTED_EDGE('',*,*,#579,.F.);
#221=ORIENTED_EDGE('',*,*,#580,.F.);
#222=ORIENTED_EDGE('',*,*,#581,.T.);
#223=ORIENTED_EDGE('',*,*,#582,.F.);
#224=ORIENTED_EDGE('',*,*,#583,.T.);
#225=ORIENTED_EDGE('',*,*,#537,.T.);
#226=ORIENTED_EDGE('',*,*,#584,.F.);
#227=ORIENTED_EDGE('',*,*,#585,.F.);
#228=ORIENTED_EDGE('',*,*,#586,.T.);
#229=ORIENTED_EDGE('',*,*,#587,.F.);
#230=ORIENTED_EDGE('',*,*,#588,.T.);
#231=ORIENTED_EDGE('',*,*,#552,.T.);
#232=ORIENTED_EDGE('',*,*,#589,.F.);
#233=ORIENTED_EDGE('',*,*,#590,.F.);
#234=ORIENTED_EDGE('',*,*,#591,.T.);
#235=ORIENTED_EDGE('',*,*,#592,.F.);
#236=ORIENTED_EDGE('',*,*,#593,.T.);
#237=ORIENTED_EDGE('',*,*,#594,.T.);
#238=ORIENTED_EDGE('',*,*,#595,.F.);
#239=ORIENTED_EDGE('',*,*,#596,.F.);
#240=ORIENTED_EDGE('',*,*,#597,.T.);
#241=ORIENTED_EDGE('',*,*,#598,.F.);
#242=ORIENTED_EDGE('',*,*,#599,.T.);
#243=ORIENTED_EDGE('',*,*,#525,.T.);
#244=ORIENTED_EDGE('',*,*,#600,.F.);
#245=ORIENTED_EDGE('',*,*,#601,.F.);
#246=ORIENTED_EDGE('',*,*,#602,.T.);
#247=ORIENTED_EDGE('',*,*,#603,.F.);
#248=ORIENTED_EDGE('',*,*,#604,.T.);
#249=ORIENTED_EDGE('',*,*,#521,.T.);
#250=ORIENTED_EDGE('',*,*,#605,.F.);
#251=ORIENTED_EDGE('',*,*,#606,.F.);
#252=ORIENTED_EDGE('',*,*,#607,.T.);
#253=ORIENTED_EDGE('',*,*,#594,.F.);
#254=ORIENTED_EDGE('',*,*,#608,.T.);
#255=ORIENTED_EDGE('',*,*,#609,.T.);
#256=ORIENTED_EDGE('',*,*,#610,.F.);
#257=ORIENTED_EDGE('',*,*,#611,.F.);
#258=ORIENTED_EDGE('',*,*,#612,.F.);
#259=ORIENTED_EDGE('',*,*,#613,.T.);
#260=ORIENTED_EDGE('',*,*,#523,.F.);
#261=ORIENTED_EDGE('',*,*,#614,.F.);
#262=ORIENTED_EDGE('',*,*,#615,.F.);
#263=ORIENTED_EDGE('',*,*,#616,.F.);
#264=ORIENTED_EDGE('',*,*,#617,.F.);
#265=ORIENTED_EDGE('',*,*,#618,.T.);
#266=ORIENTED_EDGE('',*,*,#527,.F.);
#267=ORIENTED_EDGE('',*,*,#619,.F.);
#268=ORIENTED_EDGE('',*,*,#620,.F.);
#269=ORIENTED_EDGE('',*,*,#621,.F.);
#270=ORIENTED_EDGE('',*,*,#622,.F.);
#271=ORIENTED_EDGE('',*,*,#623,.T.);
#272=ORIENTED_EDGE('',*,*,#609,.F.);
#273=ORIENTED_EDGE('',*,*,#624,.F.);
#274=ORIENTED_EDGE('',*,*,#625,.F.);
#275=ORIENTED_EDGE('',*,*,#626,.F.);
#276=ORIENTED_EDGE('',*,*,#627,.F.);
#277=ORIENTED_EDGE('',*,*,#628,.T.);
#278=ORIENTED_EDGE('',*,*,#554,.F.);
#279=ORIENTED_EDGE('',*,*,#629,.F.);
#280=ORIENTED_EDGE('',*,*,#630,.F.);
#281=ORIENTED_EDGE('',*,*,#631,.F.);
#282=ORIENTED_EDGE('',*,*,#632,.F.);
#283=ORIENTED_EDGE('',*,*,#633,.T.);
#284=ORIENTED_EDGE('',*,*,#539,.F.);
#285=ORIENTED_EDGE('',*,*,#634,.F.);
#286=ORIENTED_EDGE('',*,*,#635,.F.);
#287=ORIENTED_EDGE('',*,*,#636,.F.);
#288=ORIENTED_EDGE('',*,*,#637,.F.);
#289=ORIENTED_EDGE('',*,*,#638,.T.);
#290=ORIENTED_EDGE('',*,*,#543,.F.);
#291=ORIENTED_EDGE('',*,*,#639,.F.);
#292=ORIENTED_EDGE('',*,*,#640,.F.);
#293=ORIENTED_EDGE('',*,*,#641,.F.);
#294=ORIENTED_EDGE('',*,*,#642,.F.);
#295=ORIENTED_EDGE('',*,*,#643,.T.);
#296=ORIENTED_EDGE('',*,*,#547,.F.);
#297=ORIENTED_EDGE('',*,*,#644,.F.);
#298=ORIENTED_EDGE('',*,*,#645,.F.);
#299=ORIENTED_EDGE('',*,*,#646,.F.);
#300=ORIENTED_EDGE('',*,*,#647,.F.);
#301=ORIENTED_EDGE('',*,*,#648,.T.);
#302=ORIENTED_EDGE('',*,*,#550,.F.);
#303=ORIENTED_EDGE('',*,*,#649,.F.);
#304=ORIENTED_EDGE('',*,*,#650,.F.);
#305=ORIENTED_EDGE('',*,*,#651,.F.);
#306=ORIENTED_EDGE('',*,*,#652,.F.);
#307=ORIENTED_EDGE('',*,*,#653,.T.);
#308=ORIENTED_EDGE('',*,*,#531,.F.);
#309=ORIENTED_EDGE('',*,*,#654,.F.);
#310=ORIENTED_EDGE('',*,*,#655,.F.);
#311=ORIENTED_EDGE('',*,*,#656,.F.);
#312=ORIENTED_EDGE('',*,*,#657,.F.);
#313=ORIENTED_EDGE('',*,*,#658,.T.);
#314=ORIENTED_EDGE('',*,*,#534,.F.);
#315=ORIENTED_EDGE('',*,*,#659,.F.);
#316=ORIENTED_EDGE('',*,*,#660,.F.);
#317=ORIENTED_EDGE('',*,*,#661,.F.);
#318=ORIENTED_EDGE('',*,*,#595,.T.);
#319=ORIENTED_EDGE('',*,*,#610,.T.);
#320=ORIENTED_EDGE('',*,*,#623,.F.);
#321=ORIENTED_EDGE('',*,*,#662,.F.);
#322=ORIENTED_EDGE('',*,*,#619,.T.);
#323=ORIENTED_EDGE('',*,*,#526,.F.);
#324=ORIENTED_EDGE('',*,*,#599,.F.);
#325=ORIENTED_EDGE('',*,*,#663,.F.);
#326=ORIENTED_EDGE('',*,*,#621,.T.);
#327=ORIENTED_EDGE('',*,*,#664,.F.);
#328=ORIENTED_EDGE('',*,*,#597,.F.);
#329=ORIENTED_EDGE('',*,*,#665,.F.);
#330=ORIENTED_EDGE('',*,*,#596,.T.);
#331=ORIENTED_EDGE('',*,*,#662,.T.);
#332=ORIENTED_EDGE('',*,*,#622,.T.);
#333=ORIENTED_EDGE('',*,*,#665,.T.);
#334=ORIENTED_EDGE('',*,*,#598,.T.);
#335=ORIENTED_EDGE('',*,*,#664,.T.);
#336=ORIENTED_EDGE('',*,*,#620,.T.);
#337=ORIENTED_EDGE('',*,*,#663,.T.);
#338=ORIENTED_EDGE('',*,*,#589,.T.);
#339=ORIENTED_EDGE('',*,*,#555,.T.);
#340=ORIENTED_EDGE('',*,*,#628,.F.);
#341=ORIENTED_EDGE('',*,*,#666,.F.);
#342=ORIENTED_EDGE('',*,*,#624,.T.);
#343=ORIENTED_EDGE('',*,*,#608,.F.);
#344=ORIENTED_EDGE('',*,*,#593,.F.);
#345=ORIENTED_EDGE('',*,*,#667,.F.);
#346=ORIENTED_EDGE('',*,*,#626,.T.);
#347=ORIENTED_EDGE('',*,*,#668,.F.);
#348=ORIENTED_EDGE('',*,*,#591,.F.);
#349=ORIENTED_EDGE('',*,*,#669,.F.);
#350=ORIENTED_EDGE('',*,*,#590,.T.);
#351=ORIENTED_EDGE('',*,*,#666,.T.);
#352=ORIENTED_EDGE('',*,*,#627,.T.);
#353=ORIENTED_EDGE('',*,*,#669,.T.);
#354=ORIENTED_EDGE('',*,*,#592,.T.);
#355=ORIENTED_EDGE('',*,*,#668,.T.);
#356=ORIENTED_EDGE('',*,*,#625,.T.);
#357=ORIENTED_EDGE('',*,*,#667,.T.);
#358=ORIENTED_EDGE('',*,*,#569,.T.);
#359=ORIENTED_EDGE('',*,*,#551,.T.);
#360=ORIENTED_EDGE('',*,*,#648,.F.);
#361=ORIENTED_EDGE('',*,*,#670,.F.);
#362=ORIENTED_EDGE('',*,*,#644,.T.);
#363=ORIENTED_EDGE('',*,*,#546,.F.);
#364=ORIENTED_EDGE('',*,*,#573,.F.);
#365=ORIENTED_EDGE('',*,*,#671,.F.);
#366=ORIENTED_EDGE('',*,*,#646,.T.);
#367=ORIENTED_EDGE('',*,*,#672,.F.);
#368=ORIENTED_EDGE('',*,*,#571,.F.);
#369=ORIENTED_EDGE('',*,*,#673,.F.);
#370=ORIENTED_EDGE('',*,*,#570,.T.);
#371=ORIENTED_EDGE('',*,*,#670,.T.);
#372=ORIENTED_EDGE('',*,*,#647,.T.);
#373=ORIENTED_EDGE('',*,*,#673,.T.);
#374=ORIENTED_EDGE('',*,*,#572,.T.);
#375=ORIENTED_EDGE('',*,*,#672,.T.);
#376=ORIENTED_EDGE('',*,*,#645,.T.);
#377=ORIENTED_EDGE('',*,*,#671,.T.);
#378=ORIENTED_EDGE('',*,*,#574,.T.);
#379=ORIENTED_EDGE('',*,*,#544,.T.);
#380=ORIENTED_EDGE('',*,*,#643,.F.);
#381=ORIENTED_EDGE('',*,*,#674,.F.);
#382=ORIENTED_EDGE('',*,*,#639,.T.);
#383=ORIENTED_EDGE('',*,*,#542,.F.);
#384=ORIENTED_EDGE('',*,*,#578,.F.);
#385=ORIENTED_EDGE('',*,*,#675,.F.);
#386=ORIENTED_EDGE('',*,*,#641,.T.);
#387=ORIENTED_EDGE('',*,*,#676,.F.);
#388=ORIENTED_EDGE('',*,*,#576,.F.);
#389=ORIENTED_EDGE('',*,*,#677,.F.);
#390=ORIENTED_EDGE('',*,*,#575,.T.);
#391=ORIENTED_EDGE('',*,*,#674,.T.);
#392=ORIENTED_EDGE('',*,*,#642,.T.);
#393=ORIENTED_EDGE('',*,*,#677,.T.);
#394=ORIENTED_EDGE('',*,*,#577,.T.);
#395=ORIENTED_EDGE('',*,*,#676,.T.);
#396=ORIENTED_EDGE('',*,*,#640,.T.);
#397=ORIENTED_EDGE('',*,*,#675,.T.);
#398=ORIENTED_EDGE('',*,*,#579,.T.);
#399=ORIENTED_EDGE('',*,*,#540,.T.);
#400=ORIENTED_EDGE('',*,*,#638,.F.);
#401=ORIENTED_EDGE('',*,*,#678,.F.);
#402=ORIENTED_EDGE('',*,*,#634,.T.);
#403=ORIENTED_EDGE('',*,*,#538,.F.);
#404=ORIENTED_EDGE('',*,*,#583,.F.);
#405=ORIENTED_EDGE('',*,*,#679,.F.);
#406=ORIENTED_EDGE('',*,*,#636,.T.);
#407=ORIENTED_EDGE('',*,*,#680,.F.);
#408=ORIENTED_EDGE('',*,*,#581,.F.);
#409=ORIENTED_EDGE('',*,*,#681,.F.);
#410=ORIENTED_EDGE('',*,*,#580,.T.);
#411=ORIENTED_EDGE('',*,*,#678,.T.);
#412=ORIENTED_EDGE('',*,*,#637,.T.);
#413=ORIENTED_EDGE('',*,*,#681,.T.);
#414=ORIENTED_EDGE('',*,*,#582,.T.);
#415=ORIENTED_EDGE('',*,*,#680,.T.);
#416=ORIENTED_EDGE('',*,*,#635,.T.);
#417=ORIENTED_EDGE('',*,*,#679,.T.);
#418=ORIENTED_EDGE('',*,*,#584,.T.);
#419=ORIENTED_EDGE('',*,*,#536,.T.);
#420=ORIENTED_EDGE('',*,*,#633,.F.);
#421=ORIENTED_EDGE('',*,*,#682,.F.);
#422=ORIENTED_EDGE('',*,*,#629,.T.);
#423=ORIENTED_EDGE('',*,*,#553,.F.);
#424=ORIENTED_EDGE('',*,*,#588,.F.);
#425=ORIENTED_EDGE('',*,*,#683,.F.);
#426=ORIENTED_EDGE('',*,*,#631,.T.);
#427=ORIENTED_EDGE('',*,*,#684,.F.);
#428=ORIENTED_EDGE('',*,*,#586,.F.);
#429=ORIENTED_EDGE('',*,*,#685,.F.);
#430=ORIENTED_EDGE('',*,*,#585,.T.);
#431=ORIENTED_EDGE('',*,*,#682,.T.);
#432=ORIENTED_EDGE('',*,*,#632,.T.);
#433=ORIENTED_EDGE('',*,*,#685,.T.);
#434=ORIENTED_EDGE('',*,*,#587,.T.);
#435=ORIENTED_EDGE('',*,*,#684,.T.);
#436=ORIENTED_EDGE('',*,*,#630,.T.);
#437=ORIENTED_EDGE('',*,*,#683,.T.);
#438=ORIENTED_EDGE('',*,*,#559,.T.);
#439=ORIENTED_EDGE('',*,*,#535,.T.);
#440=ORIENTED_EDGE('',*,*,#658,.F.);
#441=ORIENTED_EDGE('',*,*,#686,.F.);
#442=ORIENTED_EDGE('',*,*,#654,.T.);
#443=ORIENTED_EDGE('',*,*,#530,.F.);
#444=ORIENTED_EDGE('',*,*,#563,.F.);
#445=ORIENTED_EDGE('',*,*,#687,.F.);
#446=ORIENTED_EDGE('',*,*,#656,.T.);
#447=ORIENTED_EDGE('',*,*,#688,.F.);
#448=ORIENTED_EDGE('',*,*,#561,.F.);
#449=ORIENTED_EDGE('',*,*,#689,.F.);
#450=ORIENTED_EDGE('',*,*,#560,.T.);
#451=ORIENTED_EDGE('',*,*,#686,.T.);
#452=ORIENTED_EDGE('',*,*,#657,.T.);
#453=ORIENTED_EDGE('',*,*,#689,.T.);
#454=ORIENTED_EDGE('',*,*,#562,.T.);
#455=ORIENTED_EDGE('',*,*,#688,.T.);
#456=ORIENTED_EDGE('',*,*,#655,.T.);
#457=ORIENTED_EDGE('',*,*,#687,.T.);
#458=ORIENTED_EDGE('',*,*,#564,.T.);
#459=ORIENTED_EDGE('',*,*,#528,.T.);
#460=ORIENTED_EDGE('',*,*,#653,.F.);
#461=ORIENTED_EDGE('',*,*,#690,.F.);
#462=ORIENTED_EDGE('',*,*,#649,.T.);
#463=ORIENTED_EDGE('',*,*,#549,.F.);
#464=ORIENTED_EDGE('',*,*,#568,.F.);
#465=ORIENTED_EDGE('',*,*,#691,.F.);
#466=ORIENTED_EDGE('',*,*,#651,.T.);
#467=ORIENTED_EDGE('',*,*,#692,.F.);
#468=ORIENTED_EDGE('',*,*,#566,.F.);
#469=ORIENTED_EDGE('',*,*,#693,.F.);
#470=ORIENTED_EDGE('',*,*,#565,.T.);
#471=ORIENTED_EDGE('',*,*,#690,.T.);
#472=ORIENTED_EDGE('',*,*,#652,.T.);
#473=ORIENTED_EDGE('',*,*,#693,.T.);
#474=ORIENTED_EDGE('',*,*,#567,.T.);
#475=ORIENTED_EDGE('',*,*,#692,.T.);
#476=ORIENTED_EDGE('',*,*,#650,.T.);
#477=ORIENTED_EDGE('',*,*,#691,.T.);
#478=ORIENTED_EDGE('',*,*,#600,.T.);
#479=ORIENTED_EDGE('',*,*,#524,.T.);
#480=ORIENTED_EDGE('',*,*,#618,.F.);
#481=ORIENTED_EDGE('',*,*,#694,.F.);
#482=ORIENTED_EDGE('',*,*,#614,.T.);
#483=ORIENTED_EDGE('',*,*,#522,.F.);
#484=ORIENTED_EDGE('',*,*,#604,.F.);
#485=ORIENTED_EDGE('',*,*,#695,.F.);
#486=ORIENTED_EDGE('',*,*,#616,.T.);
#487=ORIENTED_EDGE('',*,*,#696,.F.);
#488=ORIENTED_EDGE('',*,*,#602,.F.);
#489=ORIENTED_EDGE('',*,*,#697,.F.);
#490=ORIENTED_EDGE('',*,*,#601,.T.);
#491=ORIENTED_EDGE('',*,*,#694,.T.);
#492=ORIENTED_EDGE('',*,*,#617,.T.);
#493=ORIENTED_EDGE('',*,*,#697,.T.);
#494=ORIENTED_EDGE('',*,*,#603,.T.);
#495=ORIENTED_EDGE('',*,*,#696,.T.);
#496=ORIENTED_EDGE('',*,*,#615,.T.);
#497=ORIENTED_EDGE('',*,*,#695,.T.);
#498=ORIENTED_EDGE('',*,*,#605,.T.);
#499=ORIENTED_EDGE('',*,*,#520,.T.);
#500=ORIENTED_EDGE('',*,*,#613,.F.);
#501=ORIENTED_EDGE('',*,*,#698,.F.);
#502=ORIENTED_EDGE('',*,*,#659,.T.);
#503=ORIENTED_EDGE('',*,*,#533,.F.);
#504=ORIENTED_EDGE('',*,*,#558,.F.);
#505=ORIENTED_EDGE('',*,*,#699,.F.);
#506=ORIENTED_EDGE('',*,*,#661,.T.);
#507=ORIENTED_EDGE('',*,*,#700,.F.);
#508=ORIENTED_EDGE('',*,*,#607,.F.);
#509=ORIENTED_EDGE('',*,*,#701,.F.);
#510=ORIENTED_EDGE('',*,*,#606,.T.);
#511=ORIENTED_EDGE('',*,*,#698,.T.);
#512=ORIENTED_EDGE('',*,*,#612,.T.);
#513=ORIENTED_EDGE('',*,*,#701,.T.);
#514=ORIENTED_EDGE('',*,*,#557,.T.);
#515=ORIENTED_EDGE('',*,*,#700,.T.);
#516=ORIENTED_EDGE('',*,*,#660,.T.);
#517=ORIENTED_EDGE('',*,*,#699,.T.);
#518=ORIENTED_EDGE('',*,*,#611,.T.);
#519=ORIENTED_EDGE('',*,*,#556,.T.);
#520=EDGE_CURVE('',#702,#703,#824,.T.);
#521=EDGE_CURVE('',#704,#702,#74,.T.);
#522=EDGE_CURVE('',#704,#705,#825,.T.);
#523=EDGE_CURVE('',#705,#703,#75,.T.);
#524=EDGE_CURVE('',#706,#707,#826,.T.);
#525=EDGE_CURVE('',#708,#706,#76,.T.);
#526=EDGE_CURVE('',#708,#709,#827,.T.);
#527=EDGE_CURVE('',#709,#707,#77,.T.);
#528=EDGE_CURVE('',#710,#711,#828,.T.);
#529=EDGE_CURVE('',#712,#710,#78,.T.);
#530=EDGE_CURVE('',#712,#713,#829,.T.);
#531=EDGE_CURVE('',#713,#711,#79,.T.);
#532=EDGE_CURVE('',#714,#715,#80,.T.);
#533=EDGE_CURVE('',#714,#716,#830,.T.);
#534=EDGE_CURVE('',#716,#717,#81,.T.);
#535=EDGE_CURVE('',#715,#717,#831,.T.);
#536=EDGE_CURVE('',#718,#719,#832,.T.);
#537=EDGE_CURVE('',#720,#718,#82,.T.);
#538=EDGE_CURVE('',#720,#721,#833,.T.);
#539=EDGE_CURVE('',#721,#719,#83,.T.);
#540=EDGE_CURVE('',#722,#723,#834,.T.);
#541=EDGE_CURVE('',#724,#722,#84,.T.);
#542=EDGE_CURVE('',#724,#725,#835,.T.);
#543=EDGE_CURVE('',#725,#723,#85,.T.);
#544=EDGE_CURVE('',#726,#727,#836,.T.);
#545=EDGE_CURVE('',#728,#726,#86,.T.);
#546=EDGE_CURVE('',#728,#729,#837,.T.);
#547=EDGE_CURVE('',#729,#727,#87,.T.);
#548=EDGE_CURVE('',#730,#731,#88,.T.);
#549=EDGE_CURVE('',#730,#732,#838,.T.);
#550=EDGE_CURVE('',#732,#733,#89,.T.);
#551=EDGE_CURVE('',#731,#733,#839,.T.);
#552=EDGE_CURVE('',#734,#735,#90,.T.);
#553=EDGE_CURVE('',#734,#736,#840,.T.);
#554=EDGE_CURVE('',#736,#737,#91,.T.);
#555=EDGE_CURVE('',#735,#737,#841,.T.);
#556=EDGE_CURVE('',#738,#738,#92,.T.);
#557=EDGE_CURVE('',#739,#740,#93,.T.);
#558=EDGE_CURVE('',#739,#714,#32,.T.);
#559=EDGE_CURVE('',#741,#715,#33,.T.);
#560=EDGE_CURVE('',#742,#741,#94,.T.);
#561=EDGE_CURVE('',#742,#743,#95,.T.);
#562=EDGE_CURVE('',#744,#743,#96,.T.);
#563=EDGE_CURVE('',#744,#712,#34,.T.);
#564=EDGE_CURVE('',#745,#710,#35,.T.);
#565=EDGE_CURVE('',#746,#745,#97,.T.);
#566=EDGE_CURVE('',#746,#747,#98,.T.);
#567=EDGE_CURVE('',#748,#747,#99,.T.);
#568=EDGE_CURVE('',#748,#730,#36,.T.);
#569=EDGE_CURVE('',#749,#731,#37,.T.);
#570=EDGE_CURVE('',#750,#749,#100,.T.);
#571=EDGE_CURVE('',#750,#751,#101,.T.);
#572=EDGE_CURVE('',#752,#751,#102,.T.);
#573=EDGE_CURVE('',#752,#728,#38,.T.);
#574=EDGE_CURVE('',#753,#726,#39,.T.);
#575=EDGE_CURVE('',#754,#753,#103,.T.);
#576=EDGE_CURVE('',#754,#755,#104,.T.);
#577=EDGE_CURVE('',#756,#755,#105,.T.);
#578=EDGE_CURVE('',#756,#724,#40,.T.);
#579=EDGE_CURVE('',#757,#722,#41,.T.);
#580=EDGE_CURVE('',#758,#757,#106,.T.);
#581=EDGE_CURVE('',#758,#759,#107,.T.);
#582=EDGE_CURVE('',#760,#759,#108,.T.);
#583=EDGE_CURVE('',#760,#720,#42,.T.);
#584=EDGE_CURVE('',#761,#718,#43,.T.);
#585=EDGE_CURVE('',#762,#761,#109,.T.);
#586=EDGE_CURVE('',#762,#763,#110,.T.);
#587=EDGE_CURVE('',#764,#763,#111,.T.);
#588=EDGE_CURVE('',#764,#734,#44,.T.);
#589=EDGE_CURVE('',#765,#735,#45,.T.);
#590=EDGE_CURVE('',#766,#765,#112,.T.);
#591=EDGE_CURVE('',#766,#767,#113,.T.);
#592=EDGE_CURVE('',#768,#767,#114,.T.);
#593=EDGE_CURVE('',#768,#769,#46,.T.);
#594=EDGE_CURVE('',#769,#770,#115,.T.);
#595=EDGE_CURVE('',#771,#770,#47,.T.);
#596=EDGE_CURVE('',#772,#771,#116,.T.);
#597=EDGE_CURVE('',#772,#773,#117,.T.);
#598=EDGE_CURVE('',#774,#773,#118,.T.);
#599=EDGE_CURVE('',#774,#708,#48,.T.);
#600=EDGE_CURVE('',#775,#706,#49,.T.);
#601=EDGE_CURVE('',#776,#775,#119,.T.);
#602=EDGE_CURVE('',#776,#777,#120,.T.);
#603=EDGE_CURVE('',#778,#777,#121,.T.);
#604=EDGE_CURVE('',#778,#704,#50,.T.);
#605=EDGE_CURVE('',#779,#702,#51,.T.);
#606=EDGE_CURVE('',#780,#779,#122,.T.);
#607=EDGE_CURVE('',#780,#740,#123,.T.);
#608=EDGE_CURVE('',#769,#781,#842,.T.);
#609=EDGE_CURVE('',#781,#782,#124,.T.);
#610=EDGE_CURVE('',#770,#782,#843,.T.);
#611=EDGE_CURVE('',#783,#783,#125,.F.);
#612=EDGE_CURVE('',#784,#785,#126,.F.);
#613=EDGE_CURVE('',#784,#703,#52,.T.);
#614=EDGE_CURVE('',#786,#705,#53,.T.);
#615=EDGE_CURVE('',#787,#786,#127,.F.);
#616=EDGE_CURVE('',#788,#787,#128,.T.);
#617=EDGE_CURVE('',#789,#788,#129,.F.);
#618=EDGE_CURVE('',#789,#707,#54,.T.);
#619=EDGE_CURVE('',#790,#709,#55,.T.);
#620=EDGE_CURVE('',#791,#790,#130,.F.);
#621=EDGE_CURVE('',#792,#791,#131,.T.);
#622=EDGE_CURVE('',#793,#792,#132,.F.);
#623=EDGE_CURVE('',#793,#782,#56,.T.);
#624=EDGE_CURVE('',#794,#781,#57,.T.);
#625=EDGE_CURVE('',#795,#794,#133,.F.);
#626=EDGE_CURVE('',#796,#795,#134,.T.);
#627=EDGE_CURVE('',#797,#796,#135,.F.);
#628=EDGE_CURVE('',#797,#737,#58,.T.);
#629=EDGE_CURVE('',#798,#736,#59,.T.);
#630=EDGE_CURVE('',#799,#798,#136,.F.);
#631=EDGE_CURVE('',#800,#799,#137,.T.);
#632=EDGE_CURVE('',#801,#800,#138,.F.);
#633=EDGE_CURVE('',#801,#719,#60,.T.);
#634=EDGE_CURVE('',#802,#721,#61,.T.);
#635=EDGE_CURVE('',#803,#802,#139,.F.);
#636=EDGE_CURVE('',#804,#803,#140,.T.);
#637=EDGE_CURVE('',#805,#804,#141,.F.);
#638=EDGE_CURVE('',#805,#723,#62,.T.);
#639=EDGE_CURVE('',#806,#725,#63,.T.);
#640=EDGE_CURVE('',#807,#806,#142,.F.);
#641=EDGE_CURVE('',#808,#807,#143,.T.);
#642=EDGE_CURVE('',#809,#808,#144,.F.);
#643=EDGE_CURVE('',#809,#727,#64,.T.);
#644=EDGE_CURVE('',#810,#729,#65,.T.);
#645=EDGE_CURVE('',#811,#810,#145,.F.);
#646=EDGE_CURVE('',#812,#811,#146,.T.);
#647=EDGE_CURVE('',#813,#812,#147,.F.);
#648=EDGE_CURVE('',#813,#733,#66,.T.);
#649=EDGE_CURVE('',#814,#732,#67,.T.);
#650=EDGE_CURVE('',#815,#814,#148,.F.);
#651=EDGE_CURVE('',#816,#815,#149,.T.);
#652=EDGE_CURVE('',#817,#816,#150,.F.);
#653=EDGE_CURVE('',#817,#711,#68,.T.);
#654=EDGE_CURVE('',#818,#713,#69,.T.);
#655=EDGE_CURVE('',#819,#818,#151,.F.);
#656=EDGE_CURVE('',#820,#819,#152,.T.);
#657=EDGE_CURVE('',#821,#820,#153,.F.);
#658=EDGE_CURVE('',#821,#717,#70,.T.);
#659=EDGE_CURVE('',#822,#716,#71,.T.);
#660=EDGE_CURVE('',#823,#822,#154,.F.);
#661=EDGE_CURVE('',#785,#823,#155,.T.);
#662=EDGE_CURVE('',#771,#793,#844,.T.);
#663=EDGE_CURVE('',#790,#774,#845,.F.);
#664=EDGE_CURVE('',#773,#791,#846,.T.);
#665=EDGE_CURVE('',#792,#772,#847,.F.);
#666=EDGE_CURVE('',#765,#797,#848,.T.);
#667=EDGE_CURVE('',#794,#768,#849,.F.);
#668=EDGE_CURVE('',#767,#795,#850,.T.);
#669=EDGE_CURVE('',#796,#766,#851,.F.);
#670=EDGE_CURVE('',#749,#813,#852,.T.);
#671=EDGE_CURVE('',#810,#752,#853,.F.);
#672=EDGE_CURVE('',#751,#811,#854,.T.);
#673=EDGE_CURVE('',#812,#750,#855,.F.);
#674=EDGE_CURVE('',#753,#809,#856,.T.);
#675=EDGE_CURVE('',#806,#756,#857,.F.);
#676=EDGE_CURVE('',#755,#807,#858,.T.);
#677=EDGE_CURVE('',#808,#754,#859,.F.);
#678=EDGE_CURVE('',#757,#805,#860,.T.);
#679=EDGE_CURVE('',#802,#760,#861,.F.);
#680=EDGE_CURVE('',#759,#803,#862,.T.);
#681=EDGE_CURVE('',#804,#758,#863,.F.);
#682=EDGE_CURVE('',#761,#801,#864,.T.);
#683=EDGE_CURVE('',#798,#764,#865,.F.);
#684=EDGE_CURVE('',#763,#799,#866,.T.);
#685=EDGE_CURVE('',#800,#762,#867,.F.);
#686=EDGE_CURVE('',#741,#821,#868,.T.);
#687=EDGE_CURVE('',#818,#744,#869,.F.);
#688=EDGE_CURVE('',#743,#819,#870,.T.);
#689=EDGE_CURVE('',#820,#742,#871,.F.);
#690=EDGE_CURVE('',#745,#817,#872,.T.);
#691=EDGE_CURVE('',#814,#748,#873,.F.);
#692=EDGE_CURVE('',#747,#815,#874,.T.);
#693=EDGE_CURVE('',#816,#746,#875,.F.);
#694=EDGE_CURVE('',#775,#789,#876,.T.);
#695=EDGE_CURVE('',#786,#778,#877,.F.);
#696=EDGE_CURVE('',#777,#787,#878,.T.);
#697=EDGE_CURVE('',#788,#776,#879,.F.);
#698=EDGE_CURVE('',#779,#784,#880,.T.);
#699=EDGE_CURVE('',#822,#739,#881,.F.);
#700=EDGE_CURVE('',#740,#823,#882,.T.);
#701=EDGE_CURVE('',#785,#780,#883,.F.);
#702=VERTEX_POINT('',#1633);
#703=VERTEX_POINT('',#1634);
#704=VERTEX_POINT('',#1636);
#705=VERTEX_POINT('',#1638);
#706=VERTEX_POINT('',#1642);
#707=VERTEX_POINT('',#1643);
#708=VERTEX_POINT('',#1645);
#709=VERTEX_POINT('',#1647);
#710=VERTEX_POINT('',#1651);
#711=VERTEX_POINT('',#1652);
#712=VERTEX_POINT('',#1654);
#713=VERTEX_POINT('',#1656);
#714=VERTEX_POINT('',#1660);
#715=VERTEX_POINT('',#1661);
#716=VERTEX_POINT('',#1663);
#717=VERTEX_POINT('',#1665);
#718=VERTEX_POINT('',#1669);
#719=VERTEX_POINT('',#1670);
#720=VERTEX_POINT('',#1672);
#721=VERTEX_POINT('',#1674);
#722=VERTEX_POINT('',#1678);
#723=VERTEX_POINT('',#1679);
#724=VERTEX_POINT('',#1681);
#725=VERTEX_POINT('',#1683);
#726=VERTEX_POINT('',#1687);
#727=VERTEX_POINT('',#1688);
#728=VERTEX_POINT('',#1690);
#729=VERTEX_POINT('',#1692);
#730=VERTEX_POINT('',#1696);
#731=VERTEX_POINT('',#1697);
#732=VERTEX_POINT('',#1699);
#733=VERTEX_POINT('',#1701);
#734=VERTEX_POINT('',#1705);
#735=VERTEX_POINT('',#1706);
#736=VERTEX_POINT('',#1708);
#737=VERTEX_POINT('',#1710);
#738=VERTEX_POINT('',#1714);
#739=VERTEX_POINT('',#1716);
#740=VERTEX_POINT('',#1717);
#741=VERTEX_POINT('',#1804);
#742=VERTEX_POINT('',#1806);
#743=VERTEX_POINT('',#1808);
#744=VERTEX_POINT('',#1810);
#745=VERTEX_POINT('',#1897);
#746=VERTEX_POINT('',#1899);
#747=VERTEX_POINT('',#1901);
#748=VERTEX_POINT('',#1903);
#749=VERTEX_POINT('',#1990);
#750=VERTEX_POINT('',#1992);
#751=VERTEX_POINT('',#1994);
#752=VERTEX_POINT('',#1996);
#753=VERTEX_POINT('',#2083);
#754=VERTEX_POINT('',#2085);
#755=VERTEX_POINT('',#2087);
#756=VERTEX_POINT('',#2089);
#757=VERTEX_POINT('',#2176);
#758=VERTEX_POINT('',#2178);
#759=VERTEX_POINT('',#2180);
#760=VERTEX_POINT('',#2182);
#761=VERTEX_POINT('',#2269);
#762=VERTEX_POINT('',#2271);
#763=VERTEX_POINT('',#2273);
#764=VERTEX_POINT('',#2275);
#765=VERTEX_POINT('',#2362);
#766=VERTEX_POINT('',#2364);
#767=VERTEX_POINT('',#2366);
#768=VERTEX_POINT('',#2368);
#769=VERTEX_POINT('',#2412);
#770=VERTEX_POINT('',#2414);
#771=VERTEX_POINT('',#2458);
#772=VERTEX_POINT('',#2460);
#773=VERTEX_POINT('',#2462);
#774=VERTEX_POINT('',#2464);
#775=VERTEX_POINT('',#2551);
#776=VERTEX_POINT('',#2553);
#777=VERTEX_POINT('',#2555);
#778=VERTEX_POINT('',#2557);
#779=VERTEX_POINT('',#2644);
#780=VERTEX_POINT('',#2646);
#781=VERTEX_POINT('',#2650);
#782=VERTEX_POINT('',#2652);
#783=VERTEX_POINT('',#2656);
#784=VERTEX_POINT('',#2658);
#785=VERTEX_POINT('',#2659);
#786=VERTEX_POINT('',#2746);
#787=VERTEX_POINT('',#2748);
#788=VERTEX_POINT('',#2750);
#789=VERTEX_POINT('',#2752);
#790=VERTEX_POINT('',#2839);
#791=VERTEX_POINT('',#2841);
#792=VERTEX_POINT('',#2843);
#793=VERTEX_POINT('',#2845);
#794=VERTEX_POINT('',#2932);
#795=VERTEX_POINT('',#2934);
#796=VERTEX_POINT('',#2936);
#797=VERTEX_POINT('',#2938);
#798=VERTEX_POINT('',#3025);
#799=VERTEX_POINT('',#3027);
#800=VERTEX_POINT('',#3029);
#801=VERTEX_POINT('',#3031);
#802=VERTEX_POINT('',#3118);
#803=VERTEX_POINT('',#3120);
#804=VERTEX_POINT('',#3122);
#805=VERTEX_POINT('',#3124);
#806=VERTEX_POINT('',#3211);
#807=VERTEX_POINT('',#3213);
#808=VERTEX_POINT('',#3215);
#809=VERTEX_POINT('',#3217);
#810=VERTEX_POINT('',#3304);
#811=VERTEX_POINT('',#3306);
#812=VERTEX_POINT('',#3308);
#813=VERTEX_POINT('',#3310);
#814=VERTEX_POINT('',#3397);
#815=VERTEX_POINT('',#3399);
#816=VERTEX_POINT('',#3401);
#817=VERTEX_POINT('',#3403);
#818=VERTEX_POINT('',#3490);
#819=VERTEX_POINT('',#3492);
#820=VERTEX_POINT('',#3494);
#821=VERTEX_POINT('',#3496);
#822=VERTEX_POINT('',#3583);
#823=VERTEX_POINT('',#3585);
#824=LINE('',#1632,#884);
#825=LINE('',#1637,#885);
#826=LINE('',#1641,#886);
#827=LINE('',#1646,#887);
#828=LINE('',#1650,#888);
#829=LINE('',#1655,#889);
#830=LINE('',#1662,#890);
#831=LINE('',#1666,#891);
#832=LINE('',#1668,#892);
#833=LINE('',#1673,#893);
#834=LINE('',#1677,#894);
#835=LINE('',#1682,#895);
#836=LINE('',#1686,#896);
#837=LINE('',#1691,#897);
#838=LINE('',#1698,#898);
#839=LINE('',#1702,#899);
#840=LINE('',#1707,#900);
#841=LINE('',#1711,#901);
#842=LINE('',#2649,#902);
#843=LINE('',#2653,#903);
#844=LINE('',#3615,#904);
#845=LINE('',#3644,#905);
#846=LINE('',#3646,#906);
#847=LINE('',#3647,#907);
#848=LINE('',#3678,#908);
#849=LINE('',#3707,#909);
#850=LINE('',#3709,#910);
#851=LINE('',#3710,#911);
#852=LINE('',#3741,#912);
#853=LINE('',#3770,#913);
#854=LINE('',#3772,#914);
#855=LINE('',#3773,#915);
#856=LINE('',#3804,#916);
#857=LINE('',#3833,#917);
#858=LINE('',#3835,#918);
#859=LINE('',#3836,#919);
#860=LINE('',#3867,#920);
#861=LINE('',#3896,#921);
#862=LINE('',#3898,#922);
#863=LINE('',#3899,#923);
#864=LINE('',#3930,#924);
#865=LINE('',#3959,#925);
#866=LINE('',#3961,#926);
#867=LINE('',#3962,#927);
#868=LINE('',#3993,#928);
#869=LINE('',#4022,#929);
#870=LINE('',#4024,#930);
#871=LINE('',#4025,#931);
#872=LINE('',#4056,#932);
#873=LINE('',#4085,#933);
#874=LINE('',#4087,#934);
#875=LINE('',#4088,#935);
#876=LINE('',#4119,#936);
#877=LINE('',#4148,#937);
#878=LINE('',#4150,#938);
#879=LINE('',#4151,#939);
#880=LINE('',#4182,#940);
#881=LINE('',#4211,#941);
#882=LINE('',#4213,#942);
#883=LINE('',#4214,#943);
#884=VECTOR('',#1322,1.);
#885=VECTOR('',#1325,1.);
#886=VECTOR('',#1330,1.);
#887=VECTOR('',#1333,1.);
#888=VECTOR('',#1338,1.);
#889=VECTOR('',#1341,1.);
#890=VECTOR('',#1348,1.);
#891=VECTOR('',#1351,1.);
#892=VECTOR('',#1354,1.);
#893=VECTOR('',#1357,1.);
#894=VECTOR('',#1362,1.);
#895=VECTOR('',#1365,1.);
#896=VECTOR('',#1370,1.);
#897=VECTOR('',#1373,1.);
#898=VECTOR('',#1380,1.);
#899=VECTOR('',#1383,1.);
#900=VECTOR('',#1388,1.);
#901=VECTOR('',#1391,1.);
#902=VECTOR('',#1460,1.);
#903=VECTOR('',#1463,1.);
#904=VECTOR('',#1528,1.);
#905=VECTOR('',#1529,1.);
#906=VECTOR('',#1532,1.);
#907=VECTOR('',#1533,1.);
#908=VECTOR('',#1538,1.);
#909=VECTOR('',#1539,1.);
#910=VECTOR('',#1542,1.);
#911=VECTOR('',#1543,1.);
#912=VECTOR('',#1548,1.);
#913=VECTOR('',#1549,1.);
#914=VECTOR('',#1552,1.);
#915=VECTOR('',#1553,1.);
#916=VECTOR('',#1558,1.);
#917=VECTOR('',#1559,1.);
#918=VECTOR('',#1562,1.);
#919=VECTOR('',#1563,1.);
#920=VECTOR('',#1568,1.);
#921=VECTOR('',#1569,1.);
#922=VECTOR('',#1572,1.);
#923=VECTOR('',#1573,1.);
#924=VECTOR('',#1578,1.);
#925=VECTOR('',#1579,1.);
#926=VECTOR('',#1582,1.);
#927=VECTOR('',#1583,1.);
#928=VECTOR('',#1588,1.);
#929=VECTOR('',#1589,1.);
#930=VECTOR('',#1592,1.);
#931=VECTOR('',#1593,1.);
#932=VECTOR('',#1598,1.);
#933=VECTOR('',#1599,1.);
#934=VECTOR('',#1602,1.);
#935=VECTOR('',#1603,1.);
#936=VECTOR('',#1608,1.);
#937=VECTOR('',#1609,1.);
#938=VECTOR('',#1612,1.);
#939=VECTOR('',#1613,1.);
#940=VECTOR('',#1618,1.);
#941=VECTOR('',#1619,1.);
#942=VECTOR('',#1622,1.);
#943=VECTOR('',#1623,1.);
#944=EDGE_LOOP('',(#156,#157,#158,#159));
#945=EDGE_LOOP('',(#160,#161,#162,#163));
#946=EDGE_LOOP('',(#164,#165,#166,#167));
#947=EDGE_LOOP('',(#168,#169,#170,#171));
#948=EDGE_LOOP('',(#172,#173,#174,#175));
#949=EDGE_LOOP('',(#176,#177,#178,#179));
#950=EDGE_LOOP('',(#180,#181,#182,#183));
#951=EDGE_LOOP('',(#184,#185,#186,#187));
#952=EDGE_LOOP('',(#188,#189,#190,#191));
#953=EDGE_LOOP('',(#192));
#954=EDGE_LOOP('',(#193,#194,#195,#196,#197,#198,#199,#200,#201,#202,#203,
#204,#205,#206,#207,#208,#209,#210,#211,#212,#213,#214,#215,#216,#217,#218,
#219,#220,#221,#222,#223,#224,#225,#226,#227,#228,#229,#230,#231,#232,#233,
#234,#235,#236,#237,#238,#239,#240,#241,#242,#243,#244,#245,#246,#247,#248,
#249,#250,#251,#252));
#955=EDGE_LOOP('',(#253,#254,#255,#256));
#956=EDGE_LOOP('',(#257));
#957=EDGE_LOOP('',(#258,#259,#260,#261,#262,#263,#264,#265,#266,#267,#268,
#269,#270,#271,#272,#273,#274,#275,#276,#277,#278,#279,#280,#281,#282,#283,
#284,#285,#286,#287,#288,#289,#290,#291,#292,#293,#294,#295,#296,#297,#298,
#299,#300,#301,#302,#303,#304,#305,#306,#307,#308,#309,#310,#311,#312,#313,
#314,#315,#316,#317));
#958=EDGE_LOOP('',(#318,#319,#320,#321));
#959=EDGE_LOOP('',(#322,#323,#324,#325));
#960=EDGE_LOOP('',(#326,#327,#328,#329));
#961=EDGE_LOOP('',(#330,#331,#332,#333));
#962=EDGE_LOOP('',(#334,#335,#336,#337));
#963=EDGE_LOOP('',(#338,#339,#340,#341));
#964=EDGE_LOOP('',(#342,#343,#344,#345));
#965=EDGE_LOOP('',(#346,#347,#348,#349));
#966=EDGE_LOOP('',(#350,#351,#352,#353));
#967=EDGE_LOOP('',(#354,#355,#356,#357));
#968=EDGE_LOOP('',(#358,#359,#360,#361));
#969=EDGE_LOOP('',(#362,#363,#364,#365));
#970=EDGE_LOOP('',(#366,#367,#368,#369));
#971=EDGE_LOOP('',(#370,#371,#372,#373));
#972=EDGE_LOOP('',(#374,#375,#376,#377));
#973=EDGE_LOOP('',(#378,#379,#380,#381));
#974=EDGE_LOOP('',(#382,#383,#384,#385));
#975=EDGE_LOOP('',(#386,#387,#388,#389));
#976=EDGE_LOOP('',(#390,#391,#392,#393));
#977=EDGE_LOOP('',(#394,#395,#396,#397));
#978=EDGE_LOOP('',(#398,#399,#400,#401));
#979=EDGE_LOOP('',(#402,#403,#404,#405));
#980=EDGE_LOOP('',(#406,#407,#408,#409));
#981=EDGE_LOOP('',(#410,#411,#412,#413));
#982=EDGE_LOOP('',(#414,#415,#416,#417));
#983=EDGE_LOOP('',(#418,#419,#420,#421));
#984=EDGE_LOOP('',(#422,#423,#424,#425));
#985=EDGE_LOOP('',(#426,#427,#428,#429));
#986=EDGE_LOOP('',(#430,#431,#432,#433));
#987=EDGE_LOOP('',(#434,#435,#436,#437));
#988=EDGE_LOOP('',(#438,#439,#440,#441));
#989=EDGE_LOOP('',(#442,#443,#444,#445));
#990=EDGE_LOOP('',(#446,#447,#448,#449));
#991=EDGE_LOOP('',(#450,#451,#452,#453));
#992=EDGE_LOOP('',(#454,#455,#456,#457));
#993=EDGE_LOOP('',(#458,#459,#460,#461));
#994=EDGE_LOOP('',(#462,#463,#464,#465));
#995=EDGE_LOOP('',(#466,#467,#468,#469));
#996=EDGE_LOOP('',(#470,#471,#472,#473));
#997=EDGE_LOOP('',(#474,#475,#476,#477));
#998=EDGE_LOOP('',(#478,#479,#480,#481));
#999=EDGE_LOOP('',(#482,#483,#484,#485));
#1000=EDGE_LOOP('',(#486,#487,#488,#489));
#1001=EDGE_LOOP('',(#490,#491,#492,#493));
#1002=EDGE_LOOP('',(#494,#495,#496,#497));
#1003=EDGE_LOOP('',(#498,#499,#500,#501));
#1004=EDGE_LOOP('',(#502,#503,#504,#505));
#1005=EDGE_LOOP('',(#506,#507,#508,#509));
#1006=EDGE_LOOP('',(#510,#511,#512,#513));
#1007=EDGE_LOOP('',(#514,#515,#516,#517));
#1008=EDGE_LOOP('',(#518));
#1009=EDGE_LOOP('',(#519));
#1010=FACE_BOUND('',#944,.T.);
#1011=FACE_BOUND('',#945,.T.);
#1012=FACE_BOUND('',#946,.T.);
#1013=FACE_BOUND('',#947,.T.);
#1014=FACE_BOUND('',#948,.T.);
#1015=FACE_BOUND('',#949,.T.);
#1016=FACE_BOUND('',#950,.T.);
#1017=FACE_BOUND('',#951,.T.);
#1018=FACE_BOUND('',#952,.T.);
#1019=FACE_BOUND('',#953,.T.);
#1020=FACE_BOUND('',#954,.T.);
#1021=FACE_BOUND('',#955,.T.);
#1022=FACE_BOUND('',#956,.T.);
#1023=FACE_BOUND('',#957,.T.);
#1024=FACE_BOUND('',#958,.T.);
#1025=FACE_BOUND('',#959,.T.);
#1026=FACE_BOUND('',#960,.T.);
#1027=FACE_BOUND('',#961,.T.);
#1028=FACE_BOUND('',#962,.T.);
#1029=FACE_BOUND('',#963,.T.);
#1030=FACE_BOUND('',#964,.T.);
#1031=FACE_BOUND('',#965,.T.);
#1032=FACE_BOUND('',#966,.T.);
#1033=FACE_BOUND('',#967,.T.);
#1034=FACE_BOUND('',#968,.T.);
#1035=FACE_BOUND('',#969,.T.);
#1036=FACE_BOUND('',#970,.T.);
#1037=FACE_BOUND('',#971,.T.);
#1038=FACE_BOUND('',#972,.T.);
#1039=FACE_BOUND('',#973,.T.);
#1040=FACE_BOUND('',#974,.T.);
#1041=FACE_BOUND('',#975,.T.);
#1042=FACE_BOUND('',#976,.T.);
#1043=FACE_BOUND('',#977,.T.);
#1044=FACE_BOUND('',#978,.T.);
#1045=FACE_BOUND('',#979,.T.);
#1046=FACE_BOUND('',#980,.T.);
#1047=FACE_BOUND('',#981,.T.);
#1048=FACE_BOUND('',#982,.T.);
#1049=FACE_BOUND('',#983,.T.);
#1050=FACE_BOUND('',#984,.T.);
#1051=FACE_BOUND('',#985,.T.);
#1052=FACE_BOUND('',#986,.T.);
#1053=FACE_BOUND('',#987,.T.);
#1054=FACE_BOUND('',#988,.T.);
#1055=FACE_BOUND('',#989,.T.);
#1056=FACE_BOUND('',#990,.T.);
#1057=FACE_BOUND('',#991,.T.);
#1058=FACE_BOUND('',#992,.T.);
#1059=FACE_BOUND('',#993,.T.);
#1060=FACE_BOUND('',#994,.T.);
#1061=FACE_BOUND('',#995,.T.);
#1062=FACE_BOUND('',#996,.T.);
#1063=FACE_BOUND('',#997,.T.);
#1064=FACE_BOUND('',#998,.T.);
#1065=FACE_BOUND('',#999,.T.);
#1066=FACE_BOUND('',#1000,.T.);
#1067=FACE_BOUND('',#1001,.T.);
#1068=FACE_BOUND('',#1002,.T.);
#1069=FACE_BOUND('',#1003,.T.);
#1070=FACE_BOUND('',#1004,.T.);
#1071=FACE_BOUND('',#1005,.T.);
#1072=FACE_BOUND('',#1006,.T.);
#1073=FACE_BOUND('',#1007,.T.);
#1074=FACE_BOUND('',#1008,.T.);
#1075=FACE_BOUND('',#1009,.T.);
#1076=CYLINDRICAL_SURFACE('',#1193,0.0126);
#1077=CYLINDRICAL_SURFACE('',#1196,0.0126);
#1078=CYLINDRICAL_SURFACE('',#1199,0.0126);
#1079=CYLINDRICAL_SURFACE('',#1202,0.0126);
#1080=CYLINDRICAL_SURFACE('',#1205,0.0126);
#1081=CYLINDRICAL_SURFACE('',#1208,0.0126);
#1082=CYLINDRICAL_SURFACE('',#1211,0.0126);
#1083=CYLINDRICAL_SURFACE('',#1214,0.0126);
#1084=CYLINDRICAL_SURFACE('',#1217,0.0126);
#1085=CYLINDRICAL_SURFACE('',#1253,0.0126);
#1086=CYLINDRICAL_SURFACE('',#1287,0.00787499999999983);
#1087=CYLINDRICAL_SURFACE('',#1288,0.000866373692527404);
#1088=CYLINDRICAL_SURFACE('',#1289,0.000866373692527404);
#1089=CYLINDRICAL_SURFACE('',#1290,0.00787499999999983);
#1090=CYLINDRICAL_SURFACE('',#1291,0.000866373692527404);
#1091=CYLINDRICAL_SURFACE('',#1292,0.000866373692527404);
#1092=CYLINDRICAL_SURFACE('',#1293,0.00787499999999983);
#1093=CYLINDRICAL_SURFACE('',#1294,0.000866373692527404);
#1094=CYLINDRICAL_SURFACE('',#1295,0.000866373692527404);
#1095=CYLINDRICAL_SURFACE('',#1296,0.00787499999999983);
#1096=CYLINDRICAL_SURFACE('',#1297,0.000866373692527404);
#1097=CYLINDRICAL_SURFACE('',#1298,0.000866373692527404);
#1098=CYLINDRICAL_SURFACE('',#1299,0.00787499999999983);
#1099=CYLINDRICAL_SURFACE('',#1300,0.000866373692527404);
#1100=CYLINDRICAL_SURFACE('',#1301,0.000866373692527404);
#1101=CYLINDRICAL_SURFACE('',#1302,0.00787499999999983);
#1102=CYLINDRICAL_SURFACE('',#1303,0.000866373692527404);
#1103=CYLINDRICAL_SURFACE('',#1304,0.000866373692527404);
#1104=CYLINDRICAL_SURFACE('',#1305,0.00787499999999983);
#1105=CYLINDRICAL_SURFACE('',#1306,0.000866373692527404);
#1106=CYLINDRICAL_SURFACE('',#1307,0.000866373692527404);
#1107=CYLINDRICAL_SURFACE('',#1308,0.00787499999999983);
#1108=CYLINDRICAL_SURFACE('',#1309,0.000866373692527404);
#1109=CYLINDRICAL_SURFACE('',#1310,0.000866373692527404);
#1110=CYLINDRICAL_SURFACE('',#1311,0.00787499999999983);
#1111=CYLINDRICAL_SURFACE('',#1312,0.000866373692527404);
#1112=CYLINDRICAL_SURFACE('',#1313,0.000866373692527404);
#1113=CYLINDRICAL_SURFACE('',#1314,0.00787499999999983);
#1114=CYLINDRICAL_SURFACE('',#1315,0.000866373692527404);
#1115=CYLINDRICAL_SURFACE('',#1316,0.000866373692527404);
#1116=CYLINDRICAL_SURFACE('',#1317,0.0025);
#1117=ADVANCED_FACE('',(#1010),#1076,.T.);
#1118=ADVANCED_FACE('',(#1011),#1077,.T.);
#1119=ADVANCED_FACE('',(#1012),#1078,.T.);
#1120=ADVANCED_FACE('',(#1013),#1079,.T.);
#1121=ADVANCED_FACE('',(#1014),#1080,.T.);
#1122=ADVANCED_FACE('',(#1015),#1081,.T.);
#1123=ADVANCED_FACE('',(#1016),#1082,.T.);
#1124=ADVANCED_FACE('',(#1017),#1083,.T.);
#1125=ADVANCED_FACE('',(#1018),#1084,.T.);
#1126=ADVANCED_FACE('',(#1019,#1020),#72,.T.);
#1127=ADVANCED_FACE('',(#1021),#1085,.T.);
#1128=ADVANCED_FACE('',(#1022,#1023),#73,.F.);
#1129=ADVANCED_FACE('',(#1024),#12,.T.);
#1130=ADVANCED_FACE('',(#1025),#13,.F.);
#1131=ADVANCED_FACE('',(#1026),#1086,.T.);
#1132=ADVANCED_FACE('',(#1027),#1087,.F.);
#1133=ADVANCED_FACE('',(#1028),#1088,.F.);
#1134=ADVANCED_FACE('',(#1029),#14,.T.);
#1135=ADVANCED_FACE('',(#1030),#15,.F.);
#1136=ADVANCED_FACE('',(#1031),#1089,.T.);
#1137=ADVANCED_FACE('',(#1032),#1090,.F.);
#1138=ADVANCED_FACE('',(#1033),#1091,.F.);
#1139=ADVANCED_FACE('',(#1034),#16,.T.);
#1140=ADVANCED_FACE('',(#1035),#17,.F.);
#1141=ADVANCED_FACE('',(#1036),#1092,.T.);
#1142=ADVANCED_FACE('',(#1037),#1093,.F.);
#1143=ADVANCED_FACE('',(#1038),#1094,.F.);
#1144=ADVANCED_FACE('',(#1039),#18,.T.);
#1145=ADVANCED_FACE('',(#1040),#19,.F.);
#1146=ADVANCED_FACE('',(#1041),#1095,.T.);
#1147=ADVANCED_FACE('',(#1042),#1096,.F.);
#1148=ADVANCED_FACE('',(#1043),#1097,.F.);
#1149=ADVANCED_FACE('',(#1044),#20,.T.);
#1150=ADVANCED_FACE('',(#1045),#21,.F.);
#1151=ADVANCED_FACE('',(#1046),#1098,.T.);
#1152=ADVANCED_FACE('',(#1047),#1099,.F.);
#1153=ADVANCED_FACE('',(#1048),#1100,.F.);
#1154=ADVANCED_FACE('',(#1049),#22,.T.);
#1155=ADVANCED_FACE('',(#1050),#23,.F.);
#1156=ADVANCED_FACE('',(#1051),#1101,.T.);
#1157=ADVANCED_FACE('',(#1052),#1102,.F.);
#1158=ADVANCED_FACE('',(#1053),#1103,.F.);
#1159=ADVANCED_FACE('',(#1054),#24,.T.);
#1160=ADVANCED_FACE('',(#1055),#25,.F.);
#1161=ADVANCED_FACE('',(#1056),#1104,.T.);
#1162=ADVANCED_FACE('',(#1057),#1105,.F.);
#1163=ADVANCED_FACE('',(#1058),#1106,.F.);
#1164=ADVANCED_FACE('',(#1059),#26,.T.);
#1165=ADVANCED_FACE('',(#1060),#27,.F.);
#1166=ADVANCED_FACE('',(#1061),#1107,.T.);
#1167=ADVANCED_FACE('',(#1062),#1108,.F.);
#1168=ADVANCED_FACE('',(#1063),#1109,.F.);
#1169=ADVANCED_FACE('',(#1064),#28,.T.);
#1170=ADVANCED_FACE('',(#1065),#29,.F.);
#1171=ADVANCED_FACE('',(#1066),#1110,.T.);
#1172=ADVANCED_FACE('',(#1067),#1111,.F.);
#1173=ADVANCED_FACE('',(#1068),#1112,.F.);
#1174=ADVANCED_FACE('',(#1069),#30,.T.);
#1175=ADVANCED_FACE('',(#1070),#31,.F.);
#1176=ADVANCED_FACE('',(#1071),#1113,.T.);
#1177=ADVANCED_FACE('',(#1072),#1114,.F.);
#1178=ADVANCED_FACE('',(#1073),#1115,.F.);
#1179=ADVANCED_FACE('',(#1074,#1075),#1116,.F.);
#1180=CLOSED_SHELL('',(#1117,#1118,#1119,#1120,#1121,#1122,#1123,#1124,
#1125,#1126,#1127,#1128,#1129,#1130,#1131,#1132,#1133,#1134,#1135,#1136,
#1137,#1138,#1139,#1140,#1141,#1142,#1143,#1144,#1145,#1146,#1147,#1148,
#1149,#1150,#1151,#1152,#1153,#1154,#1155,#1156,#1157,#1158,#1159,#1160,
#1161,#1162,#1163,#1164,#1165,#1166,#1167,#1168,#1169,#1170,#1171,#1172,
#1173,#1174,#1175,#1176,#1177,#1178,#1179));
#1181=STYLED_ITEM('',(#1182),#1189);
#1182=PRESENTATION_STYLE_ASSIGNMENT((#1183));
#1183=SURFACE_STYLE_USAGE(.BOTH.,#1184);
#1184=SURFACE_SIDE_STYLE('',(#1185));
#1185=SURFACE_STYLE_FILL_AREA(#1186);
#1186=FILL_AREA_STYLE('',(#1187));
#1187=FILL_AREA_STYLE_COLOUR('',#1188);
#1188=COLOUR_RGB('',0.615686274509804,0.811764705882353,0.929411764705882);
#1189=MANIFOLD_SOLID_BREP('Spur gear (10 teeth)',#1180);
#1190=SHAPE_DEFINITION_REPRESENTATION(#4224,#1191);
#1191=SHAPE_REPRESENTATION('Spur gear (10 teeth)',(#1192),#4219);
#1192=AXIS2_PLACEMENT_3D('',#1630,#1318,#1319);
#1193=AXIS2_PLACEMENT_3D('',#1631,#1320,#1321);
#1194=AXIS2_PLACEMENT_3D('',#1635,#1323,#1324);
#1195=AXIS2_PLACEMENT_3D('',#1639,#1326,#1327);
#1196=AXIS2_PLACEMENT_3D('',#1640,#1328,#1329);
#1197=AXIS2_PLACEMENT_3D('',#1644,#1331,#1332);
#1198=AXIS2_PLACEMENT_3D('',#1648,#1334,#1335);
#1199=AXIS2_PLACEMENT_3D('',#1649,#1336,#1337);
#1200=AXIS2_PLACEMENT_3D('',#1653,#1339,#1340);
#1201=AXIS2_PLACEMENT_3D('',#1657,#1342,#1343);
#1202=AXIS2_PLACEMENT_3D('',#1658,#1344,#1345);
#1203=AXIS2_PLACEMENT_3D('',#1659,#1346,#1347);
#1204=AXIS2_PLACEMENT_3D('',#1664,#1349,#1350);
#1205=AXIS2_PLACEMENT_3D('',#1667,#1352,#1353);
#1206=AXIS2_PLACEMENT_3D('',#1671,#1355,#1356);
#1207=AXIS2_PLACEMENT_3D('',#1675,#1358,#1359);
#1208=AXIS2_PLACEMENT_3D('',#1676,#1360,#1361);
#1209=AXIS2_PLACEMENT_3D('',#1680,#1363,#1364);
#1210=AXIS2_PLACEMENT_3D('',#1684,#1366,#1367);
#1211=AXIS2_PLACEMENT_3D('',#1685,#1368,#1369);
#1212=AXIS2_PLACEMENT_3D('',#1689,#1371,#1372);
#1213=AXIS2_PLACEMENT_3D('',#1693,#1374,#1375);
#1214=AXIS2_PLACEMENT_3D('',#1694,#1376,#1377);
#1215=AXIS2_PLACEMENT_3D('',#1695,#1378,#1379);
#1216=AXIS2_PLACEMENT_3D('',#1700,#1381,#1382);
#1217=AXIS2_PLACEMENT_3D('',#1703,#1384,#1385);
#1218=AXIS2_PLACEMENT_3D('',#1704,#1386,#1387);
#1219=AXIS2_PLACEMENT_3D('',#1709,#1389,#1390);
#1220=AXIS2_PLACEMENT_3D('',#1712,#1392,#1393);
#1221=AXIS2_PLACEMENT_3D('',#1713,#1394,#1395);
#1222=AXIS2_PLACEMENT_3D('',#1715,#1396,#1397);
#1223=AXIS2_PLACEMENT_3D('',#1805,#1398,#1399);
#1224=AXIS2_PLACEMENT_3D('',#1807,#1400,#1401);
#1225=AXIS2_PLACEMENT_3D('',#1809,#1402,#1403);
#1226=AXIS2_PLACEMENT_3D('',#1898,#1404,#1405);
#1227=AXIS2_PLACEMENT_3D('',#1900,#1406,#1407);
#1228=AXIS2_PLACEMENT_3D('',#1902,#1408,#1409);
#1229=AXIS2_PLACEMENT_3D('',#1991,#1410,#1411);
#1230=AXIS2_PLACEMENT_3D('',#1993,#1412,#1413);
#1231=AXIS2_PLACEMENT_3D('',#1995,#1414,#1415);
#1232=AXIS2_PLACEMENT_3D('',#2084,#1416,#1417);
#1233=AXIS2_PLACEMENT_3D('',#2086,#1418,#1419);
#1234=AXIS2_PLACEMENT_3D('',#2088,#1420,#1421);
#1235=AXIS2_PLACEMENT_3D('',#2177,#1422,#1423);
#1236=AXIS2_PLACEMENT_3D('',#2179,#1424,#1425);
#1237=AXIS2_PLACEMENT_3D('',#2181,#1426,#1427);
#1238=AXIS2_PLACEMENT_3D('',#2270,#1428,#1429);
#1239=AXIS2_PLACEMENT_3D('',#2272,#1430,#1431);
#1240=AXIS2_PLACEMENT_3D('',#2274,#1432,#1433);
#1241=AXIS2_PLACEMENT_3D('',#2363,#1434,#1435);
#1242=AXIS2_PLACEMENT_3D('',#2365,#1436,#1437);
#1243=AXIS2_PLACEMENT_3D('',#2367,#1438,#1439);
#1244=AXIS2_PLACEMENT_3D('',#2413,#1440,#1441);
#1245=AXIS2_PLACEMENT_3D('',#2459,#1442,#1443);
#1246=AXIS2_PLACEMENT_3D('',#2461,#1444,#1445);
#1247=AXIS2_PLACEMENT_3D('',#2463,#1446,#1447);
#1248=AXIS2_PLACEMENT_3D('',#2552,#1448,#1449);
#1249=AXIS2_PLACEMENT_3D('',#2554,#1450,#1451);
#1250=AXIS2_PLACEMENT_3D('',#2556,#1452,#1453);
#1251=AXIS2_PLACEMENT_3D('',#2645,#1454,#1455);
#1252=AXIS2_PLACEMENT_3D('',#2647,#1456,#1457);
#1253=AXIS2_PLACEMENT_3D('',#2648,#1458,#1459);
#1254=AXIS2_PLACEMENT_3D('',#2651,#1461,#1462);
#1255=AXIS2_PLACEMENT_3D('',#2654,#1464,#1465);
#1256=AXIS2_PLACEMENT_3D('',#2655,#1466,#1467);
#1257=AXIS2_PLACEMENT_3D('',#2657,#1468,#1469);
#1258=AXIS2_PLACEMENT_3D('',#2747,#1470,#1471);
#1259=AXIS2_PLACEMENT_3D('',#2749,#1472,#1473);
#1260=AXIS2_PLACEMENT_3D('',#2751,#1474,#1475);
#1261=AXIS2_PLACEMENT_3D('',#2840,#1476,#1477);
#1262=AXIS2_PLACEMENT_3D('',#2842,#1478,#1479);
#1263=AXIS2_PLACEMENT_3D('',#2844,#1480,#1481);
#1264=AXIS2_PLACEMENT_3D('',#2933,#1482,#1483);
#1265=AXIS2_PLACEMENT_3D('',#2935,#1484,#1485);
#1266=AXIS2_PLACEMENT_3D('',#2937,#1486,#1487);
#1267=AXIS2_PLACEMENT_3D('',#3026,#1488,#1489);
#1268=AXIS2_PLACEMENT_3D('',#3028,#1490,#1491);
#1269=AXIS2_PLACEMENT_3D('',#3030,#1492,#1493);
#1270=AXIS2_PLACEMENT_3D('',#3119,#1494,#1495);
#1271=AXIS2_PLACEMENT_3D('',#3121,#1496,#1497);
#1272=AXIS2_PLACEMENT_3D('',#3123,#1498,#1499);
#1273=AXIS2_PLACEMENT_3D('',#3212,#1500,#1501);
#1274=AXIS2_PLACEMENT_3D('',#3214,#1502,#1503);
#1275=AXIS2_PLACEMENT_3D('',#3216,#1504,#1505);
#1276=AXIS2_PLACEMENT_3D('',#3305,#1506,#1507);
#1277=AXIS2_PLACEMENT_3D('',#3307,#1508,#1509);
#1278=AXIS2_PLACEMENT_3D('',#3309,#1510,#1511);
#1279=AXIS2_PLACEMENT_3D('',#3398,#1512,#1513);
#1280=AXIS2_PLACEMENT_3D('',#3400,#1514,#1515);
#1281=AXIS2_PLACEMENT_3D('',#3402,#1516,#1517);
#1282=AXIS2_PLACEMENT_3D('',#3491,#1518,#1519);
#1283=AXIS2_PLACEMENT_3D('',#3493,#1520,#1521);
#1284=AXIS2_PLACEMENT_3D('',#3495,#1522,#1523);
#1285=AXIS2_PLACEMENT_3D('',#3584,#1524,#1525);
#1286=AXIS2_PLACEMENT_3D('',#3586,#1526,#1527);
#1287=AXIS2_PLACEMENT_3D('',#3645,#1530,#1531);
#1288=AXIS2_PLACEMENT_3D('',#3648,#1534,#1535);
#1289=AXIS2_PLACEMENT_3D('',#3649,#1536,#1537);
#1290=AXIS2_PLACEMENT_3D('',#3708,#1540,#1541);
#1291=AXIS2_PLACEMENT_3D('',#3711,#1544,#1545);
#1292=AXIS2_PLACEMENT_3D('',#3712,#1546,#1547);
#1293=AXIS2_PLACEMENT_3D('',#3771,#1550,#1551);
#1294=AXIS2_PLACEMENT_3D('',#3774,#1554,#1555);
#1295=AXIS2_PLACEMENT_3D('',#3775,#1556,#1557);
#1296=AXIS2_PLACEMENT_3D('',#3834,#1560,#1561);
#1297=AXIS2_PLACEMENT_3D('',#3837,#1564,#1565);
#1298=AXIS2_PLACEMENT_3D('',#3838,#1566,#1567);
#1299=AXIS2_PLACEMENT_3D('',#3897,#1570,#1571);
#1300=AXIS2_PLACEMENT_3D('',#3900,#1574,#1575);
#1301=AXIS2_PLACEMENT_3D('',#3901,#1576,#1577);
#1302=AXIS2_PLACEMENT_3D('',#3960,#1580,#1581);
#1303=AXIS2_PLACEMENT_3D('',#3963,#1584,#1585);
#1304=AXIS2_PLACEMENT_3D('',#3964,#1586,#1587);
#1305=AXIS2_PLACEMENT_3D('',#4023,#1590,#1591);
#1306=AXIS2_PLACEMENT_3D('',#4026,#1594,#1595);
#1307=AXIS2_PLACEMENT_3D('',#4027,#1596,#1597);
#1308=AXIS2_PLACEMENT_3D('',#4086,#1600,#1601);
#1309=AXIS2_PLACEMENT_3D('',#4089,#1604,#1605);
#1310=AXIS2_PLACEMENT_3D('',#4090,#1606,#1607);
#1311=AXIS2_PLACEMENT_3D('',#4149,#1610,#1611);
#1312=AXIS2_PLACEMENT_3D('',#4152,#1614,#1615);
#1313=AXIS2_PLACEMENT_3D('',#4153,#1616,#1617);
#1314=AXIS2_PLACEMENT_3D('',#4212,#1620,#1621);
#1315=AXIS2_PLACEMENT_3D('',#4215,#1624,#1625);
#1316=AXIS2_PLACEMENT_3D('',#4216,#1626,#1627);
#1317=AXIS2_PLACEMENT_3D('',#4217,#1628,#1629);
#1318=DIRECTION('',(0.,0.,1.));
#1319=DIRECTION('',(1.,0.,0.));
#1320=DIRECTION('',(0.,1.,0.));
#1321=DIRECTION('',(0.,0.,1.));
#1322=DIRECTION('',(0.,1.,0.));
#1323=DIRECTION('',(0.,-1.,0.));
#1324=DIRECTION('',(0.,0.,-1.));
#1325=DIRECTION('',(0.,1.,0.));
#1326=DIRECTION('',(0.,-1.,0.));
#1327=DIRECTION('',(0.,0.,-1.));
#1328=DIRECTION('',(0.,1.,0.));
#1329=DIRECTION('',(0.,0.,1.));
#1330=DIRECTION('',(0.,1.,0.));
#1331=DIRECTION('',(0.,-1.,0.));
#1332=DIRECTION('',(0.,0.,-1.));
#1333=DIRECTION('',(0.,1.,0.));
#1334=DIRECTION('',(0.,-1.,0.));
#1335=DIRECTION('',(0.,0.,-1.));
#1336=DIRECTION('',(0.,1.,0.));
#1337=DIRECTION('',(0.,0.,1.));
#1338=DIRECTION('',(0.,1.,0.));
#1339=DIRECTION('',(0.,-1.,0.));
#1340=DIRECTION('',(0.,0.,-1.));
#1341=DIRECTION('',(0.,1.,0.));
#1342=DIRECTION('',(0.,-1.,0.));
#1343=DIRECTION('',(0.,0.,-1.));
#1344=DIRECTION('',(0.,1.,0.));
#1345=DIRECTION('',(0.,0.,1.));
#1346=DIRECTION('',(0.,-1.,0.));
#1347=DIRECTION('',(0.,0.,-1.));
#1348=DIRECTION('',(0.,1.,0.));
#1349=DIRECTION('',(0.,-1.,0.));
#1350=DIRECTION('',(0.,0.,-1.));
#1351=DIRECTION('',(0.,1.,0.));
#1352=DIRECTION('',(0.,1.,0.));
#1353=DIRECTION('',(0.,0.,1.));
#1354=DIRECTION('',(0.,1.,0.));
#1355=DIRECTION('',(0.,-1.,0.));
#1356=DIRECTION('',(0.,0.,-1.));
#1357=DIRECTION('',(0.,1.,0.));
#1358=DIRECTION('',(0.,-1.,0.));
#1359=DIRECTION('',(0.,0.,-1.));
#1360=DIRECTION('',(0.,1.,0.));
#1361=DIRECTION('',(0.,0.,1.));
#1362=DIRECTION('',(0.,1.,0.));
#1363=DIRECTION('',(0.,-1.,0.));
#1364=DIRECTION('',(0.,0.,-1.));
#1365=DIRECTION('',(0.,1.,0.));
#1366=DIRECTION('',(0.,-1.,0.));
#1367=DIRECTION('',(0.,0.,-1.));
#1368=DIRECTION('',(0.,1.,0.));
#1369=DIRECTION('',(0.,0.,1.));
#1370=DIRECTION('',(0.,1.,0.));
#1371=DIRECTION('',(0.,-1.,0.));
#1372=DIRECTION('',(0.,0.,-1.));
#1373=DIRECTION('',(0.,1.,0.));
#1374=DIRECTION('',(0.,-1.,0.));
#1375=DIRECTION('',(0.,0.,-1.));
#1376=DIRECTION('',(0.,1.,0.));
#1377=DIRECTION('',(0.,0.,1.));
#1378=DIRECTION('',(0.,-1.,0.));
#1379=DIRECTION('',(0.,0.,-1.));
#1380=DIRECTION('',(0.,1.,0.));
#1381=DIRECTION('',(0.,-1.,0.));
#1382=DIRECTION('',(0.,0.,-1.));
#1383=DIRECTION('',(0.,1.,0.));
#1384=DIRECTION('',(0.,1.,0.));
#1385=DIRECTION('',(0.,0.,1.));
#1386=DIRECTION('',(0.,-1.,0.));
#1387=DIRECTION('',(0.,0.,-1.));
#1388=DIRECTION('',(0.,1.,0.));
#1389=DIRECTION('',(0.,-1.,0.));
#1390=DIRECTION('',(0.,0.,-1.));
#1391=DIRECTION('',(0.,1.,0.));
#1392=DIRECTION('',(0.,-1.,0.));
#1393=DIRECTION('',(1.,0.,0.));
#1394=DIRECTION('',(0.,-1.,0.));
#1395=DIRECTION('',(-6.12323399573675E-17,0.,-1.));
#1396=DIRECTION('',(0.,-1.,0.));
#1397=DIRECTION('',(0.951056516295154,0.,-0.309016994374948));
#1398=DIRECTION('',(0.,-1.,0.));
#1399=DIRECTION('',(0.951056516295154,0.,0.309016994374948));
#1400=DIRECTION('',(0.,-1.,0.));
#1401=DIRECTION('',(0.951056516295154,0.,0.309016994374948));
#1402=DIRECTION('',(0.,-1.,0.));
#1403=DIRECTION('',(0.951056516295154,0.,0.309016994374948));
#1404=DIRECTION('',(0.,-1.,0.));
#1405=DIRECTION('',(0.587785252292473,0.,0.809016994374947));
#1406=DIRECTION('',(0.,-1.,0.));
#1407=DIRECTION('',(0.587785252292473,0.,0.809016994374947));
#1408=DIRECTION('',(0.,-1.,0.));
#1409=DIRECTION('',(0.587785252292473,0.,0.809016994374947));
#1410=DIRECTION('',(0.,-1.,0.));
#1411=DIRECTION('',(1.22464679914735E-16,0.,1.));
#1412=DIRECTION('',(0.,-1.,0.));
#1413=DIRECTION('',(1.22464679914735E-16,0.,1.));
#1414=DIRECTION('',(0.,-1.,0.));
#1415=DIRECTION('',(1.22464679914735E-16,0.,1.));
#1416=DIRECTION('',(0.,-1.,0.));
#1417=DIRECTION('',(-0.587785252292473,0.,0.809016994374948));
#1418=DIRECTION('',(0.,-1.,0.));
#1419=DIRECTION('',(-0.587785252292473,0.,0.809016994374948));
#1420=DIRECTION('',(0.,-1.,0.));
#1421=DIRECTION('',(-0.587785252292473,0.,0.809016994374948));
#1422=DIRECTION('',(0.,-1.,0.));
#1423=DIRECTION('',(-0.951056516295154,0.,0.309016994374948));
#1424=DIRECTION('',(0.,-1.,0.));
#1425=DIRECTION('',(-0.951056516295154,0.,0.309016994374948));
#1426=DIRECTION('',(0.,-1.,0.));
#1427=DIRECTION('',(-0.951056516295154,0.,0.309016994374948));
#1428=DIRECTION('',(0.,-1.,0.));
#1429=DIRECTION('',(-0.951056516295154,0.,-0.309016994374948));
#1430=DIRECTION('',(0.,-1.,0.));
#1431=DIRECTION('',(-0.951056516295154,0.,-0.309016994374948));
#1432=DIRECTION('',(0.,-1.,0.));
#1433=DIRECTION('',(-0.951056516295154,0.,-0.309016994374948));
#1434=DIRECTION('',(0.,-1.,0.));
#1435=DIRECTION('',(-0.587785252292473,0.,-0.809016994374947));
#1436=DIRECTION('',(0.,-1.,0.));
#1437=DIRECTION('',(-0.587785252292473,0.,-0.809016994374947));
#1438=DIRECTION('',(0.,-1.,0.));
#1439=DIRECTION('',(-0.587785252292473,0.,-0.809016994374947));
#1440=DIRECTION('',(0.,-1.,0.));
#1441=DIRECTION('',(0.,0.,-1.));
#1442=DIRECTION('',(0.,-1.,0.));
#1443=DIRECTION('',(0.,0.,-1.));
#1444=DIRECTION('',(0.,-1.,0.));
#1445=DIRECTION('',(0.,0.,-1.));
#1446=DIRECTION('',(0.,-1.,0.));
#1447=DIRECTION('',(0.,0.,-1.));
#1448=DIRECTION('',(0.,-1.,0.));
#1449=DIRECTION('',(0.587785252292473,0.,-0.809016994374948));
#1450=DIRECTION('',(0.,-1.,0.));
#1451=DIRECTION('',(0.587785252292473,0.,-0.809016994374948));
#1452=DIRECTION('',(0.,-1.,0.));
#1453=DIRECTION('',(0.587785252292473,0.,-0.809016994374948));
#1454=DIRECTION('',(0.,-1.,0.));
#1455=DIRECTION('',(0.951056516295154,0.,-0.309016994374948));
#1456=DIRECTION('',(0.,-1.,0.));
#1457=DIRECTION('',(0.951056516295154,0.,-0.309016994374948));
#1458=DIRECTION('',(0.,1.,0.));
#1459=DIRECTION('',(0.,0.,1.));
#1460=DIRECTION('',(0.,1.,0.));
#1461=DIRECTION('',(0.,-1.,0.));
#1462=DIRECTION('',(0.,0.,-1.));
#1463=DIRECTION('',(0.,1.,0.));
#1464=DIRECTION('',(0.,-1.,0.));
#1465=DIRECTION('',(1.,0.,0.));
#1466=DIRECTION('',(0.,-1.,0.));
#1467=DIRECTION('',(0.,0.,-1.));
#1468=DIRECTION('',(0.,-1.,0.));
#1469=DIRECTION('',(0.951056516295154,0.,-0.309016994374948));
#1470=DIRECTION('',(0.,-1.,0.));
#1471=DIRECTION('',(0.587785252292473,0.,-0.809016994374948));
#1472=DIRECTION('',(0.,-1.,0.));
#1473=DIRECTION('',(0.587785252292473,0.,-0.809016994374948));
#1474=DIRECTION('',(0.,-1.,0.));
#1475=DIRECTION('',(0.587785252292473,0.,-0.809016994374948));
#1476=DIRECTION('',(0.,-1.,0.));
#1477=DIRECTION('',(0.,0.,-1.));
#1478=DIRECTION('',(0.,-1.,0.));
#1479=DIRECTION('',(0.,0.,-1.));
#1480=DIRECTION('',(0.,-1.,0.));
#1481=DIRECTION('',(0.,0.,-1.));
#1482=DIRECTION('',(0.,-1.,0.));
#1483=DIRECTION('',(-0.587785252292473,0.,-0.809016994374947));
#1484=DIRECTION('',(0.,-1.,0.));
#1485=DIRECTION('',(-0.587785252292473,0.,-0.809016994374947));
#1486=DIRECTION('',(0.,-1.,0.));
#1487=DIRECTION('',(-0.587785252292473,0.,-0.809016994374947));
#1488=DIRECTION('',(0.,-1.,0.));
#1489=DIRECTION('',(-0.951056516295154,0.,-0.309016994374948));
#1490=DIRECTION('',(0.,-1.,0.));
#1491=DIRECTION('',(-0.951056516295154,0.,-0.309016994374948));
#1492=DIRECTION('',(0.,-1.,0.));
#1493=DIRECTION('',(-0.951056516295154,0.,-0.309016994374948));
#1494=DIRECTION('',(0.,-1.,0.));
#1495=DIRECTION('',(-0.951056516295154,0.,0.309016994374948));
#1496=DIRECTION('',(0.,-1.,0.));
#1497=DIRECTION('',(-0.951056516295154,0.,0.309016994374948));
#1498=DIRECTION('',(0.,-1.,0.));
#1499=DIRECTION('',(-0.951056516295154,0.,0.309016994374948));
#1500=DIRECTION('',(0.,-1.,0.));
#1501=DIRECTION('',(-0.587785252292473,0.,0.809016994374948));
#1502=DIRECTION('',(0.,-1.,0.));
#1503=DIRECTION('',(-0.587785252292473,0.,0.809016994374948));
#1504=DIRECTION('',(0.,-1.,0.));
#1505=DIRECTION('',(-0.587785252292473,0.,0.809016994374948));
#1506=DIRECTION('',(0.,-1.,0.));
#1507=DIRECTION('',(1.22464679914735E-16,0.,1.));
#1508=DIRECTION('',(0.,-1.,0.));
#1509=DIRECTION('',(1.22464679914735E-16,0.,1.));
#1510=DIRECTION('',(0.,-1.,0.));
#1511=DIRECTION('',(1.22464679914735E-16,0.,1.));
#1512=DIRECTION('',(0.,-1.,0.));
#1513=DIRECTION('',(0.587785252292473,0.,0.809016994374947));
#1514=DIRECTION('',(0.,-1.,0.));
#1515=DIRECTION('',(0.587785252292473,0.,0.809016994374947));
#1516=DIRECTION('',(0.,-1.,0.));
#1517=DIRECTION('',(0.587785252292473,0.,0.809016994374947));
#1518=DIRECTION('',(0.,-1.,0.));
#1519=DIRECTION('',(0.951056516295154,0.,0.309016994374948));
#1520=DIRECTION('',(0.,-1.,0.));
#1521=DIRECTION('',(0.951056516295154,0.,0.309016994374948));
#1522=DIRECTION('',(0.,-1.,0.));
#1523=DIRECTION('',(0.951056516295154,0.,0.309016994374948));
#1524=DIRECTION('',(0.,-1.,0.));
#1525=DIRECTION('',(0.951056516295154,0.,-0.309016994374948));
#1526=DIRECTION('',(0.,-1.,0.));
#1527=DIRECTION('',(0.951056516295154,0.,-0.309016994374948));
#1528=DIRECTION('',(0.,1.,0.));
#1529=DIRECTION('',(0.,1.,0.));
#1530=DIRECTION('',(0.,1.,0.));
#1531=DIRECTION('',(0.,0.,1.));
#1532=DIRECTION('',(0.,1.,0.));
#1533=DIRECTION('',(0.,1.,0.));
#1534=DIRECTION('',(0.,1.,0.));
#1535=DIRECTION('',(0.,0.,1.));
#1536=DIRECTION('',(0.,1.,0.));
#1537=DIRECTION('',(0.,0.,1.));
#1538=DIRECTION('',(0.,1.,0.));
#1539=DIRECTION('',(0.,1.,0.));
#1540=DIRECTION('',(0.,1.,0.));
#1541=DIRECTION('',(0.587785252292473,0.,0.809016994374947));
#1542=DIRECTION('',(0.,1.,0.));
#1543=DIRECTION('',(0.,1.,0.));
#1544=DIRECTION('',(0.,1.,0.));
#1545=DIRECTION('',(0.587785252292473,0.,0.809016994374947));
#1546=DIRECTION('',(0.,1.,0.));
#1547=DIRECTION('',(0.587785252292473,0.,0.809016994374947));
#1548=DIRECTION('',(0.,1.,0.));
#1549=DIRECTION('',(0.,1.,0.));
#1550=DIRECTION('',(0.,1.,0.));
#1551=DIRECTION('',(-1.22464679914735E-16,0.,-1.));
#1552=DIRECTION('',(0.,1.,0.));
#1553=DIRECTION('',(0.,1.,0.));
#1554=DIRECTION('',(0.,1.,0.));
#1555=DIRECTION('',(-1.22464679914735E-16,0.,-1.));
#1556=DIRECTION('',(0.,1.,0.));
#1557=DIRECTION('',(-1.22464679914735E-16,0.,-1.));
#1558=DIRECTION('',(0.,1.,0.));
#1559=DIRECTION('',(0.,1.,0.));
#1560=DIRECTION('',(0.,1.,0.));
#1561=DIRECTION('',(0.587785252292473,0.,-0.809016994374948));
#1562=DIRECTION('',(0.,1.,0.));
#1563=DIRECTION('',(0.,1.,0.));
#1564=DIRECTION('',(0.,1.,0.));
#1565=DIRECTION('',(0.587785252292473,0.,-0.809016994374948));
#1566=DIRECTION('',(0.,1.,0.));
#1567=DIRECTION('',(0.587785252292473,0.,-0.809016994374948));
#1568=DIRECTION('',(0.,1.,0.));
#1569=DIRECTION('',(0.,1.,0.));
#1570=DIRECTION('',(0.,1.,0.));
#1571=DIRECTION('',(0.951056516295154,0.,-0.309016994374948));
#1572=DIRECTION('',(0.,1.,0.));
#1573=DIRECTION('',(0.,1.,0.));
#1574=DIRECTION('',(0.,1.,0.));
#1575=DIRECTION('',(0.951056516295154,0.,-0.309016994374948));
#1576=DIRECTION('',(0.,1.,0.));
#1577=DIRECTION('',(0.951056516295154,0.,-0.309016994374948));
#1578=DIRECTION('',(0.,1.,0.));
#1579=DIRECTION('',(0.,1.,0.));
#1580=DIRECTION('',(0.,1.,0.));
#1581=DIRECTION('',(0.951056516295154,0.,0.309016994374948));
#1582=DIRECTION('',(0.,1.,0.));
#1583=DIRECTION('',(0.,1.,0.));
#1584=DIRECTION('',(0.,1.,0.));
#1585=DIRECTION('',(0.951056516295154,0.,0.309016994374948));
#1586=DIRECTION('',(0.,1.,0.));
#1587=DIRECTION('',(0.951056516295154,0.,0.309016994374948));
#1588=DIRECTION('',(0.,1.,0.));
#1589=DIRECTION('',(0.,1.,0.));
#1590=DIRECTION('',(0.,1.,0.));
#1591=DIRECTION('',(-0.951056516295154,0.,-0.309016994374948));
#1592=DIRECTION('',(0.,1.,0.));
#1593=DIRECTION('',(0.,1.,0.));
#1594=DIRECTION('',(0.,1.,0.));
#1595=DIRECTION('',(-0.951056516295154,0.,-0.309016994374948));
#1596=DIRECTION('',(0.,1.,0.));
#1597=DIRECTION('',(-0.951056516295154,0.,-0.309016994374948));
#1598=DIRECTION('',(0.,1.,0.));
#1599=DIRECTION('',(0.,1.,0.));
#1600=DIRECTION('',(0.,1.,0.));
#1601=DIRECTION('',(-0.587785252292473,0.,-0.809016994374947));
#1602=DIRECTION('',(0.,1.,0.));
#1603=DIRECTION('',(0.,1.,0.));
#1604=DIRECTION('',(0.,1.,0.));
#1605=DIRECTION('',(-0.587785252292473,0.,-0.809016994374947));
#1606=DIRECTION('',(0.,1.,0.));
#1607=DIRECTION('',(-0.587785252292473,0.,-0.809016994374947));
#1608=DIRECTION('',(0.,1.,0.));
#1609=DIRECTION('',(0.,1.,0.));
#1610=DIRECTION('',(0.,1.,0.));
#1611=DIRECTION('',(-0.587785252292473,0.,0.809016994374948));
#1612=DIRECTION('',(0.,1.,0.));
#1613=DIRECTION('',(0.,1.,0.));
#1614=DIRECTION('',(0.,1.,0.));
#1615=DIRECTION('',(-0.587785252292473,0.,0.809016994374948));
#1616=DIRECTION('',(0.,1.,0.));
#1617=DIRECTION('',(-0.587785252292473,0.,0.809016994374948));
#1618=DIRECTION('',(0.,1.,0.));
#1619=DIRECTION('',(0.,1.,0.));
#1620=DIRECTION('',(0.,1.,0.));
#1621=DIRECTION('',(-0.951056516295154,0.,0.309016994374948));
#1622=DIRECTION('',(0.,1.,0.));
#1623=DIRECTION('',(0.,1.,0.));
#1624=DIRECTION('',(0.,1.,0.));
#1625=DIRECTION('',(-0.951056516295154,0.,0.309016994374948));
#1626=DIRECTION('',(0.,1.,0.));
#1627=DIRECTION('',(-0.951056516295154,0.,0.309016994374948));
#1628=DIRECTION('',(0.,-1.,0.));
#1629=DIRECTION('',(0.,0.,-1.));
#1630=CARTESIAN_POINT('',(0.,0.,0.));
#1631=CARTESIAN_POINT('',(0.,-0.005,7.71527483462833E-19));
#1632=CARTESIAN_POINT('',(0.00689832653807817,-0.005,0.0105438650870564));
#1633=CARTESIAN_POINT('',(0.00689832653807817,-0.005,0.0105438650870564));
#1634=CARTESIAN_POINT('',(0.00689832653807817,0.,0.0105438650870564));
#1635=CARTESIAN_POINT('',(0.,-0.005,7.71527483462833E-19));
#1636=CARTESIAN_POINT('',(0.00789611146496809,-0.005,0.00981893190386814));
#1637=CARTESIAN_POINT('',(0.00789611146496809,-0.005,0.00981893190386814));
#1638=CARTESIAN_POINT('',(0.00789611146496809,0.,0.00981893190386814));
#1639=CARTESIAN_POINT('',(0.,0.,7.71527483462833E-19));
#1640=CARTESIAN_POINT('',(0.,-0.005,7.71527483462833E-19));
#1641=CARTESIAN_POINT('',(0.0117783918023862,-0.005,0.00447543143724516));
#1642=CARTESIAN_POINT('',(0.0117783918023862,-0.005,0.00447543143724516));
#1643=CARTESIAN_POINT('',(0.0117783918023862,0.,0.00447543143724516));
#1644=CARTESIAN_POINT('',(0.,-0.005,7.71527483462833E-19));
#1645=CARTESIAN_POINT('',(0.0121595117309958,-0.005,0.00330246490727393));
#1646=CARTESIAN_POINT('',(0.0121595117309958,-0.005,0.00330246490727393));
#1647=CARTESIAN_POINT('',(0.0121595117309958,0.,0.00330246490727393));
#1648=CARTESIAN_POINT('',(0.,0.,7.71527483462833E-19));
#1649=CARTESIAN_POINT('',(0.,-0.005,7.71527483462833E-19));
#1650=CARTESIAN_POINT('',(-0.00789611146496808,-0.005,0.00981893190386814));
#1651=CARTESIAN_POINT('',(-0.00789611146496808,-0.005,0.00981893190386814));
#1652=CARTESIAN_POINT('',(-0.00789611146496808,0.,0.00981893190386814));
#1653=CARTESIAN_POINT('',(0.,-0.005,7.71527483462833E-19));
#1654=CARTESIAN_POINT('',(-0.00689832653807817,-0.005,0.0105438650870564));
#1655=CARTESIAN_POINT('',(-0.00689832653807817,-0.005,0.0105438650870564));
#1656=CARTESIAN_POINT('',(-0.00689832653807817,0.,0.0105438650870564));
#1657=CARTESIAN_POINT('',(0.,0.,7.71527483462833E-19));
#1658=CARTESIAN_POINT('',(0.,-0.005,7.71527483462833E-19));
#1659=CARTESIAN_POINT('',(0.,-0.005,7.71527483462833E-19));
#1660=CARTESIAN_POINT('',(0.000616664998280295,-0.005,0.0125849006464054));
#1661=CARTESIAN_POINT('',(-0.000616664998280293,-0.005,0.0125849006464054));
#1662=CARTESIAN_POINT('',(0.000616664998280295,-0.005,0.0125849006464054));
#1663=CARTESIAN_POINT('',(0.000616664998280295,0.,0.0125849006464054));
#1664=CARTESIAN_POINT('',(0.,0.,7.71527483462833E-19));
#1665=CARTESIAN_POINT('',(-0.000616664998280293,0.,0.0125849006464054));
#1666=CARTESIAN_POINT('',(-0.000616664998280293,-0.005,0.0125849006464054));
#1667=CARTESIAN_POINT('',(0.,-0.005,7.71527483462833E-19));
#1668=CARTESIAN_POINT('',(0.000616664998280292,-0.005,-0.0125849006464054));
#1669=CARTESIAN_POINT('',(0.000616664998280292,-0.005,-0.0125849006464054));
#1670=CARTESIAN_POINT('',(0.000616664998280292,0.,-0.0125849006464054));
#1671=CARTESIAN_POINT('',(0.,-0.005,7.71527483462833E-19));
#1672=CARTESIAN_POINT('',(-0.000616664998280296,-0.005,-0.0125849006464054));
#1673=CARTESIAN_POINT('',(-0.000616664998280296,-0.005,-0.0125849006464054));
#1674=CARTESIAN_POINT('',(-0.000616664998280296,0.,-0.0125849006464054));
#1675=CARTESIAN_POINT('',(0.,0.,7.71527483462833E-19));
#1676=CARTESIAN_POINT('',(0.,-0.005,7.71527483462833E-19));
#1677=CARTESIAN_POINT('',(-0.00689832653807818,-0.005,-0.0105438650870564));
#1678=CARTESIAN_POINT('',(-0.00689832653807818,-0.005,-0.0105438650870564));
#1679=CARTESIAN_POINT('',(-0.00689832653807818,0.,-0.0105438650870564));
#1680=CARTESIAN_POINT('',(0.,-0.005,7.71527483462833E-19));
#1681=CARTESIAN_POINT('',(-0.00789611146496809,-0.005,-0.00981893190386814));
#1682=CARTESIAN_POINT('',(-0.00789611146496809,-0.005,-0.00981893190386814));
#1683=CARTESIAN_POINT('',(-0.00789611146496809,0.,-0.00981893190386814));
#1684=CARTESIAN_POINT('',(0.,0.,7.71527483462833E-19));
#1685=CARTESIAN_POINT('',(0.,-0.005,7.71527483462833E-19));
#1686=CARTESIAN_POINT('',(-0.0117783918023862,-0.005,-0.00447543143724516));
#1687=CARTESIAN_POINT('',(-0.0117783918023862,-0.005,-0.00447543143724516));
#1688=CARTESIAN_POINT('',(-0.0117783918023862,0.,-0.00447543143724516));
#1689=CARTESIAN_POINT('',(0.,-0.005,7.71527483462833E-19));
#1690=CARTESIAN_POINT('',(-0.0121595117309958,-0.005,-0.00330246490727393));
#1691=CARTESIAN_POINT('',(-0.0121595117309958,-0.005,-0.00330246490727393));
#1692=CARTESIAN_POINT('',(-0.0121595117309958,0.,-0.00330246490727393));
#1693=CARTESIAN_POINT('',(0.,0.,7.71527483462833E-19));
#1694=CARTESIAN_POINT('',(0.,-0.005,7.71527483462833E-19));
#1695=CARTESIAN_POINT('',(0.,-0.005,7.71527483462833E-19));
#1696=CARTESIAN_POINT('',(-0.0117783918023862,-0.005,0.00447543143724516));
#1697=CARTESIAN_POINT('',(-0.0121595117309958,-0.005,0.00330246490727393));
#1698=CARTESIAN_POINT('',(-0.0117783918023862,-0.005,0.00447543143724516));
#1699=CARTESIAN_POINT('',(-0.0117783918023862,0.,0.00447543143724516));
#1700=CARTESIAN_POINT('',(0.,0.,7.71527483462833E-19));
#1701=CARTESIAN_POINT('',(-0.0121595117309958,0.,0.00330246490727393));
#1702=CARTESIAN_POINT('',(-0.0121595117309958,-0.005,0.00330246490727393));
#1703=CARTESIAN_POINT('',(0.,-0.005,7.71527483462833E-19));
#1704=CARTESIAN_POINT('',(0.,-0.005,7.71527483462833E-19));
#1705=CARTESIAN_POINT('',(0.00689832653807817,-0.005,-0.0105438650870564));
#1706=CARTESIAN_POINT('',(0.00789611146496808,-0.005,-0.00981893190386814));
#1707=CARTESIAN_POINT('',(0.00689832653807817,-0.005,-0.0105438650870564));
#1708=CARTESIAN_POINT('',(0.00689832653807817,0.,-0.0105438650870564));
#1709=CARTESIAN_POINT('',(0.,0.,7.71527483462833E-19));
#1710=CARTESIAN_POINT('',(0.00789611146496808,0.,-0.00981893190386814));
#1711=CARTESIAN_POINT('',(0.00789611146496808,-0.005,-0.00981893190386814));
#1712=CARTESIAN_POINT('',(0.,-0.005,0.));
#1713=CARTESIAN_POINT('',(1.5561538324215E-17,-0.005,0.000447538704152096));
#1714=CARTESIAN_POINT('',(1.54084574743216E-17,-0.005,-0.0020524612958479));
#1715=CARTESIAN_POINT('',(0.00234252654928567,-0.005,0.00842164968389816));
#1716=CARTESIAN_POINT('',(0.00148898591310246,-0.005,0.00857021535115522));
#1717=CARTESIAN_POINT('',(0.0021103544161937,-0.005,0.00758696442841614));
#1718=CARTESIAN_POINT('',(0.00134770727142468,-0.005,0.00775882143824364));
#1719=CARTESIAN_POINT('',(0.00151332443936823,-0.005,0.00870984516908088));
#1720=CARTESIAN_POINT('',(0.00168796625325483,-0.005,0.00971269113888538));
#1721=CARTESIAN_POINT('',(0.00168961018458478,-0.005,0.00972828284988829));
#1722=CARTESIAN_POINT('',(0.00169105207196283,-0.005,0.00973953456848745));
#1723=CARTESIAN_POINT('',(0.00169237306542771,-0.005,0.00975275891030491));
#1724=CARTESIAN_POINT('',(0.00169385477891446,-0.005,0.00977062432355118));
#1725=CARTESIAN_POINT('',(0.0016951907292618,-0.005,0.00979223722111629));
#1726=CARTESIAN_POINT('',(0.00169627004376037,-0.005,0.00981788447191168));
#1727=CARTESIAN_POINT('',(0.00169691993365216,-0.005,0.00984747383920096));
#1728=CARTESIAN_POINT('',(0.00169698669927688,-0.005,0.00988102348701687));
#1729=CARTESIAN_POINT('',(0.00169631113373825,-0.005,0.00991851233333997));
#1730=CARTESIAN_POINT('',(0.00169473604606905,-0.005,0.00995992482105867));
#1731=CARTESIAN_POINT('',(0.0016921042009563,-0.005,0.0100052376899351));
#1732=CARTESIAN_POINT('',(0.00168825908158823,-0.005,0.0100544238415866));
#1733=CARTESIAN_POINT('',(0.00168304483035135,-0.005,0.0101074512337544));
#1734=CARTESIAN_POINT('',(0.00167630642690799,-0.005,0.0101642832170298));
#1735=CARTESIAN_POINT('',(0.0016678897977778,-0.005,0.0102248784629792));
#1736=CARTESIAN_POINT('',(0.00165764194489848,-0.005,0.0102891910134957));
#1737=CARTESIAN_POINT('',(0.00164541106810532,-0.005,0.0103571703000954));
#1738=CARTESIAN_POINT('',(0.00163104668852252,-0.005,0.0104287611758956));
#1739=CARTESIAN_POINT('',(0.00161439977078542,-0.005,0.0105039039480979));
#1740=CARTESIAN_POINT('',(0.00159532284457861,-0.005,0.0105825344143337));
#1741=CARTESIAN_POINT('',(0.00157367012525657,-0.005,0.010664583901875));
#1742=CARTESIAN_POINT('',(0.00154929763351702,-0.005,0.0107499793099467));
#1743=CARTESIAN_POINT('',(0.00152206331403971,-0.005,0.0108386431550337));
#1744=CARTESIAN_POINT('',(0.00149182715302766,-0.005,0.010930493619175));
#1745=CARTESIAN_POINT('',(0.00145845129455613,-0.005,0.011025444601207));
#1746=CARTESIAN_POINT('',(0.00142180015574329,-0.005,0.0111234057709348));
#1747=CARTESIAN_POINT('',(0.00138174054034721,-0.005,0.0112242826261761));
#1748=CARTESIAN_POINT('',(0.00133814175196752,-0.005,0.0113279765527327));
#1749=CARTESIAN_POINT('',(0.00129087570199907,-0.005,0.0114343848869231));
#1750=CARTESIAN_POINT('',(0.00123981703059518,-0.005,0.0115434009819178));
#1751=CARTESIAN_POINT('',(0.00118484317043645,-0.005,0.0116549142729556));
#1752=CARTESIAN_POINT('',(0.0011258346214532,-0.005,0.0117688103600794));
#1753=CARTESIAN_POINT('',(0.00106267441153157,-0.005,0.0118849710369958));
#1754=CARTESIAN_POINT('',(0.000995250656696933,-0.005,0.01200327453848));
#1755=CARTESIAN_POINT('',(0.000923447287074524,-0.005,0.0121235949666068));
#1756=CARTESIAN_POINT('',(0.000847179887000183,-0.005,0.0122458048605041));
#1757=CARTESIAN_POINT('',(0.000766259611117621,-0.005,0.0123697657994246));
#1758=CARTESIAN_POINT('',(0.000689293261854297,-0.005,0.0124830304274659));
#1759=CARTESIAN_POINT('',(0.00063815629166237,-0.005,0.0125548731182727));
#1760=CARTESIAN_POINT('',(0.000616664998280295,-0.005,0.0125849006464054));
#1761=CARTESIAN_POINT('',(-0.00134770727142468,-0.005,0.00775882143824364));
#1762=CARTESIAN_POINT('',(-0.00151332443936822,-0.005,0.00870984516908088));
#1763=CARTESIAN_POINT('',(-0.00168796625325483,-0.005,0.00971269113888538));
#1764=CARTESIAN_POINT('',(-0.00168961018458478,-0.005,0.00972828284988829));
#1765=CARTESIAN_POINT('',(-0.00169105207196283,-0.005,0.00973953456848745));
#1766=CARTESIAN_POINT('',(-0.00169237306542771,-0.005,0.00975275891030491));
#1767=CARTESIAN_POINT('',(-0.00169385477891446,-0.005,0.00977062432355118));
#1768=CARTESIAN_POINT('',(-0.0016951907292618,-0.005,0.00979223722111629));
#1769=CARTESIAN_POINT('',(-0.00169627004376037,-0.005,0.00981788447191168));
#1770=CARTESIAN_POINT('',(-0.00169691993365216,-0.005,0.00984747383920096));
#1771=CARTESIAN_POINT('',(-0.00169698669927688,-0.005,0.00988102348701687));
#1772=CARTESIAN_POINT('',(-0.00169631113373825,-0.005,0.00991851233333997));
#1773=CARTESIAN_POINT('',(-0.00169473604606905,-0.005,0.00995992482105867));
#1774=CARTESIAN_POINT('',(-0.0016921042009563,-0.005,0.0100052376899351));
#1775=CARTESIAN_POINT('',(-0.00168825908158823,-0.005,0.0100544238415866));
#1776=CARTESIAN_POINT('',(-0.00168304483035135,-0.005,0.0101074512337544));
#1777=CARTESIAN_POINT('',(-0.00167630642690799,-0.005,0.0101642832170298));
#1778=CARTESIAN_POINT('',(-0.0016678897977778,-0.005,0.0102248784629792));
#1779=CARTESIAN_POINT('',(-0.00165764194489848,-0.005,0.0102891910134957));
#1780=CARTESIAN_POINT('',(-0.00164541106810531,-0.005,0.0103571703000954));
#1781=CARTESIAN_POINT('',(-0.00163104668852252,-0.005,0.0104287611758956));
#1782=CARTESIAN_POINT('',(-0.00161439977078542,-0.005,0.0105039039480979));
#1783=CARTESIAN_POINT('',(-0.0015953228445786,-0.005,0.0105825344143337));
#1784=CARTESIAN_POINT('',(-0.00157367012525657,-0.005,0.010664583901875));
#1785=CARTESIAN_POINT('',(-0.00154929763351702,-0.005,0.0107499793099467));
#1786=CARTESIAN_POINT('',(-0.00152206331403971,-0.005,0.0108386431550337));
#1787=CARTESIAN_POINT('',(-0.00149182715302765,-0.005,0.010930493619175));
#1788=CARTESIAN_POINT('',(-0.00145845129455613,-0.005,0.011025444601207));
#1789=CARTESIAN_POINT('',(-0.00142180015574329,-0.005,0.0111234057709348));
#1790=CARTESIAN_POINT('',(-0.00138174054034721,-0.005,0.0112242826261761));
#1791=CARTESIAN_POINT('',(-0.00133814175196752,-0.005,0.0113279765527327));
#1792=CARTESIAN_POINT('',(-0.00129087570199907,-0.005,0.0114343848869231));
#1793=CARTESIAN_POINT('',(-0.00123981703059518,-0.005,0.0115434009819178));
#1794=CARTESIAN_POINT('',(-0.00118484317043645,-0.005,0.0116549142729556));
#1795=CARTESIAN_POINT('',(-0.0011258346214532,-0.005,0.0117688103600794));
#1796=CARTESIAN_POINT('',(-0.00106267441153156,-0.005,0.0118849710369958));
#1797=CARTESIAN_POINT('',(-0.000995250656696931,-0.005,0.01200327453848));
#1798=CARTESIAN_POINT('',(-0.000923447287074522,-0.005,0.0121235949666068));
#1799=CARTESIAN_POINT('',(-0.000847179887000181,-0.005,0.0122458048605041));
#1800=CARTESIAN_POINT('',(-0.000766259611117619,-0.005,0.0123697657994247));
#1801=CARTESIAN_POINT('',(-0.000689293261854295,-0.005,0.0124830304274659));
#1802=CARTESIAN_POINT('',(-0.000638156291662368,-0.005,0.0125548731182727));
#1803=CARTESIAN_POINT('',(-0.000616664998280293,-0.005,0.0125849006464054));
#1804=CARTESIAN_POINT('',(-0.00148898591310246,-0.005,0.00857021535115521));
#1805=CARTESIAN_POINT('',(-0.00234252654928567,-0.005,0.00842164968389816));
#1806=CARTESIAN_POINT('',(-0.0021103544161937,-0.005,0.00758696442841614));
#1807=CARTESIAN_POINT('',(-5.41829430245318E-17,-0.005,1.70266503673822E-16));
#1808=CARTESIAN_POINT('',(-0.00275219321383567,-0.005,0.00737841836125581));
#1809=CARTESIAN_POINT('',(-0.0030549776960223,-0.005,0.00819016027371971));
#1810=CARTESIAN_POINT('',(-0.00383283128429481,-0.005,0.0078086538251305));
#1811=CARTESIAN_POINT('',(-0.00347020273054503,-0.005,0.00706918085841053));
#1812=CARTESIAN_POINT('',(-0.00389521335068474,-0.005,0.00793592254755539));
#1813=CARTESIAN_POINT('',(-0.00434338322669405,-0.005,0.00884989386250381));
#1814=CARTESIAN_POINT('',(-0.00435121783609605,-0.005,0.00886347410026807));
#1815=CARTESIAN_POINT('',(-0.00435666491895876,-0.005,0.008873424451967));
#1816=CARTESIAN_POINT('',(-0.00436336928588779,-0.005,0.00888489962971378));
#1817=CARTESIAN_POINT('',(-0.00437267158092848,-0.005,0.00890022398197718));
#1818=CARTESIAN_POINT('',(-0.00438429451684193,-0.005,0.008918494435317));
#1819=CARTESIAN_POINT('',(-0.00439849640884969,-0.005,0.00893987790221431));
#1820=CARTESIAN_POINT('',(-0.00441536283060005,-0.005,0.00896419819889815));
#1821=CARTESIAN_POINT('',(-0.00443502880428082,-0.005,0.00899137967798609));
#1822=CARTESIAN_POINT('',(-0.00445761073927657,-0.005,0.00902131170430042));
#1823=CARTESIAN_POINT('',(-0.00448322666151037,-0.005,0.00905388929734116));
#1824=CARTESIAN_POINT('',(-0.0045119901049978,-0.005,0.00908900121858252));
#1825=CARTESIAN_POINT('',(-0.00454401176646973,-0.005,0.00912653354669861));
#1826=CARTESIAN_POINT('',(-0.00457939890341703,-0.005,0.00916636874815091));
#1827=CARTESIAN_POINT('',(-0.0046182553879455,-0.005,0.00920838605427678));
#1828=CARTESIAN_POINT('',(-0.00466068157587525,-0.005,0.00925246146755141));
#1829=CARTESIAN_POINT('',(-0.0047067742317414,-0.005,0.00929846787708074));
#1830=CARTESIAN_POINT('',(-0.00475662644104784,-0.005,0.00934627514620375));
#1831=CARTESIAN_POINT('',(-0.00481032752923802,-0.005,0.00939575021089119));
#1832=CARTESIAN_POINT('',(-0.00486796298190823,-0.005,0.00944675717786537));
#1833=CARTESIAN_POINT('',(-0.00492961436784427,-0.005,0.00949915742544231));
#1834=CARTESIAN_POINT('',(-0.00499535926448513,-0.005,0.00955280970615342));
#1835=CARTESIAN_POINT('',(-0.00506527118597571,-0.005,0.00960757025131886));
#1836=CARTESIAN_POINT('',(-0.00513941951381679,-0.005,0.00966329287743591));
#1837=CARTESIAN_POINT('',(-0.00521786943015865,-0.005,0.00971982909433859));
#1838=CARTESIAN_POINT('',(-0.00530068185379307,-0.005,0.00977702821504292));
#1839=CARTESIAN_POINT('',(-0.0053879133788192,-0.005,0.00983473746726768));
#1840=CARTESIAN_POINT('',(-0.00547961621627124,-0.005,0.00989280210635467));
#1841=CARTESIAN_POINT('',(-0.0055758381377868,-0.005,0.00995106553032498));
#1842=CARTESIAN_POINT('',(-0.00567662242502643,-0.005,0.0100093693939226));
#1843=CARTESIAN_POINT('',(-0.00578200781080273,-0.005,0.0100675537333808));
#1844=CARTESIAN_POINT('',(-0.00589202846582416,-0.005,0.0101254570566662));
#1845=CARTESIAN_POINT('',(-0.00600671382507022,-0.005,0.0101829165718907));
#1846=CARTESIAN_POINT('',(-0.00612608904105288,-0.005,0.0102397678936705));
#1847=CARTESIAN_POINT('',(-0.00625017305800566,-0.005,0.0102958467481193));
#1848=CARTESIAN_POINT('',(-0.006378985777486,-0.005,0.0103509830575154));
#1849=CARTESIAN_POINT('',(-0.00651252057358003,-0.005,0.0104050240855647));
#1850=CARTESIAN_POINT('',(-0.00665084886371633,-0.005,0.0104577468470149));
#1851=CARTESIAN_POINT('',(-0.00677969122623441,-0.005,0.010504140170942));
#1852=CARTESIAN_POINT('',(-0.00686328997830177,-0.005,0.0105322045718006));
#1853=CARTESIAN_POINT('',(-0.00689832653807817,-0.005,0.0105438650870564));
#1854=CARTESIAN_POINT('',(-0.00565083890259554,-0.005,0.00548485594130902));
#1855=CARTESIAN_POINT('',(-0.00634382372958842,-0.005,0.00615690297276655));
#1856=CARTESIAN_POINT('',(-0.00707456999632318,-0.005,0.00686557052244267));
#1857=CARTESIAN_POINT('',(-0.0070850645424922,-0.005,0.00687721820302388));
#1858=CARTESIAN_POINT('',(-0.00709284464814055,-0.005,0.00688547351445023));
#1859=CARTESIAN_POINT('',(-0.00710168642739468,-0.005,0.00689539577124295));
#1860=CARTESIAN_POINT('',(-0.00711338618521852,-0.005,0.00690897826483508));
#1861=CARTESIAN_POINT('',(-0.00712717073420125,-0.005,0.00692567821435098));
#1862=CARTESIAN_POINT('',(-0.00714311899375224,-0.005,0.0069457928709586));
#1863=CARTESIAN_POINT('',(-0.00716103695943648,-0.005,0.00696934917625442));
#1864=CARTESIAN_POINT('',(-0.00718081096216731,-0.005,0.00699645216764322));
#1865=CARTESIAN_POINT('',(-0.00720229980915992,-0.005,0.00702717836887868));
#1866=CARTESIAN_POINT('',(-0.0072253671860097,-0.005,0.00706160758852548));
#1867=CARTESIAN_POINT('',(-0.00724987221465157,-0.005,0.00709981342925402));
#1868=CARTESIAN_POINT('',(-0.00727567234229516,-0.005,0.00714186596628582));
#1869=CARTESIAN_POINT('',(-0.00730262264351531,-0.005,0.0071878308876957));
#1870=CARTESIAN_POINT('',(-0.00733057616224252,-0.005,0.00723776966215757));
#1871=CARTESIAN_POINT('',(-0.00735938395816893,-0.005,0.00729173941638568));
#1872=CARTESIAN_POINT('',(-0.00738889523976462,-0.005,0.00734979289949527));
#1873=CARTESIAN_POINT('',(-0.00741895747470751,-0.005,0.00741197842662153));
#1874=CARTESIAN_POINT('',(-0.00744941650850543,-0.005,0.00747833983226316));
#1875=CARTESIAN_POINT('',(-0.00748011668246908,-0.005,0.00754891642472133));
#1876=CARTESIAN_POINT('',(-0.00751090095340161,-0.005,0.00762374294406515));
#1877=CARTESIAN_POINT('',(-0.00754161101423056,-0.005,0.0077028495229553));
#1878=CARTESIAN_POINT('',(-0.00757208741569603,-0.005,0.00778626165053299));
#1879=CARTESIAN_POINT('',(-0.00760216968896235,-0.005,0.00787400013934001));
#1880=CARTESIAN_POINT('',(-0.00763169646909739,-0.005,0.00796608109530035));
#1881=CARTESIAN_POINT('',(-0.00766050561932118,-0.005,0.008062515890789));
#1882=CARTESIAN_POINT('',(-0.00768843435602174,-0.005,0.00816331114076158));
#1883=CARTESIAN_POINT('',(-0.00771531937418667,-0.005,0.00826846868213323));
#1884=CARTESIAN_POINT('',(-0.00774099697423558,-0.005,0.00837798555575835));
#1885=CARTESIAN_POINT('',(-0.0077653031861123,-0.005,0.00849185399356714));
#1886=CARTESIAN_POINT('',(-0.0077880739061367,-0.005,0.00861006140113104));
#1887=CARTESIAN_POINT('',(-0.00780914498692852,-0.005,0.0087325903729422));
#1888=CARTESIAN_POINT('',(-0.00782835250829287,-0.005,0.00885941859786972));
#1889=CARTESIAN_POINT('',(-0.00784553235788574,-0.005,0.00899051919949681));
#1890=CARTESIAN_POINT('',(-0.00786052244786695,-0.005,0.0091258594314376));
#1891=CARTESIAN_POINT('',(-0.00787315487479146,-0.005,0.00926540566429157));
#1892=CARTESIAN_POINT('',(-0.00788328642533161,-0.005,0.00940910439832967));
#1893=CARTESIAN_POINT('',(-0.00789068295871092,-0.005,0.00955695464933025));
#1894=CARTESIAN_POINT('',(-0.00789499115213094,-0.005,0.00969382734329697));
#1895=CARTESIAN_POINT('',(-0.00789584854834607,-0.005,0.00978200685800703));
#1896=CARTESIAN_POINT('',(-0.00789611146496808,-0.005,0.00981893190386814));
#1897=CARTESIAN_POINT('',(-0.00624206110046438,-0.005,0.00605824590394476));
#1898=CARTESIAN_POINT('',(-0.00684526527231551,-0.005,0.00543635515617233));
#1899=CARTESIAN_POINT('',(-0.00616681838754552,-0.005,0.00489754795535792));
#1900=CARTESIAN_POINT('',(-1.43915061530971E-16,-0.005,1.05900560209303E-16));
#1901=CARTESIAN_POINT('',(-0.00656349657978663,-0.005,0.00435156726331207));
#1902=CARTESIAN_POINT('',(-0.00728558429632259,-0.005,0.00483030801228947));
#1903=CARTESIAN_POINT('',(-0.00769063720423537,-0.005,0.00406445194428781));
#1904=CARTESIAN_POINT('',(-0.00696261323729923,-0.005,0.00367935346328476));
#1905=CARTESIAN_POINT('',(-0.00781591203420851,-0.005,0.00413074724495039));
#1906=CARTESIAN_POINT('',(-0.00871570794021199,-0.005,0.00460673792747487));
#1907=CARTESIAN_POINT('',(-0.00873002853584295,-0.005,0.00461311950274984));
#1908=CARTESIAN_POINT('',(-0.00874028398843241,-0.005,0.00461796779139957));
#1909=CARTESIAN_POINT('',(-0.00875245287546152,-0.005,0.00462331067720334));
#1910=CARTESIAN_POINT('',(-0.00876898601849748,-0.005,0.00463024058677482));
#1911=CARTESIAN_POINT('',(-0.00878912827420184,-0.005,0.00463818990370342));
#1912=CARTESIAN_POINT('',(-0.00881318673267352,-0.005,0.00464714182914518));
#1913=CARTESIAN_POINT('',(-0.008841127066226,-0.005,0.00465690352850684));
#1914=CARTESIAN_POINT('',(-0.00887301404568805,-0.005,0.0046673344377197));
#1915=CARTESIAN_POINT('',(-0.00890887681850427,-0.005,0.00467827662732535));
#1916=CARTESIAN_POINT('',(-0.00894874916366254,-0.005,0.00468957579241824));
#1917=CARTESIAN_POINT('',(-0.00899265754774594,-0.005,0.00470107520552059));
#1918=CARTESIAN_POINT('',(-0.0090406245650157,-0.005,0.00471261763643786));
#1919=CARTESIAN_POINT('',(-0.0090926679041241,-0.005,0.00472404495416865));
#1920=CARTESIAN_POINT('',(-0.00914880061333114,-0.005,0.00473519840032056));
#1921=CARTESIAN_POINT('',(-0.00920903099828438,-0.005,0.00474591867111774));
#1922=CARTESIAN_POINT('',(-0.00927336262922824,-0.005,0.00475604605492003));
#1923=CARTESIAN_POINT('',(-0.00934179432150717,-0.005,0.00476542055467068));
#1924=CARTESIAN_POINT('',(-0.00941432012784894,-0.005,0.00477388201513037));
#1925=CARTESIAN_POINT('',(-0.00949092933148923,-0.005,0.00478127024915525));
#1926=CARTESIAN_POINT('',(-0.00957160644318045,-0.005,0.00478742516451786));
#1927=CARTESIAN_POINT('',(-0.00965633120121018,-0.005,0.00479218689074114));
#1928=CARTESIAN_POINT('',(-0.00974507857466121,-0.005,0.00479539590598962));
#1929=CARTESIAN_POINT('',(-0.00983781876983974,-0.005,0.00479689316390238));
#1930=CARTESIAN_POINT('',(-0.0099345172398834,-0.005,0.00479652022030499));
#1931=CARTESIAN_POINT('',(-0.0100351346975431,-0.005,0.00479411935969918));
#1932=CARTESIAN_POINT('',(-0.010139627131113,-0.005,0.00478953372153635));
#1933=CARTESIAN_POINT('',(-0.0102479458235792,-0.005,0.00478260742588229));
#1934=CARTESIAN_POINT('',(-0.0103600373746745,-0.005,0.00477318569961065));
#1935=CARTESIAN_POINT('',(-0.0104758437269917,-0.005,0.00476111499839661));
#1936=CARTESIAN_POINT('',(-0.0105953021916914,-0.005,0.0047462431422583));
#1937=CARTESIAN_POINT('',(-0.0107183454908218,-0.005,0.0047284193963578));
#1938=CARTESIAN_POINT('',(-0.0108449017511107,-0.005,0.00470749475784424));
#1939=CARTESIAN_POINT('',(-0.0109748946980634,-0.005,0.00468332145187296));
#1940=CARTESIAN_POINT('',(-0.011108243100119,-0.005,0.00465575544293709));
#1941=CARTESIAN_POINT('',(-0.011244863088799,-0.005,0.00462464743742738));
#1942=CARTESIAN_POINT('',(-0.0113846595274856,-0.005,0.00458987776370083));
#1943=CARTESIAN_POINT('',(-0.0115275591266493,-0.005,0.00455122404478743));
#1944=CARTESIAN_POINT('',(-0.011659064099131,-0.005,0.00451302539171141));
#1945=CARTESIAN_POINT('',(-0.0117431927512012,-0.005,0.00448659185536771));
#1946=CARTESIAN_POINT('',(-0.0117783918023862,-0.005,0.00447543143724516));
#1947=CARTESIAN_POINT('',(-0.00779554213792506,-0.005,0.00111586189819115));
#1948=CARTESIAN_POINT('',(-0.00875119797374396,-0.005,0.00125223310629067));
#1949=CARTESIAN_POINT('',(-0.00975892845658629,-0.005,0.00139603531858622));
#1950=CARTESIAN_POINT('',(-0.00977426505765433,-0.005,0.00139928995065382));
#1951=CARTESIAN_POINT('',(-0.00978541164565137,-0.005,0.00140139560653022));
#1952=CARTESIAN_POINT('',(-0.00979839695154069,-0.005,0.00140422581344848));
#1953=CARTESIAN_POINT('',(-0.00981584584387306,-0.005,0.00140833733648625));
#1954=CARTESIAN_POINT('',(-0.00983681376229936,-0.005,0.00141374552484828));
#1955=CARTESIAN_POINT('',(-0.00986153927381569,-0.005,0.00142064447211605));
#1956=CARTESIAN_POINT('',(-0.00988988126141026,-0.005,0.00142917000744477));
#1957=CARTESIAN_POINT('',(-0.00992180950429766,-0.005,0.00143947392089274));
#1958=CARTESIAN_POINT('',(-0.00995725475464938,-0.005,0.00145170111251378));
#1959=CARTESIAN_POINT('',(-0.00999615364209283,-0.005,0.00146599627238973));
#1960=CARTESIAN_POINT('',(-0.0100384354564434,-0.005,0.00148250175238081));
#1961=CARTESIAN_POINT('',(-0.0100840260592529,-0.005,0.00150135803495996));
#1962=CARTESIAN_POINT('',(-0.010132846813871,-0.005,0.00152270344792361));
#1963=CARTESIAN_POINT('',(-0.0101848149607202,-0.005,0.00154667409908398));
#1964=CARTESIAN_POINT('',(-0.0102398435828003,-0.005,0.00157340374984017));
#1965=CARTESIAN_POINT('',(-0.010297841692353,-0.005,0.00160302370816029));
#1966=CARTESIAN_POINT('',(-0.0103587142870615,-0.005,0.00163566271805922));
#1967=CARTESIAN_POINT('',(-0.0104223624185938,-0.005,0.00167144685212841));
#1968=CARTESIAN_POINT('',(-0.0104886832612647,-0.005,0.0017104994053335));
#1969=CARTESIAN_POINT('',(-0.0105575701841592,-0.005,0.00175294079065586));
#1970=CARTESIAN_POINT('',(-0.010628912825699,-0.005,0.00179888843649259));
#1971=CARTESIAN_POINT('',(-0.0107025971708645,-0.005,0.00184845668591556));
#1972=CARTESIAN_POINT('',(-0.0107785056309456,-0.005,0.00190175669783985));
#1973=CARTESIAN_POINT('',(-0.0108565171257945,-0.005,0.00195889635015899));
#1974=CARTESIAN_POINT('',(-0.0109365071685151,-0.005,0.00201998014492576));
#1975=CARTESIAN_POINT('',(-0.0110183479525723,-0.005,0.0020851091155581));
#1976=CARTESIAN_POINT('',(-0.0111019084411474,-0.005,0.00215438073642949));
#1977=CARTESIAN_POINT('',(-0.0111870544591557,-0.005,0.00222788883374001));
#1978=CARTESIAN_POINT('',(-0.0112736487860785,-0.005,0.00230572350217002));
#1979=CARTESIAN_POINT('',(-0.0113615512564302,-0.005,0.0023879710103358));
#1980=CARTESIAN_POINT('',(-0.0114506188414897,-0.005,0.00247471376029501));
#1981=CARTESIAN_POINT('',(-0.0115407058128802,-0.005,0.00256603005183673));
#1982=CARTESIAN_POINT('',(-0.0116316636033647,-0.005,0.00266199460429853));
#1983=CARTESIAN_POINT('',(-0.0117233418332833,-0.005,0.00276267619813979));
#1984=CARTESIAN_POINT('',(-0.01181558489903,-0.005,0.00286814631777276));
#1985=CARTESIAN_POINT('',(-0.011908245492237,-0.005,0.0029784458596894));
#1986=CARTESIAN_POINT('',(-0.0120011336105262,-0.005,0.00309371165213302));
#1987=CARTESIAN_POINT('',(-0.0120850707631733,-0.005,0.00320191169506166));
#1988=CARTESIAN_POINT('',(-0.0121375950295831,-0.005,0.00327274645616722));
#1989=CARTESIAN_POINT('',(-0.0121595117309958,-0.005,0.00330246490727393));
#1990=CARTESIAN_POINT('',(-0.00861088110730248,-0.005,0.00123223243363224));
#1991=CARTESIAN_POINT('',(-0.00873334532333014,-0.005,0.000374557733704404));
#1992=CARTESIAN_POINT('',(-0.00786776733730278,-0.005,0.000337434624885524));
#1993=CARTESIAN_POINT('',(-1.78676518025611E-16,-0.005,1.08420217248553E-18));
#1994=CARTESIAN_POINT('',(-0.00786776733730278,-0.005,-0.000337434624885522));
#1995=CARTESIAN_POINT('',(-0.00873334532333014,-0.005,-0.000374557733704402));
#1996=CARTESIAN_POINT('',(-0.00861088110730249,-0.005,-0.00123223243363224));
#1997=CARTESIAN_POINT('',(-0.00779554213792506,-0.005,-0.00111586189819115));
#1998=CARTESIAN_POINT('',(-0.00875119797374396,-0.005,-0.00125223310629066));
#1999=CARTESIAN_POINT('',(-0.00975892845658629,-0.005,-0.00139603531858622));
#2000=CARTESIAN_POINT('',(-0.00977426505765433,-0.005,-0.00139928995065381));
#2001=CARTESIAN_POINT('',(-0.00978541164565137,-0.005,-0.00140139560653022));
#2002=CARTESIAN_POINT('',(-0.00979839695154069,-0.005,-0.00140422581344848));
#2003=CARTESIAN_POINT('',(-0.00981584584387306,-0.005,-0.00140833733648625));
#2004=CARTESIAN_POINT('',(-0.00983681376229936,-0.005,-0.00141374552484827));
#2005=CARTESIAN_POINT('',(-0.00986153927381569,-0.005,-0.00142064447211605));
#2006=CARTESIAN_POINT('',(-0.00988988126141026,-0.005,-0.00142917000744477));
#2007=CARTESIAN_POINT('',(-0.00992180950429766,-0.005,-0.00143947392089274));
#2008=CARTESIAN_POINT('',(-0.00995725475464938,-0.005,-0.00145170111251378));
#2009=CARTESIAN_POINT('',(-0.00999615364209283,-0.005,-0.00146599627238973));
#2010=CARTESIAN_POINT('',(-0.0100384354564434,-0.005,-0.0014825017523808));
#2011=CARTESIAN_POINT('',(-0.0100840260592529,-0.005,-0.00150135803495996));
#2012=CARTESIAN_POINT('',(-0.010132846813871,-0.005,-0.0015227034479236));
#2013=CARTESIAN_POINT('',(-0.0101848149607202,-0.005,-0.00154667409908398));
#2014=CARTESIAN_POINT('',(-0.0102398435828003,-0.005,-0.00157340374984017));
#2015=CARTESIAN_POINT('',(-0.010297841692353,-0.005,-0.00160302370816029));
#2016=CARTESIAN_POINT('',(-0.0103587142870615,-0.005,-0.00163566271805922));
#2017=CARTESIAN_POINT('',(-0.0104223624185938,-0.005,-0.00167144685212841));
#2018=CARTESIAN_POINT('',(-0.0104886832612647,-0.005,-0.00171049940533349));
#2019=CARTESIAN_POINT('',(-0.0105575701841592,-0.005,-0.00175294079065585));
#2020=CARTESIAN_POINT('',(-0.010628912825699,-0.005,-0.00179888843649259));
#2021=CARTESIAN_POINT('',(-0.0107025971708645,-0.005,-0.00184845668591556));
#2022=CARTESIAN_POINT('',(-0.0107785056309456,-0.005,-0.00190175669783984));
#2023=CARTESIAN_POINT('',(-0.0108565171257945,-0.005,-0.00195889635015898));
#2024=CARTESIAN_POINT('',(-0.0109365071685151,-0.005,-0.00201998014492576));
#2025=CARTESIAN_POINT('',(-0.0110183479525723,-0.005,-0.0020851091155581));
#2026=CARTESIAN_POINT('',(-0.0111019084411474,-0.005,-0.00215438073642949));
#2027=CARTESIAN_POINT('',(-0.0111870544591557,-0.005,-0.00222788883374));
#2028=CARTESIAN_POINT('',(-0.0112736487860785,-0.005,-0.00230572350217002));
#2029=CARTESIAN_POINT('',(-0.0113615512564302,-0.005,-0.00238797101033579));
#2030=CARTESIAN_POINT('',(-0.0114506188414897,-0.005,-0.00247471376029501));
#2031=CARTESIAN_POINT('',(-0.0115407058128802,-0.005,-0.00256603005183673));
#2032=CARTESIAN_POINT('',(-0.0116316636033647,-0.005,-0.00266199460429853));
#2033=CARTESIAN_POINT('',(-0.0117233418332833,-0.005,-0.00276267619813978));
#2034=CARTESIAN_POINT('',(-0.01181558489903,-0.005,-0.00286814631777276));
#2035=CARTESIAN_POINT('',(-0.011908245492237,-0.005,-0.0029784458596894));
#2036=CARTESIAN_POINT('',(-0.0120011336105262,-0.005,-0.00309371165213302));
#2037=CARTESIAN_POINT('',(-0.0120850707631733,-0.005,-0.00320191169506166));
#2038=CARTESIAN_POINT('',(-0.0121375950295831,-0.005,-0.00327274645616721));
#2039=CARTESIAN_POINT('',(-0.0121595117309958,-0.005,-0.00330246490727393));
#2040=CARTESIAN_POINT('',(-0.00696261323729923,-0.005,-0.00367935346328476));
#2041=CARTESIAN_POINT('',(-0.00781591203420851,-0.005,-0.00413074724495039));
#2042=CARTESIAN_POINT('',(-0.00871570794021199,-0.005,-0.00460673792747487));
#2043=CARTESIAN_POINT('',(-0.00873002853584296,-0.005,-0.00461311950274984));
#2044=CARTESIAN_POINT('',(-0.00874028398843241,-0.005,-0.00461796779139956));
#2045=CARTESIAN_POINT('',(-0.00875245287546152,-0.005,-0.00462331067720334));
#2046=CARTESIAN_POINT('',(-0.00876898601849749,-0.005,-0.00463024058677482));
#2047=CARTESIAN_POINT('',(-0.00878912827420184,-0.005,-0.00463818990370341));
#2048=CARTESIAN_POINT('',(-0.00881318673267352,-0.005,-0.00464714182914518));
#2049=CARTESIAN_POINT('',(-0.008841127066226,-0.005,-0.00465690352850684));
#2050=CARTESIAN_POINT('',(-0.00887301404568805,-0.005,-0.00466733443771969));
#2051=CARTESIAN_POINT('',(-0.00890887681850427,-0.005,-0.00467827662732534));
#2052=CARTESIAN_POINT('',(-0.00894874916366255,-0.005,-0.00468957579241824));
#2053=CARTESIAN_POINT('',(-0.00899265754774594,-0.005,-0.00470107520552059));
#2054=CARTESIAN_POINT('',(-0.0090406245650157,-0.005,-0.00471261763643786));
#2055=CARTESIAN_POINT('',(-0.00909266790412411,-0.005,-0.00472404495416864));
#2056=CARTESIAN_POINT('',(-0.00914880061333115,-0.005,-0.00473519840032056));
#2057=CARTESIAN_POINT('',(-0.00920903099828438,-0.005,-0.00474591867111774));
#2058=CARTESIAN_POINT('',(-0.00927336262922824,-0.005,-0.00475604605492003));
#2059=CARTESIAN_POINT('',(-0.00934179432150717,-0.005,-0.00476542055467067));
#2060=CARTESIAN_POINT('',(-0.00941432012784895,-0.005,-0.00477388201513037));
#2061=CARTESIAN_POINT('',(-0.00949092933148923,-0.005,-0.00478127024915525));
#2062=CARTESIAN_POINT('',(-0.00957160644318045,-0.005,-0.00478742516451786));
#2063=CARTESIAN_POINT('',(-0.00965633120121018,-0.005,-0.00479218689074113));
#2064=CARTESIAN_POINT('',(-0.00974507857466121,-0.005,-0.00479539590598962));
#2065=CARTESIAN_POINT('',(-0.00983781876983974,-0.005,-0.00479689316390237));
#2066=CARTESIAN_POINT('',(-0.00993451723988341,-0.005,-0.00479652022030499));
#2067=CARTESIAN_POINT('',(-0.0100351346975431,-0.005,-0.00479411935969918));
#2068=CARTESIAN_POINT('',(-0.010139627131113,-0.005,-0.00478953372153634));
#2069=CARTESIAN_POINT('',(-0.0102479458235792,-0.005,-0.00478260742588228));
#2070=CARTESIAN_POINT('',(-0.0103600373746745,-0.005,-0.00477318569961065));
#2071=CARTESIAN_POINT('',(-0.0104758437269917,-0.005,-0.00476111499839661));
#2072=CARTESIAN_POINT('',(-0.0105953021916914,-0.005,-0.0047462431422583));
#2073=CARTESIAN_POINT('',(-0.0107183454908218,-0.005,-0.0047284193963578));
#2074=CARTESIAN_POINT('',(-0.0108449017511107,-0.005,-0.00470749475784423));
#2075=CARTESIAN_POINT('',(-0.0109748946980634,-0.005,-0.00468332145187296));
#2076=CARTESIAN_POINT('',(-0.011108243100119,-0.005,-0.00465575544293708));
#2077=CARTESIAN_POINT('',(-0.011244863088799,-0.005,-0.00462464743742738));
#2078=CARTESIAN_POINT('',(-0.0113846595274856,-0.005,-0.00458987776370083));
#2079=CARTESIAN_POINT('',(-0.0115275591266493,-0.005,-0.00455122404478743));
#2080=CARTESIAN_POINT('',(-0.011659064099131,-0.005,-0.0045130253917114));
#2081=CARTESIAN_POINT('',(-0.0117431927512012,-0.005,-0.00448659185536771));
#2082=CARTESIAN_POINT('',(-0.0117783918023862,-0.005,-0.00447543143724516));
#2083=CARTESIAN_POINT('',(-0.00769063720423536,-0.005,-0.0040644519442878));
#2084=CARTESIAN_POINT('',(-0.00728558429632259,-0.005,-0.00483030801228947));
#2085=CARTESIAN_POINT('',(-0.00656349657978663,-0.005,-0.00435156726331207));
#2086=CARTESIAN_POINT('',(-1.45189617625951E-16,-0.005,-1.04146284243545E-16));
#2087=CARTESIAN_POINT('',(-0.00616681838754552,-0.005,-0.00489754795535792));
#2088=CARTESIAN_POINT('',(-0.00684526527231552,-0.005,-0.00543635515617233));
#2089=CARTESIAN_POINT('',(-0.00624206110046439,-0.005,-0.00605824590394476));
#2090=CARTESIAN_POINT('',(-0.00565083890259554,-0.005,-0.00548485594130902));
#2091=CARTESIAN_POINT('',(-0.00634382372958842,-0.005,-0.00615690297276655));
#2092=CARTESIAN_POINT('',(-0.00707456999632318,-0.005,-0.00686557052244267));
#2093=CARTESIAN_POINT('',(-0.0070850645424922,-0.005,-0.00687721820302387));
#2094=CARTESIAN_POINT('',(-0.00709284464814056,-0.005,-0.00688547351445023));
#2095=CARTESIAN_POINT('',(-0.00710168642739468,-0.005,-0.00689539577124295));
#2096=CARTESIAN_POINT('',(-0.00711338618521852,-0.005,-0.00690897826483508));
#2097=CARTESIAN_POINT('',(-0.00712717073420125,-0.005,-0.00692567821435098));
#2098=CARTESIAN_POINT('',(-0.00714311899375224,-0.005,-0.0069457928709586));
#2099=CARTESIAN_POINT('',(-0.00716103695943648,-0.005,-0.00696934917625442));
#2100=CARTESIAN_POINT('',(-0.00718081096216731,-0.005,-0.00699645216764322));
#2101=CARTESIAN_POINT('',(-0.00720229980915992,-0.005,-0.00702717836887868));
#2102=CARTESIAN_POINT('',(-0.0072253671860097,-0.005,-0.00706160758852547));
#2103=CARTESIAN_POINT('',(-0.00724987221465157,-0.005,-0.00709981342925401));
#2104=CARTESIAN_POINT('',(-0.00727567234229516,-0.005,-0.00714186596628582));
#2105=CARTESIAN_POINT('',(-0.00730262264351532,-0.005,-0.0071878308876957));
#2106=CARTESIAN_POINT('',(-0.00733057616224252,-0.005,-0.00723776966215756));
#2107=CARTESIAN_POINT('',(-0.00735938395816893,-0.005,-0.00729173941638568));
#2108=CARTESIAN_POINT('',(-0.00738889523976463,-0.005,-0.00734979289949526));
#2109=CARTESIAN_POINT('',(-0.00741895747470751,-0.005,-0.00741197842662153));
#2110=CARTESIAN_POINT('',(-0.00744941650850543,-0.005,-0.00747833983226316));
#2111=CARTESIAN_POINT('',(-0.00748011668246909,-0.005,-0.00754891642472133));
#2112=CARTESIAN_POINT('',(-0.00751090095340161,-0.005,-0.00762374294406515));
#2113=CARTESIAN_POINT('',(-0.00754161101423057,-0.005,-0.0077028495229553));
#2114=CARTESIAN_POINT('',(-0.00757208741569603,-0.005,-0.00778626165053299));
#2115=CARTESIAN_POINT('',(-0.00760216968896235,-0.005,-0.00787400013934001));
#2116=CARTESIAN_POINT('',(-0.00763169646909739,-0.005,-0.00796608109530035));
#2117=CARTESIAN_POINT('',(-0.00766050561932118,-0.005,-0.00806251589078899));
#2118=CARTESIAN_POINT('',(-0.00768843435602175,-0.005,-0.00816331114076158));
#2119=CARTESIAN_POINT('',(-0.00771531937418667,-0.005,-0.00826846868213322));
#2120=CARTESIAN_POINT('',(-0.00774099697423558,-0.005,-0.00837798555575834));
#2121=CARTESIAN_POINT('',(-0.0077653031861123,-0.005,-0.00849185399356714));
#2122=CARTESIAN_POINT('',(-0.00778807390613671,-0.005,-0.00861006140113104));
#2123=CARTESIAN_POINT('',(-0.00780914498692852,-0.005,-0.00873259037294219));
#2124=CARTESIAN_POINT('',(-0.00782835250829287,-0.005,-0.00885941859786971));
#2125=CARTESIAN_POINT('',(-0.00784553235788575,-0.005,-0.0089905191994968));
#2126=CARTESIAN_POINT('',(-0.00786052244786696,-0.005,-0.0091258594314376));
#2127=CARTESIAN_POINT('',(-0.00787315487479146,-0.005,-0.00926540566429156));
#2128=CARTESIAN_POINT('',(-0.00788328642533162,-0.005,-0.00940910439832967));
#2129=CARTESIAN_POINT('',(-0.00789068295871092,-0.005,-0.00955695464933025));
#2130=CARTESIAN_POINT('',(-0.00789499115213095,-0.005,-0.00969382734329697));
#2131=CARTESIAN_POINT('',(-0.00789584854834607,-0.005,-0.00978200685800702));
#2132=CARTESIAN_POINT('',(-0.00789611146496809,-0.005,-0.00981893190386814));
#2133=CARTESIAN_POINT('',(-0.00347020273054503,-0.005,-0.00706918085841053));
#2134=CARTESIAN_POINT('',(-0.00389521335068475,-0.005,-0.00793592254755539));
#2135=CARTESIAN_POINT('',(-0.00434338322669405,-0.005,-0.00884989386250381));
#2136=CARTESIAN_POINT('',(-0.00435121783609605,-0.005,-0.00886347410026806));
#2137=CARTESIAN_POINT('',(-0.00435666491895876,-0.005,-0.008873424451967));
#2138=CARTESIAN_POINT('',(-0.00436336928588779,-0.005,-0.00888489962971378));
#2139=CARTESIAN_POINT('',(-0.00437267158092848,-0.005,-0.00890022398197718));
#2140=CARTESIAN_POINT('',(-0.00438429451684193,-0.005,-0.008918494435317));
#2141=CARTESIAN_POINT('',(-0.00439849640884969,-0.005,-0.00893987790221431));
#2142=CARTESIAN_POINT('',(-0.00441536283060006,-0.005,-0.00896419819889815));
#2143=CARTESIAN_POINT('',(-0.00443502880428082,-0.005,-0.00899137967798608));
#2144=CARTESIAN_POINT('',(-0.00445761073927657,-0.005,-0.00902131170430042));
#2145=CARTESIAN_POINT('',(-0.00448322666151037,-0.005,-0.00905388929734116));
#2146=CARTESIAN_POINT('',(-0.0045119901049978,-0.005,-0.00908900121858252));
#2147=CARTESIAN_POINT('',(-0.00454401176646973,-0.005,-0.00912653354669861));
#2148=CARTESIAN_POINT('',(-0.00457939890341704,-0.005,-0.00916636874815091));
#2149=CARTESIAN_POINT('',(-0.00461825538794551,-0.005,-0.00920838605427678));
#2150=CARTESIAN_POINT('',(-0.00466068157587525,-0.005,-0.00925246146755141));
#2151=CARTESIAN_POINT('',(-0.0047067742317414,-0.005,-0.00929846787708074));
#2152=CARTESIAN_POINT('',(-0.00475662644104784,-0.005,-0.00934627514620375));
#2153=CARTESIAN_POINT('',(-0.00481032752923802,-0.005,-0.00939575021089119));
#2154=CARTESIAN_POINT('',(-0.00486796298190824,-0.005,-0.00944675717786537));
#2155=CARTESIAN_POINT('',(-0.00492961436784427,-0.005,-0.00949915742544231));
#2156=CARTESIAN_POINT('',(-0.00499535926448513,-0.005,-0.00955280970615342));
#2157=CARTESIAN_POINT('',(-0.00506527118597571,-0.005,-0.00960757025131886));
#2158=CARTESIAN_POINT('',(-0.00513941951381679,-0.005,-0.00966329287743591));
#2159=CARTESIAN_POINT('',(-0.00521786943015866,-0.005,-0.00971982909433859));
#2160=CARTESIAN_POINT('',(-0.00530068185379307,-0.005,-0.00977702821504292));
#2161=CARTESIAN_POINT('',(-0.00538791337881921,-0.005,-0.00983473746726768));
#2162=CARTESIAN_POINT('',(-0.00547961621627124,-0.005,-0.00989280210635467));
#2163=CARTESIAN_POINT('',(-0.00557583813778681,-0.005,-0.00995106553032498));
#2164=CARTESIAN_POINT('',(-0.00567662242502643,-0.005,-0.0100093693939226));
#2165=CARTESIAN_POINT('',(-0.00578200781080274,-0.005,-0.0100675537333808));
#2166=CARTESIAN_POINT('',(-0.00589202846582416,-0.005,-0.0101254570566662));
#2167=CARTESIAN_POINT('',(-0.00600671382507022,-0.005,-0.0101829165718906));
#2168=CARTESIAN_POINT('',(-0.00612608904105288,-0.005,-0.0102397678936705));
#2169=CARTESIAN_POINT('',(-0.00625017305800567,-0.005,-0.0102958467481193));
#2170=CARTESIAN_POINT('',(-0.006378985777486,-0.005,-0.0103509830575154));
#2171=CARTESIAN_POINT('',(-0.00651252057358003,-0.005,-0.0104050240855647));
#2172=CARTESIAN_POINT('',(-0.00665084886371633,-0.005,-0.0104577468470149));
#2173=CARTESIAN_POINT('',(-0.00677969122623441,-0.005,-0.010504140170942));
#2174=CARTESIAN_POINT('',(-0.00686328997830177,-0.005,-0.0105322045718006));
#2175=CARTESIAN_POINT('',(-0.00689832653807818,-0.005,-0.0105438650870564));
#2176=CARTESIAN_POINT('',(-0.0038328312842948,-0.005,-0.00780865382513049));
#2177=CARTESIAN_POINT('',(-0.0030549776960223,-0.005,-0.00819016027371971));
#2178=CARTESIAN_POINT('',(-0.00275219321383567,-0.005,-0.00737841836125581));
#2179=CARTESIAN_POINT('',(-5.62452181067792E-17,-0.005,-1.69596429880549E-16));
#2180=CARTESIAN_POINT('',(-0.0021103544161937,-0.005,-0.00758696442841614));
#2181=CARTESIAN_POINT('',(-0.00234252654928567,-0.005,-0.00842164968389816));
#2182=CARTESIAN_POINT('',(-0.00148898591310246,-0.005,-0.00857021535115522));
#2183=CARTESIAN_POINT('',(-0.00134770727142468,-0.005,-0.00775882143824364));
#2184=CARTESIAN_POINT('',(-0.00151332443936823,-0.005,-0.00870984516908088));
#2185=CARTESIAN_POINT('',(-0.00168796625325484,-0.005,-0.00971269113888538));
#2186=CARTESIAN_POINT('',(-0.00168961018458478,-0.005,-0.00972828284988829));
#2187=CARTESIAN_POINT('',(-0.00169105207196283,-0.005,-0.00973953456848745));
#2188=CARTESIAN_POINT('',(-0.00169237306542771,-0.005,-0.00975275891030491));
#2189=CARTESIAN_POINT('',(-0.00169385477891446,-0.005,-0.00977062432355118));
#2190=CARTESIAN_POINT('',(-0.0016951907292618,-0.005,-0.00979223722111629));
#2191=CARTESIAN_POINT('',(-0.00169627004376037,-0.005,-0.00981788447191168));
#2192=CARTESIAN_POINT('',(-0.00169691993365216,-0.005,-0.00984747383920096));
#2193=CARTESIAN_POINT('',(-0.00169698669927688,-0.005,-0.00988102348701687));
#2194=CARTESIAN_POINT('',(-0.00169631113373825,-0.005,-0.00991851233333997));
#2195=CARTESIAN_POINT('',(-0.00169473604606905,-0.005,-0.00995992482105867));
#2196=CARTESIAN_POINT('',(-0.0016921042009563,-0.005,-0.0100052376899351));
#2197=CARTESIAN_POINT('',(-0.00168825908158823,-0.005,-0.0100544238415866));
#2198=CARTESIAN_POINT('',(-0.00168304483035135,-0.005,-0.0101074512337544));
#2199=CARTESIAN_POINT('',(-0.00167630642690799,-0.005,-0.0101642832170298));
#2200=CARTESIAN_POINT('',(-0.0016678897977778,-0.005,-0.0102248784629792));
#2201=CARTESIAN_POINT('',(-0.00165764194489849,-0.005,-0.0102891910134957));
#2202=CARTESIAN_POINT('',(-0.00164541106810532,-0.005,-0.0103571703000954));
#2203=CARTESIAN_POINT('',(-0.00163104668852252,-0.005,-0.0104287611758956));
#2204=CARTESIAN_POINT('',(-0.00161439977078542,-0.005,-0.0105039039480979));
#2205=CARTESIAN_POINT('',(-0.00159532284457861,-0.005,-0.0105825344143337));
#2206=CARTESIAN_POINT('',(-0.00157367012525657,-0.005,-0.010664583901875));
#2207=CARTESIAN_POINT('',(-0.00154929763351702,-0.005,-0.0107499793099467));
#2208=CARTESIAN_POINT('',(-0.00152206331403971,-0.005,-0.0108386431550337));
#2209=CARTESIAN_POINT('',(-0.00149182715302766,-0.005,-0.010930493619175));
#2210=CARTESIAN_POINT('',(-0.00145845129455613,-0.005,-0.011025444601207));
#2211=CARTESIAN_POINT('',(-0.00142180015574329,-0.005,-0.0111234057709348));
#2212=CARTESIAN_POINT('',(-0.00138174054034721,-0.005,-0.0112242826261761));
#2213=CARTESIAN_POINT('',(-0.00133814175196752,-0.005,-0.0113279765527327));
#2214=CARTESIAN_POINT('',(-0.00129087570199907,-0.005,-0.0114343848869231));
#2215=CARTESIAN_POINT('',(-0.00123981703059518,-0.005,-0.0115434009819178));
#2216=CARTESIAN_POINT('',(-0.00118484317043645,-0.005,-0.0116549142729556));
#2217=CARTESIAN_POINT('',(-0.0011258346214532,-0.005,-0.0117688103600794));
#2218=CARTESIAN_POINT('',(-0.00106267441153157,-0.005,-0.0118849710369958));
#2219=CARTESIAN_POINT('',(-0.000995250656696934,-0.005,-0.01200327453848));
#2220=CARTESIAN_POINT('',(-0.000923447287074525,-0.005,-0.0121235949666068));
#2221=CARTESIAN_POINT('',(-0.000847179887000184,-0.005,-0.0122458048605041));
#2222=CARTESIAN_POINT('',(-0.000766259611117622,-0.005,-0.0123697657994246));
#2223=CARTESIAN_POINT('',(-0.000689293261854298,-0.005,-0.0124830304274659));
#2224=CARTESIAN_POINT('',(-0.000638156291662371,-0.005,-0.0125548731182727));
#2225=CARTESIAN_POINT('',(-0.000616664998280296,-0.005,-0.0125849006464054));
#2226=CARTESIAN_POINT('',(0.00134770727142468,-0.005,-0.00775882143824364));
#2227=CARTESIAN_POINT('',(0.00151332443936822,-0.005,-0.00870984516908088));
#2228=CARTESIAN_POINT('',(0.00168796625325483,-0.005,-0.00971269113888538));
#2229=CARTESIAN_POINT('',(0.00168961018458478,-0.005,-0.00972828284988829));
#2230=CARTESIAN_POINT('',(0.00169105207196283,-0.005,-0.00973953456848745));
#2231=CARTESIAN_POINT('',(0.00169237306542771,-0.005,-0.00975275891030491));
#2232=CARTESIAN_POINT('',(0.00169385477891446,-0.005,-0.00977062432355118));
#2233=CARTESIAN_POINT('',(0.0016951907292618,-0.005,-0.00979223722111629));
#2234=CARTESIAN_POINT('',(0.00169627004376037,-0.005,-0.00981788447191168));
#2235=CARTESIAN_POINT('',(0.00169691993365216,-0.005,-0.00984747383920096));
#2236=CARTESIAN_POINT('',(0.00169698669927688,-0.005,-0.00988102348701687));
#2237=CARTESIAN_POINT('',(0.00169631113373824,-0.005,-0.00991851233333997));
#2238=CARTESIAN_POINT('',(0.00169473604606905,-0.005,-0.00995992482105867));
#2239=CARTESIAN_POINT('',(0.0016921042009563,-0.005,-0.0100052376899351));
#2240=CARTESIAN_POINT('',(0.00168825908158822,-0.005,-0.0100544238415866));
#2241=CARTESIAN_POINT('',(0.00168304483035135,-0.005,-0.0101074512337544));
#2242=CARTESIAN_POINT('',(0.00167630642690799,-0.005,-0.0101642832170298));
#2243=CARTESIAN_POINT('',(0.0016678897977778,-0.005,-0.0102248784629792));
#2244=CARTESIAN_POINT('',(0.00165764194489848,-0.005,-0.0102891910134957));
#2245=CARTESIAN_POINT('',(0.00164541106810531,-0.005,-0.0103571703000954));
#2246=CARTESIAN_POINT('',(0.00163104668852252,-0.005,-0.0104287611758956));
#2247=CARTESIAN_POINT('',(0.00161439977078542,-0.005,-0.0105039039480979));
#2248=CARTESIAN_POINT('',(0.0015953228445786,-0.005,-0.0105825344143337));
#2249=CARTESIAN_POINT('',(0.00157367012525657,-0.005,-0.010664583901875));
#2250=CARTESIAN_POINT('',(0.00154929763351702,-0.005,-0.0107499793099467));
#2251=CARTESIAN_POINT('',(0.00152206331403971,-0.005,-0.0108386431550337));
#2252=CARTESIAN_POINT('',(0.00149182715302765,-0.005,-0.010930493619175));
#2253=CARTESIAN_POINT('',(0.00145845129455613,-0.005,-0.011025444601207));
#2254=CARTESIAN_POINT('',(0.00142180015574329,-0.005,-0.0111234057709348));
#2255=CARTESIAN_POINT('',(0.00138174054034721,-0.005,-0.0112242826261761));
#2256=CARTESIAN_POINT('',(0.00133814175196751,-0.005,-0.0113279765527327));
#2257=CARTESIAN_POINT('',(0.00129087570199907,-0.005,-0.0114343848869231));
#2258=CARTESIAN_POINT('',(0.00123981703059518,-0.005,-0.0115434009819178));
#2259=CARTESIAN_POINT('',(0.00118484317043645,-0.005,-0.0116549142729556));
#2260=CARTESIAN_POINT('',(0.0011258346214532,-0.005,-0.0117688103600794));
#2261=CARTESIAN_POINT('',(0.00106267441153156,-0.005,-0.0118849710369958));
#2262=CARTESIAN_POINT('',(0.00099525065669693,-0.005,-0.01200327453848));
#2263=CARTESIAN_POINT('',(0.00092344728707452,-0.005,-0.0121235949666068));
#2264=CARTESIAN_POINT('',(0.00084717988700018,-0.005,-0.0122458048605041));
#2265=CARTESIAN_POINT('',(0.000766259611117618,-0.005,-0.0123697657994247));
#2266=CARTESIAN_POINT('',(0.000689293261854294,-0.005,-0.0124830304274659));
#2267=CARTESIAN_POINT('',(0.000638156291662367,-0.005,-0.0125548731182727));
#2268=CARTESIAN_POINT('',(0.000616664998280292,-0.005,-0.0125849006464054));
#2269=CARTESIAN_POINT('',(0.00148898591310246,-0.005,-0.00857021535115521));
#2270=CARTESIAN_POINT('',(0.00234252654928567,-0.005,-0.00842164968389816));
#2271=CARTESIAN_POINT('',(0.0021103544161937,-0.005,-0.00758696442841614));
#2272=CARTESIAN_POINT('',(5.41829430245317E-17,-0.005,-1.70266503673822E-16));
#2273=CARTESIAN_POINT('',(0.00275219321383567,-0.005,-0.00737841836125581));
#2274=CARTESIAN_POINT('',(0.0030549776960223,-0.005,-0.00819016027371971));
#2275=CARTESIAN_POINT('',(0.00383283128429481,-0.005,-0.0078086538251305));
#2276=CARTESIAN_POINT('',(0.00347020273054503,-0.005,-0.00706918085841053));
#2277=CARTESIAN_POINT('',(0.00389521335068474,-0.005,-0.00793592254755539));
#2278=CARTESIAN_POINT('',(0.00434338322669405,-0.005,-0.00884989386250381));
#2279=CARTESIAN_POINT('',(0.00435121783609605,-0.005,-0.00886347410026807));
#2280=CARTESIAN_POINT('',(0.00435666491895876,-0.005,-0.008873424451967));
#2281=CARTESIAN_POINT('',(0.00436336928588779,-0.005,-0.00888489962971378));
#2282=CARTESIAN_POINT('',(0.00437267158092848,-0.005,-0.00890022398197718));
#2283=CARTESIAN_POINT('',(0.00438429451684192,-0.005,-0.008918494435317));
#2284=CARTESIAN_POINT('',(0.00439849640884969,-0.005,-0.00893987790221431));
#2285=CARTESIAN_POINT('',(0.00441536283060005,-0.005,-0.00896419819889815));
#2286=CARTESIAN_POINT('',(0.00443502880428082,-0.005,-0.00899137967798609));
#2287=CARTESIAN_POINT('',(0.00445761073927656,-0.005,-0.00902131170430042));
#2288=CARTESIAN_POINT('',(0.00448322666151036,-0.005,-0.00905388929734116));
#2289=CARTESIAN_POINT('',(0.0045119901049978,-0.005,-0.00908900121858252));
#2290=CARTESIAN_POINT('',(0.00454401176646973,-0.005,-0.00912653354669861));
#2291=CARTESIAN_POINT('',(0.00457939890341703,-0.005,-0.00916636874815092));
#2292=CARTESIAN_POINT('',(0.0046182553879455,-0.005,-0.00920838605427678));
#2293=CARTESIAN_POINT('',(0.00466068157587525,-0.005,-0.00925246146755141));
#2294=CARTESIAN_POINT('',(0.0047067742317414,-0.005,-0.00929846787708074));
#2295=CARTESIAN_POINT('',(0.00475662644104784,-0.005,-0.00934627514620375));
#2296=CARTESIAN_POINT('',(0.00481032752923802,-0.005,-0.00939575021089119));
#2297=CARTESIAN_POINT('',(0.00486796298190823,-0.005,-0.00944675717786537));
#2298=CARTESIAN_POINT('',(0.00492961436784426,-0.005,-0.00949915742544231));
#2299=CARTESIAN_POINT('',(0.00499535926448512,-0.005,-0.00955280970615342));
#2300=CARTESIAN_POINT('',(0.0050652711859757,-0.005,-0.00960757025131886));
#2301=CARTESIAN_POINT('',(0.00513941951381679,-0.005,-0.00966329287743591));
#2302=CARTESIAN_POINT('',(0.00521786943015865,-0.005,-0.00971982909433859));
#2303=CARTESIAN_POINT('',(0.00530068185379307,-0.005,-0.00977702821504292));
#2304=CARTESIAN_POINT('',(0.0053879133788192,-0.005,-0.00983473746726768));
#2305=CARTESIAN_POINT('',(0.00547961621627124,-0.005,-0.00989280210635467));
#2306=CARTESIAN_POINT('',(0.0055758381377868,-0.005,-0.00995106553032498));
#2307=CARTESIAN_POINT('',(0.00567662242502643,-0.005,-0.0100093693939226));
#2308=CARTESIAN_POINT('',(0.00578200781080273,-0.005,-0.0100675537333808));
#2309=CARTESIAN_POINT('',(0.00589202846582416,-0.005,-0.0101254570566662));
#2310=CARTESIAN_POINT('',(0.00600671382507022,-0.005,-0.0101829165718907));
#2311=CARTESIAN_POINT('',(0.00612608904105288,-0.005,-0.0102397678936705));
#2312=CARTESIAN_POINT('',(0.00625017305800566,-0.005,-0.0102958467481193));
#2313=CARTESIAN_POINT('',(0.00637898577748599,-0.005,-0.0103509830575154));
#2314=CARTESIAN_POINT('',(0.00651252057358002,-0.005,-0.0104050240855647));
#2315=CARTESIAN_POINT('',(0.00665084886371633,-0.005,-0.0104577468470149));
#2316=CARTESIAN_POINT('',(0.00677969122623441,-0.005,-0.010504140170942));
#2317=CARTESIAN_POINT('',(0.00686328997830176,-0.005,-0.0105322045718006));
#2318=CARTESIAN_POINT('',(0.00689832653807817,-0.005,-0.0105438650870564));
#2319=CARTESIAN_POINT('',(0.00565083890259554,-0.005,-0.00548485594130902));
#2320=CARTESIAN_POINT('',(0.00634382372958842,-0.005,-0.00615690297276655));
#2321=CARTESIAN_POINT('',(0.00707456999632318,-0.005,-0.00686557052244267));
#2322=CARTESIAN_POINT('',(0.0070850645424922,-0.005,-0.00687721820302388));
#2323=CARTESIAN_POINT('',(0.00709284464814055,-0.005,-0.00688547351445023));
#2324=CARTESIAN_POINT('',(0.00710168642739468,-0.005,-0.00689539577124295));
#2325=CARTESIAN_POINT('',(0.00711338618521852,-0.005,-0.00690897826483508));
#2326=CARTESIAN_POINT('',(0.00712717073420125,-0.005,-0.00692567821435098));
#2327=CARTESIAN_POINT('',(0.00714311899375223,-0.005,-0.0069457928709586));
#2328=CARTESIAN_POINT('',(0.00716103695943648,-0.005,-0.00696934917625442));
#2329=CARTESIAN_POINT('',(0.00718081096216731,-0.005,-0.00699645216764322));
#2330=CARTESIAN_POINT('',(0.00720229980915992,-0.005,-0.00702717836887868));
#2331=CARTESIAN_POINT('',(0.0072253671860097,-0.005,-0.00706160758852548));
#2332=CARTESIAN_POINT('',(0.00724987221465157,-0.005,-0.00709981342925402));
#2333=CARTESIAN_POINT('',(0.00727567234229516,-0.005,-0.00714186596628582));
#2334=CARTESIAN_POINT('',(0.00730262264351531,-0.005,-0.0071878308876957));
#2335=CARTESIAN_POINT('',(0.00733057616224252,-0.005,-0.00723776966215757));
#2336=CARTESIAN_POINT('',(0.00735938395816893,-0.005,-0.00729173941638568));
#2337=CARTESIAN_POINT('',(0.00738889523976462,-0.005,-0.00734979289949527));
#2338=CARTESIAN_POINT('',(0.00741895747470751,-0.005,-0.00741197842662153));
#2339=CARTESIAN_POINT('',(0.00744941650850543,-0.005,-0.00747833983226316));
#2340=CARTESIAN_POINT('',(0.00748011668246908,-0.005,-0.00754891642472133));
#2341=CARTESIAN_POINT('',(0.00751090095340161,-0.005,-0.00762374294406515));
#2342=CARTESIAN_POINT('',(0.00754161101423056,-0.005,-0.0077028495229553));
#2343=CARTESIAN_POINT('',(0.00757208741569603,-0.005,-0.00778626165053299));
#2344=CARTESIAN_POINT('',(0.00760216968896235,-0.005,-0.00787400013934001));
#2345=CARTESIAN_POINT('',(0.00763169646909739,-0.005,-0.00796608109530035));
#2346=CARTESIAN_POINT('',(0.00766050561932118,-0.005,-0.008062515890789));
#2347=CARTESIAN_POINT('',(0.00768843435602174,-0.005,-0.00816331114076158));
#2348=CARTESIAN_POINT('',(0.00771531937418667,-0.005,-0.00826846868213323));
#2349=CARTESIAN_POINT('',(0.00774099697423558,-0.005,-0.00837798555575835));
#2350=CARTESIAN_POINT('',(0.0077653031861123,-0.005,-0.00849185399356715));
#2351=CARTESIAN_POINT('',(0.0077880739061367,-0.005,-0.00861006140113104));
#2352=CARTESIAN_POINT('',(0.00780914498692852,-0.005,-0.0087325903729422));
#2353=CARTESIAN_POINT('',(0.00782835250829287,-0.005,-0.00885941859786972));
#2354=CARTESIAN_POINT('',(0.00784553235788574,-0.005,-0.00899051919949681));
#2355=CARTESIAN_POINT('',(0.00786052244786695,-0.005,-0.0091258594314376));
#2356=CARTESIAN_POINT('',(0.00787315487479146,-0.005,-0.00926540566429157));
#2357=CARTESIAN_POINT('',(0.00788328642533161,-0.005,-0.00940910439832967));
#2358=CARTESIAN_POINT('',(0.00789068295871092,-0.005,-0.00955695464933025));
#2359=CARTESIAN_POINT('',(0.00789499115213094,-0.005,-0.00969382734329697));
#2360=CARTESIAN_POINT('',(0.00789584854834607,-0.005,-0.00978200685800703));
#2361=CARTESIAN_POINT('',(0.00789611146496808,-0.005,-0.00981893190386814));
#2362=CARTESIAN_POINT('',(0.00624206110046438,-0.005,-0.00605824590394476));
#2363=CARTESIAN_POINT('',(0.00684526527231551,-0.005,-0.00543635515617233));
#2364=CARTESIAN_POINT('',(0.00616681838754552,-0.005,-0.00489754795535792));
#2365=CARTESIAN_POINT('',(1.43915061530971E-16,-0.005,-1.05900560209303E-16));
#2366=CARTESIAN_POINT('',(0.00656349657978663,-0.005,-0.00435156726331207));
#2367=CARTESIAN_POINT('',(0.00728558429632259,-0.005,-0.00483030801228947));
#2368=CARTESIAN_POINT('',(0.00769063720423537,-0.005,-0.00406445194428781));
#2369=CARTESIAN_POINT('',(0.00696261323729923,-0.005,-0.00367935346328476));
#2370=CARTESIAN_POINT('',(0.00781591203420851,-0.005,-0.00413074724495039));
#2371=CARTESIAN_POINT('',(0.00871570794021199,-0.005,-0.00460673792747487));
#2372=CARTESIAN_POINT('',(0.00873002853584295,-0.005,-0.00461311950274984));
#2373=CARTESIAN_POINT('',(0.00874028398843241,-0.005,-0.00461796779139957));
#2374=CARTESIAN_POINT('',(0.00875245287546152,-0.005,-0.00462331067720334));
#2375=CARTESIAN_POINT('',(0.00876898601849748,-0.005,-0.00463024058677483));
#2376=CARTESIAN_POINT('',(0.00878912827420184,-0.005,-0.00463818990370342));
#2377=CARTESIAN_POINT('',(0.00881318673267352,-0.005,-0.00464714182914518));
#2378=CARTESIAN_POINT('',(0.008841127066226,-0.005,-0.00465690352850684));
#2379=CARTESIAN_POINT('',(0.00887301404568805,-0.005,-0.0046673344377197));
#2380=CARTESIAN_POINT('',(0.00890887681850427,-0.005,-0.00467827662732535));
#2381=CARTESIAN_POINT('',(0.00894874916366254,-0.005,-0.00468957579241824));
#2382=CARTESIAN_POINT('',(0.00899265754774594,-0.005,-0.00470107520552059));
#2383=CARTESIAN_POINT('',(0.0090406245650157,-0.005,-0.00471261763643786));
#2384=CARTESIAN_POINT('',(0.0090926679041241,-0.005,-0.00472404495416865));
#2385=CARTESIAN_POINT('',(0.00914880061333114,-0.005,-0.00473519840032056));
#2386=CARTESIAN_POINT('',(0.00920903099828438,-0.005,-0.00474591867111775));
#2387=CARTESIAN_POINT('',(0.00927336262922824,-0.005,-0.00475604605492003));
#2388=CARTESIAN_POINT('',(0.00934179432150717,-0.005,-0.00476542055467068));
#2389=CARTESIAN_POINT('',(0.00941432012784894,-0.005,-0.00477388201513037));
#2390=CARTESIAN_POINT('',(0.00949092933148923,-0.005,-0.00478127024915525));
#2391=CARTESIAN_POINT('',(0.00957160644318045,-0.005,-0.00478742516451786));
#2392=CARTESIAN_POINT('',(0.00965633120121018,-0.005,-0.00479218689074114));
#2393=CARTESIAN_POINT('',(0.00974507857466121,-0.005,-0.00479539590598962));
#2394=CARTESIAN_POINT('',(0.00983781876983974,-0.005,-0.00479689316390238));
#2395=CARTESIAN_POINT('',(0.0099345172398834,-0.005,-0.00479652022030499));
#2396=CARTESIAN_POINT('',(0.0100351346975431,-0.005,-0.00479411935969919));
#2397=CARTESIAN_POINT('',(0.010139627131113,-0.005,-0.00478953372153635));
#2398=CARTESIAN_POINT('',(0.0102479458235792,-0.005,-0.00478260742588229));
#2399=CARTESIAN_POINT('',(0.0103600373746745,-0.005,-0.00477318569961065));
#2400=CARTESIAN_POINT('',(0.0104758437269917,-0.005,-0.00476111499839661));
#2401=CARTESIAN_POINT('',(0.0105953021916914,-0.005,-0.0047462431422583));
#2402=CARTESIAN_POINT('',(0.0107183454908218,-0.005,-0.00472841939635781));
#2403=CARTESIAN_POINT('',(0.0108449017511107,-0.005,-0.00470749475784424));
#2404=CARTESIAN_POINT('',(0.0109748946980634,-0.005,-0.00468332145187296));
#2405=CARTESIAN_POINT('',(0.011108243100119,-0.005,-0.00465575544293709));
#2406=CARTESIAN_POINT('',(0.011244863088799,-0.005,-0.00462464743742738));
#2407=CARTESIAN_POINT('',(0.0113846595274856,-0.005,-0.00458987776370083));
#2408=CARTESIAN_POINT('',(0.0115275591266493,-0.005,-0.00455122404478743));
#2409=CARTESIAN_POINT('',(0.011659064099131,-0.005,-0.00451302539171141));
#2410=CARTESIAN_POINT('',(0.0117431927512012,-0.005,-0.00448659185536771));
#2411=CARTESIAN_POINT('',(0.0117783918023862,-0.005,-0.00447543143724516));
#2412=CARTESIAN_POINT('',(0.0117783918023862,-0.005,-0.00447543143724516));
#2413=CARTESIAN_POINT('',(0.,-0.005,7.71527483462833E-19));
#2414=CARTESIAN_POINT('',(0.0121595117309958,-0.005,-0.00330246490727393));
#2415=CARTESIAN_POINT('',(0.00779554213792506,-0.005,-0.00111586189819115));
#2416=CARTESIAN_POINT('',(0.00875119797374396,-0.005,-0.00125223310629067));
#2417=CARTESIAN_POINT('',(0.00975892845658629,-0.005,-0.00139603531858622));
#2418=CARTESIAN_POINT('',(0.00977426505765433,-0.005,-0.00139928995065382));
#2419=CARTESIAN_POINT('',(0.00978541164565137,-0.005,-0.00140139560653022));
#2420=CARTESIAN_POINT('',(0.00979839695154069,-0.005,-0.00140422581344848));
#2421=CARTESIAN_POINT('',(0.00981584584387306,-0.005,-0.00140833733648625));
#2422=CARTESIAN_POINT('',(0.00983681376229936,-0.005,-0.00141374552484827));
#2423=CARTESIAN_POINT('',(0.00986153927381569,-0.005,-0.00142064447211605));
#2424=CARTESIAN_POINT('',(0.00988988126141026,-0.005,-0.00142917000744477));
#2425=CARTESIAN_POINT('',(0.00992180950429766,-0.005,-0.00143947392089274));
#2426=CARTESIAN_POINT('',(0.00995725475464938,-0.005,-0.00145170111251378));
#2427=CARTESIAN_POINT('',(0.00999615364209283,-0.005,-0.00146599627238973));
#2428=CARTESIAN_POINT('',(0.0100384354564434,-0.005,-0.0014825017523808));
#2429=CARTESIAN_POINT('',(0.0100840260592529,-0.005,-0.00150135803495996));
#2430=CARTESIAN_POINT('',(0.010132846813871,-0.005,-0.0015227034479236));
#2431=CARTESIAN_POINT('',(0.0101848149607202,-0.005,-0.00154667409908398));
#2432=CARTESIAN_POINT('',(0.0102398435828003,-0.005,-0.00157340374984017));
#2433=CARTESIAN_POINT('',(0.010297841692353,-0.005,-0.00160302370816029));
#2434=CARTESIAN_POINT('',(0.0103587142870615,-0.005,-0.00163566271805922));
#2435=CARTESIAN_POINT('',(0.0104223624185938,-0.005,-0.00167144685212841));
#2436=CARTESIAN_POINT('',(0.0104886832612647,-0.005,-0.00171049940533349));
#2437=CARTESIAN_POINT('',(0.0105575701841592,-0.005,-0.00175294079065585));
#2438=CARTESIAN_POINT('',(0.010628912825699,-0.005,-0.00179888843649259));
#2439=CARTESIAN_POINT('',(0.0107025971708645,-0.005,-0.00184845668591556));
#2440=CARTESIAN_POINT('',(0.0107785056309456,-0.005,-0.00190175669783985));
#2441=CARTESIAN_POINT('',(0.0108565171257945,-0.005,-0.00195889635015899));
#2442=CARTESIAN_POINT('',(0.0109365071685151,-0.005,-0.00201998014492576));
#2443=CARTESIAN_POINT('',(0.0110183479525723,-0.005,-0.0020851091155581));
#2444=CARTESIAN_POINT('',(0.0111019084411474,-0.005,-0.00215438073642949));
#2445=CARTESIAN_POINT('',(0.0111870544591557,-0.005,-0.00222788883374));
#2446=CARTESIAN_POINT('',(0.0112736487860785,-0.005,-0.00230572350217002));
#2447=CARTESIAN_POINT('',(0.0113615512564302,-0.005,-0.0023879710103358));
#2448=CARTESIAN_POINT('',(0.0114506188414897,-0.005,-0.00247471376029501));
#2449=CARTESIAN_POINT('',(0.0115407058128802,-0.005,-0.00256603005183673));
#2450=CARTESIAN_POINT('',(0.0116316636033647,-0.005,-0.00266199460429853));
#2451=CARTESIAN_POINT('',(0.0117233418332833,-0.005,-0.00276267619813979));
#2452=CARTESIAN_POINT('',(0.01181558489903,-0.005,-0.00286814631777276));
#2453=CARTESIAN_POINT('',(0.011908245492237,-0.005,-0.0029784458596894));
#2454=CARTESIAN_POINT('',(0.0120011336105262,-0.005,-0.00309371165213302));
#2455=CARTESIAN_POINT('',(0.0120850707631733,-0.005,-0.00320191169506166));
#2456=CARTESIAN_POINT('',(0.0121375950295831,-0.005,-0.00327274645616722));
#2457=CARTESIAN_POINT('',(0.0121595117309958,-0.005,-0.00330246490727393));
#2458=CARTESIAN_POINT('',(0.00861088110730248,-0.005,-0.00123223243363224));
#2459=CARTESIAN_POINT('',(0.00873334532333014,-0.005,-0.000374557733704402));
#2460=CARTESIAN_POINT('',(0.00786776733730278,-0.005,-0.000337434624885523));
#2461=CARTESIAN_POINT('',(1.78676518025611E-16,-0.005,-1.0842021724855E-18));
#2462=CARTESIAN_POINT('',(0.00786776733730278,-0.005,0.000337434624885523));
#2463=CARTESIAN_POINT('',(0.00873334532333014,-0.005,0.000374557733704403));
#2464=CARTESIAN_POINT('',(0.00861088110730249,-0.005,0.00123223243363224));
#2465=CARTESIAN_POINT('',(0.00779554213792506,-0.005,0.00111586189819115));
#2466=CARTESIAN_POINT('',(0.00875119797374396,-0.005,0.00125223310629067));
#2467=CARTESIAN_POINT('',(0.00975892845658629,-0.005,0.00139603531858622));
#2468=CARTESIAN_POINT('',(0.00977426505765433,-0.005,0.00139928995065382));
#2469=CARTESIAN_POINT('',(0.00978541164565137,-0.005,0.00140139560653022));
#2470=CARTESIAN_POINT('',(0.00979839695154069,-0.005,0.00140422581344848));
#2471=CARTESIAN_POINT('',(0.00981584584387306,-0.005,0.00140833733648625));
#2472=CARTESIAN_POINT('',(0.00983681376229936,-0.005,0.00141374552484827));
#2473=CARTESIAN_POINT('',(0.00986153927381569,-0.005,0.00142064447211605));
#2474=CARTESIAN_POINT('',(0.00988988126141026,-0.005,0.00142917000744477));
#2475=CARTESIAN_POINT('',(0.00992180950429766,-0.005,0.00143947392089274));
#2476=CARTESIAN_POINT('',(0.00995725475464938,-0.005,0.00145170111251378));
#2477=CARTESIAN_POINT('',(0.00999615364209283,-0.005,0.00146599627238973));
#2478=CARTESIAN_POINT('',(0.0100384354564434,-0.005,0.0014825017523808));
#2479=CARTESIAN_POINT('',(0.0100840260592529,-0.005,0.00150135803495996));
#2480=CARTESIAN_POINT('',(0.010132846813871,-0.005,0.0015227034479236));
#2481=CARTESIAN_POINT('',(0.0101848149607202,-0.005,0.00154667409908398));
#2482=CARTESIAN_POINT('',(0.0102398435828003,-0.005,0.00157340374984017));
#2483=CARTESIAN_POINT('',(0.010297841692353,-0.005,0.00160302370816029));
#2484=CARTESIAN_POINT('',(0.0103587142870615,-0.005,0.00163566271805922));
#2485=CARTESIAN_POINT('',(0.0104223624185938,-0.005,0.00167144685212841));
#2486=CARTESIAN_POINT('',(0.0104886832612647,-0.005,0.00171049940533349));
#2487=CARTESIAN_POINT('',(0.0105575701841592,-0.005,0.00175294079065585));
#2488=CARTESIAN_POINT('',(0.010628912825699,-0.005,0.00179888843649259));
#2489=CARTESIAN_POINT('',(0.0107025971708645,-0.005,0.00184845668591556));
#2490=CARTESIAN_POINT('',(0.0107785056309456,-0.005,0.00190175669783985));
#2491=CARTESIAN_POINT('',(0.0108565171257945,-0.005,0.00195889635015899));
#2492=CARTESIAN_POINT('',(0.0109365071685151,-0.005,0.00201998014492576));
#2493=CARTESIAN_POINT('',(0.0110183479525723,-0.005,0.0020851091155581));
#2494=CARTESIAN_POINT('',(0.0111019084411474,-0.005,0.00215438073642949));
#2495=CARTESIAN_POINT('',(0.0111870544591557,-0.005,0.00222788883374));
#2496=CARTESIAN_POINT('',(0.0112736487860785,-0.005,0.00230572350217002));
#2497=CARTESIAN_POINT('',(0.0113615512564302,-0.005,0.0023879710103358));
#2498=CARTESIAN_POINT('',(0.0114506188414897,-0.005,0.00247471376029501));
#2499=CARTESIAN_POINT('',(0.0115407058128802,-0.005,0.00256603005183673));
#2500=CARTESIAN_POINT('',(0.0116316636033647,-0.005,0.00266199460429853));
#2501=CARTESIAN_POINT('',(0.0117233418332833,-0.005,0.00276267619813979));
#2502=CARTESIAN_POINT('',(0.01181558489903,-0.005,0.00286814631777276));
#2503=CARTESIAN_POINT('',(0.011908245492237,-0.005,0.0029784458596894));
#2504=CARTESIAN_POINT('',(0.0120011336105262,-0.005,0.00309371165213302));
#2505=CARTESIAN_POINT('',(0.0120850707631733,-0.005,0.00320191169506166));
#2506=CARTESIAN_POINT('',(0.0121375950295831,-0.005,0.00327274645616722));
#2507=CARTESIAN_POINT('',(0.0121595117309958,-0.005,0.00330246490727393));
#2508=CARTESIAN_POINT('',(0.00696261323729923,-0.005,0.00367935346328476));
#2509=CARTESIAN_POINT('',(0.00781591203420851,-0.005,0.00413074724495039));
#2510=CARTESIAN_POINT('',(0.00871570794021199,-0.005,0.00460673792747487));
#2511=CARTESIAN_POINT('',(0.00873002853584295,-0.005,0.00461311950274984));
#2512=CARTESIAN_POINT('',(0.00874028398843241,-0.005,0.00461796779139956));
#2513=CARTESIAN_POINT('',(0.00875245287546152,-0.005,0.00462331067720334));
#2514=CARTESIAN_POINT('',(0.00876898601849749,-0.005,0.00463024058677482));
#2515=CARTESIAN_POINT('',(0.00878912827420184,-0.005,0.00463818990370342));
#2516=CARTESIAN_POINT('',(0.00881318673267352,-0.005,0.00464714182914518));
#2517=CARTESIAN_POINT('',(0.008841127066226,-0.005,0.00465690352850684));
#2518=CARTESIAN_POINT('',(0.00887301404568805,-0.005,0.0046673344377197));
#2519=CARTESIAN_POINT('',(0.00890887681850427,-0.005,0.00467827662732535));
#2520=CARTESIAN_POINT('',(0.00894874916366255,-0.005,0.00468957579241824));
#2521=CARTESIAN_POINT('',(0.00899265754774594,-0.005,0.00470107520552059));
#2522=CARTESIAN_POINT('',(0.0090406245650157,-0.005,0.00471261763643786));
#2523=CARTESIAN_POINT('',(0.00909266790412411,-0.005,0.00472404495416865));
#2524=CARTESIAN_POINT('',(0.00914880061333114,-0.005,0.00473519840032056));
#2525=CARTESIAN_POINT('',(0.00920903099828438,-0.005,0.00474591867111774));
#2526=CARTESIAN_POINT('',(0.00927336262922824,-0.005,0.00475604605492003));
#2527=CARTESIAN_POINT('',(0.00934179432150717,-0.005,0.00476542055467067));
#2528=CARTESIAN_POINT('',(0.00941432012784894,-0.005,0.00477388201513037));
#2529=CARTESIAN_POINT('',(0.00949092933148923,-0.005,0.00478127024915525));
#2530=CARTESIAN_POINT('',(0.00957160644318045,-0.005,0.00478742516451786));
#2531=CARTESIAN_POINT('',(0.00965633120121018,-0.005,0.00479218689074114));
#2532=CARTESIAN_POINT('',(0.00974507857466121,-0.005,0.00479539590598962));
#2533=CARTESIAN_POINT('',(0.00983781876983974,-0.005,0.00479689316390238));
#2534=CARTESIAN_POINT('',(0.0099345172398834,-0.005,0.00479652022030499));
#2535=CARTESIAN_POINT('',(0.0100351346975431,-0.005,0.00479411935969918));
#2536=CARTESIAN_POINT('',(0.010139627131113,-0.005,0.00478953372153634));
#2537=CARTESIAN_POINT('',(0.0102479458235792,-0.005,0.00478260742588229));
#2538=CARTESIAN_POINT('',(0.0103600373746745,-0.005,0.00477318569961065));
#2539=CARTESIAN_POINT('',(0.0104758437269917,-0.005,0.00476111499839661));
#2540=CARTESIAN_POINT('',(0.0105953021916914,-0.005,0.0047462431422583));
#2541=CARTESIAN_POINT('',(0.0107183454908218,-0.005,0.0047284193963578));
#2542=CARTESIAN_POINT('',(0.0108449017511107,-0.005,0.00470749475784424));
#2543=CARTESIAN_POINT('',(0.0109748946980634,-0.005,0.00468332145187296));
#2544=CARTESIAN_POINT('',(0.011108243100119,-0.005,0.00465575544293709));
#2545=CARTESIAN_POINT('',(0.011244863088799,-0.005,0.00462464743742738));
#2546=CARTESIAN_POINT('',(0.0113846595274856,-0.005,0.00458987776370083));
#2547=CARTESIAN_POINT('',(0.0115275591266493,-0.005,0.00455122404478743));
#2548=CARTESIAN_POINT('',(0.011659064099131,-0.005,0.00451302539171141));
#2549=CARTESIAN_POINT('',(0.0117431927512012,-0.005,0.00448659185536771));
#2550=CARTESIAN_POINT('',(0.0117783918023862,-0.005,0.00447543143724516));
#2551=CARTESIAN_POINT('',(0.00769063720423536,-0.005,0.0040644519442878));
#2552=CARTESIAN_POINT('',(0.00728558429632259,-0.005,0.00483030801228947));
#2553=CARTESIAN_POINT('',(0.00656349657978663,-0.005,0.00435156726331207));
#2554=CARTESIAN_POINT('',(1.45189617625951E-16,-0.005,1.04146284243545E-16));
#2555=CARTESIAN_POINT('',(0.00616681838754552,-0.005,0.00489754795535792));
#2556=CARTESIAN_POINT('',(0.00684526527231552,-0.005,0.00543635515617233));
#2557=CARTESIAN_POINT('',(0.00624206110046439,-0.005,0.00605824590394476));
#2558=CARTESIAN_POINT('',(0.00565083890259554,-0.005,0.00548485594130902));
#2559=CARTESIAN_POINT('',(0.00634382372958842,-0.005,0.00615690297276655));
#2560=CARTESIAN_POINT('',(0.00707456999632318,-0.005,0.00686557052244267));
#2561=CARTESIAN_POINT('',(0.0070850645424922,-0.005,0.00687721820302388));
#2562=CARTESIAN_POINT('',(0.00709284464814056,-0.005,0.00688547351445023));
#2563=CARTESIAN_POINT('',(0.00710168642739468,-0.005,0.00689539577124295));
#2564=CARTESIAN_POINT('',(0.00711338618521852,-0.005,0.00690897826483508));
#2565=CARTESIAN_POINT('',(0.00712717073420125,-0.005,0.00692567821435098));
#2566=CARTESIAN_POINT('',(0.00714311899375224,-0.005,0.0069457928709586));
#2567=CARTESIAN_POINT('',(0.00716103695943648,-0.005,0.00696934917625442));
#2568=CARTESIAN_POINT('',(0.00718081096216731,-0.005,0.00699645216764322));
#2569=CARTESIAN_POINT('',(0.00720229980915992,-0.005,0.00702717836887868));
#2570=CARTESIAN_POINT('',(0.0072253671860097,-0.005,0.00706160758852547));
#2571=CARTESIAN_POINT('',(0.00724987221465157,-0.005,0.00709981342925401));
#2572=CARTESIAN_POINT('',(0.00727567234229516,-0.005,0.00714186596628582));
#2573=CARTESIAN_POINT('',(0.00730262264351531,-0.005,0.0071878308876957));
#2574=CARTESIAN_POINT('',(0.00733057616224252,-0.005,0.00723776966215757));
#2575=CARTESIAN_POINT('',(0.00735938395816893,-0.005,0.00729173941638568));
#2576=CARTESIAN_POINT('',(0.00738889523976462,-0.005,0.00734979289949526));
#2577=CARTESIAN_POINT('',(0.00741895747470751,-0.005,0.00741197842662153));
#2578=CARTESIAN_POINT('',(0.00744941650850543,-0.005,0.00747833983226316));
#2579=CARTESIAN_POINT('',(0.00748011668246908,-0.005,0.00754891642472133));
#2580=CARTESIAN_POINT('',(0.00751090095340161,-0.005,0.00762374294406515));
#2581=CARTESIAN_POINT('',(0.00754161101423056,-0.005,0.0077028495229553));
#2582=CARTESIAN_POINT('',(0.00757208741569603,-0.005,0.00778626165053299));
#2583=CARTESIAN_POINT('',(0.00760216968896235,-0.005,0.00787400013934001));
#2584=CARTESIAN_POINT('',(0.00763169646909739,-0.005,0.00796608109530035));
#2585=CARTESIAN_POINT('',(0.00766050561932118,-0.005,0.00806251589078899));
#2586=CARTESIAN_POINT('',(0.00768843435602174,-0.005,0.00816331114076158));
#2587=CARTESIAN_POINT('',(0.00771531937418667,-0.005,0.00826846868213322));
#2588=CARTESIAN_POINT('',(0.00774099697423558,-0.005,0.00837798555575834));
#2589=CARTESIAN_POINT('',(0.0077653031861123,-0.005,0.00849185399356714));
#2590=CARTESIAN_POINT('',(0.00778807390613671,-0.005,0.00861006140113104));
#2591=CARTESIAN_POINT('',(0.00780914498692852,-0.005,0.0087325903729422));
#2592=CARTESIAN_POINT('',(0.00782835250829287,-0.005,0.00885941859786971));
#2593=CARTESIAN_POINT('',(0.00784553235788575,-0.005,0.00899051919949681));
#2594=CARTESIAN_POINT('',(0.00786052244786696,-0.005,0.0091258594314376));
#2595=CARTESIAN_POINT('',(0.00787315487479146,-0.005,0.00926540566429156));
#2596=CARTESIAN_POINT('',(0.00788328642533162,-0.005,0.00940910439832967));
#2597=CARTESIAN_POINT('',(0.00789068295871092,-0.005,0.00955695464933025));
#2598=CARTESIAN_POINT('',(0.00789499115213094,-0.005,0.00969382734329697));
#2599=CARTESIAN_POINT('',(0.00789584854834607,-0.005,0.00978200685800702));
#2600=CARTESIAN_POINT('',(0.00789611146496809,-0.005,0.00981893190386814));
#2601=CARTESIAN_POINT('',(0.00347020273054503,-0.005,0.00706918085841053));
#2602=CARTESIAN_POINT('',(0.00389521335068475,-0.005,0.00793592254755539));
#2603=CARTESIAN_POINT('',(0.00434338322669405,-0.005,0.00884989386250381));
#2604=CARTESIAN_POINT('',(0.00435121783609605,-0.005,0.00886347410026806));
#2605=CARTESIAN_POINT('',(0.00435666491895876,-0.005,0.008873424451967));
#2606=CARTESIAN_POINT('',(0.00436336928588779,-0.005,0.00888489962971378));
#2607=CARTESIAN_POINT('',(0.00437267158092848,-0.005,0.00890022398197718));
#2608=CARTESIAN_POINT('',(0.00438429451684193,-0.005,0.008918494435317));
#2609=CARTESIAN_POINT('',(0.00439849640884969,-0.005,0.00893987790221431));
#2610=CARTESIAN_POINT('',(0.00441536283060005,-0.005,0.00896419819889815));
#2611=CARTESIAN_POINT('',(0.00443502880428082,-0.005,0.00899137967798608));
#2612=CARTESIAN_POINT('',(0.00445761073927657,-0.005,0.00902131170430042));
#2613=CARTESIAN_POINT('',(0.00448322666151037,-0.005,0.00905388929734116));
#2614=CARTESIAN_POINT('',(0.0045119901049978,-0.005,0.00908900121858252));
#2615=CARTESIAN_POINT('',(0.00454401176646973,-0.005,0.00912653354669861));
#2616=CARTESIAN_POINT('',(0.00457939890341703,-0.005,0.00916636874815091));
#2617=CARTESIAN_POINT('',(0.0046182553879455,-0.005,0.00920838605427678));
#2618=CARTESIAN_POINT('',(0.00466068157587525,-0.005,0.00925246146755141));
#2619=CARTESIAN_POINT('',(0.0047067742317414,-0.005,0.00929846787708074));
#2620=CARTESIAN_POINT('',(0.00475662644104784,-0.005,0.00934627514620375));
#2621=CARTESIAN_POINT('',(0.00481032752923802,-0.005,0.00939575021089119));
#2622=CARTESIAN_POINT('',(0.00486796298190824,-0.005,0.00944675717786537));
#2623=CARTESIAN_POINT('',(0.00492961436784427,-0.005,0.00949915742544231));
#2624=CARTESIAN_POINT('',(0.00499535926448513,-0.005,0.00955280970615342));
#2625=CARTESIAN_POINT('',(0.00506527118597571,-0.005,0.00960757025131886));
#2626=CARTESIAN_POINT('',(0.00513941951381679,-0.005,0.00966329287743591));
#2627=CARTESIAN_POINT('',(0.00521786943015865,-0.005,0.00971982909433859));
#2628=CARTESIAN_POINT('',(0.00530068185379307,-0.005,0.00977702821504292));
#2629=CARTESIAN_POINT('',(0.0053879133788192,-0.005,0.00983473746726768));
#2630=CARTESIAN_POINT('',(0.00547961621627124,-0.005,0.00989280210635467));
#2631=CARTESIAN_POINT('',(0.00557583813778681,-0.005,0.00995106553032498));
#2632=CARTESIAN_POINT('',(0.00567662242502643,-0.005,0.0100093693939226));
#2633=CARTESIAN_POINT('',(0.00578200781080274,-0.005,0.0100675537333808));
#2634=CARTESIAN_POINT('',(0.00589202846582416,-0.005,0.0101254570566662));
#2635=CARTESIAN_POINT('',(0.00600671382507022,-0.005,0.0101829165718906));
#2636=CARTESIAN_POINT('',(0.00612608904105288,-0.005,0.0102397678936705));
#2637=CARTESIAN_POINT('',(0.00625017305800567,-0.005,0.0102958467481193));
#2638=CARTESIAN_POINT('',(0.006378985777486,-0.005,0.0103509830575154));
#2639=CARTESIAN_POINT('',(0.00651252057358003,-0.005,0.0104050240855647));
#2640=CARTESIAN_POINT('',(0.00665084886371633,-0.005,0.0104577468470149));
#2641=CARTESIAN_POINT('',(0.00677969122623441,-0.005,0.010504140170942));
#2642=CARTESIAN_POINT('',(0.00686328997830177,-0.005,0.0105322045718006));
#2643=CARTESIAN_POINT('',(0.00689832653807817,-0.005,0.0105438650870564));
#2644=CARTESIAN_POINT('',(0.0038328312842948,-0.005,0.00780865382513049));
#2645=CARTESIAN_POINT('',(0.0030549776960223,-0.005,0.00819016027371971));
#2646=CARTESIAN_POINT('',(0.00275219321383567,-0.005,0.00737841836125581));
#2647=CARTESIAN_POINT('',(5.62452181067792E-17,-0.005,1.69596429880549E-16));
#2648=CARTESIAN_POINT('',(0.,-0.005,7.71527483462833E-19));
#2649=CARTESIAN_POINT('',(0.0117783918023862,-0.005,-0.00447543143724516));
#2650=CARTESIAN_POINT('',(0.0117783918023862,0.,-0.00447543143724516));
#2651=CARTESIAN_POINT('',(0.,0.,7.71527483462833E-19));
#2652=CARTESIAN_POINT('',(0.0121595117309958,0.,-0.00330246490727393));
#2653=CARTESIAN_POINT('',(0.0121595117309958,-0.005,-0.00330246490727393));
#2654=CARTESIAN_POINT('',(0.,0.,0.));
#2655=CARTESIAN_POINT('',(1.5561538324215E-17,0.,0.000447538704152096));
#2656=CARTESIAN_POINT('',(1.5561538324215E-17,0.,-0.0020524612958479));
#2657=CARTESIAN_POINT('',(0.0030549776960223,0.,0.00819016027371971));
#2658=CARTESIAN_POINT('',(0.0038328312842948,0.,0.00780865382513049));
#2659=CARTESIAN_POINT('',(0.00275219321383567,0.,0.00737841836125581));
#2660=CARTESIAN_POINT('',(0.00347020273054503,0.,0.00706918085841053));
#2661=CARTESIAN_POINT('',(0.00389521335068475,0.,0.00793592254755539));
#2662=CARTESIAN_POINT('',(0.00434338322669405,0.,0.00884989386250381));
#2663=CARTESIAN_POINT('',(0.00435121783609605,0.,0.00886347410026806));
#2664=CARTESIAN_POINT('',(0.00435666491895876,0.,0.008873424451967));
#2665=CARTESIAN_POINT('',(0.00436336928588779,0.,0.00888489962971378));
#2666=CARTESIAN_POINT('',(0.00437267158092848,0.,0.00890022398197718));
#2667=CARTESIAN_POINT('',(0.00438429451684193,0.,0.008918494435317));
#2668=CARTESIAN_POINT('',(0.00439849640884969,0.,0.00893987790221431));
#2669=CARTESIAN_POINT('',(0.00441536283060005,0.,0.00896419819889815));
#2670=CARTESIAN_POINT('',(0.00443502880428082,0.,0.00899137967798608));
#2671=CARTESIAN_POINT('',(0.00445761073927657,0.,0.00902131170430042));
#2672=CARTESIAN_POINT('',(0.00448322666151037,0.,0.00905388929734116));
#2673=CARTESIAN_POINT('',(0.0045119901049978,0.,0.00908900121858252));
#2674=CARTESIAN_POINT('',(0.00454401176646973,0.,0.00912653354669861));
#2675=CARTESIAN_POINT('',(0.00457939890341703,0.,0.00916636874815091));
#2676=CARTESIAN_POINT('',(0.0046182553879455,0.,0.00920838605427678));
#2677=CARTESIAN_POINT('',(0.00466068157587525,0.,0.00925246146755141));
#2678=CARTESIAN_POINT('',(0.0047067742317414,0.,0.00929846787708074));
#2679=CARTESIAN_POINT('',(0.00475662644104784,0.,0.00934627514620375));
#2680=CARTESIAN_POINT('',(0.00481032752923802,0.,0.00939575021089119));
#2681=CARTESIAN_POINT('',(0.00486796298190824,0.,0.00944675717786537));
#2682=CARTESIAN_POINT('',(0.00492961436784427,0.,0.00949915742544231));
#2683=CARTESIAN_POINT('',(0.00499535926448513,0.,0.00955280970615342));
#2684=CARTESIAN_POINT('',(0.00506527118597571,0.,0.00960757025131886));
#2685=CARTESIAN_POINT('',(0.00513941951381679,0.,0.00966329287743591));
#2686=CARTESIAN_POINT('',(0.00521786943015865,0.,0.00971982909433859));
#2687=CARTESIAN_POINT('',(0.00530068185379307,0.,0.00977702821504292));
#2688=CARTESIAN_POINT('',(0.0053879133788192,0.,0.00983473746726768));
#2689=CARTESIAN_POINT('',(0.00547961621627124,0.,0.00989280210635467));
#2690=CARTESIAN_POINT('',(0.00557583813778681,0.,0.00995106553032498));
#2691=CARTESIAN_POINT('',(0.00567662242502643,0.,0.0100093693939226));
#2692=CARTESIAN_POINT('',(0.00578200781080274,0.,0.0100675537333808));
#2693=CARTESIAN_POINT('',(0.00589202846582416,0.,0.0101254570566662));
#2694=CARTESIAN_POINT('',(0.00600671382507022,0.,0.0101829165718906));
#2695=CARTESIAN_POINT('',(0.00612608904105288,0.,0.0102397678936705));
#2696=CARTESIAN_POINT('',(0.00625017305800567,0.,0.0102958467481193));
#2697=CARTESIAN_POINT('',(0.006378985777486,0.,0.0103509830575154));
#2698=CARTESIAN_POINT('',(0.00651252057358003,0.,0.0104050240855647));
#2699=CARTESIAN_POINT('',(0.00665084886371633,0.,0.0104577468470149));
#2700=CARTESIAN_POINT('',(0.00677969122623441,0.,0.010504140170942));
#2701=CARTESIAN_POINT('',(0.00686328997830177,0.,0.0105322045718006));
#2702=CARTESIAN_POINT('',(0.00689832653807817,0.,0.0105438650870564));
#2703=CARTESIAN_POINT('',(0.00565083890259554,0.,0.00548485594130902));
#2704=CARTESIAN_POINT('',(0.00634382372958842,0.,0.00615690297276655));
#2705=CARTESIAN_POINT('',(0.00707456999632318,0.,0.00686557052244267));
#2706=CARTESIAN_POINT('',(0.0070850645424922,0.,0.00687721820302388));
#2707=CARTESIAN_POINT('',(0.00709284464814056,0.,0.00688547351445023));
#2708=CARTESIAN_POINT('',(0.00710168642739468,0.,0.00689539577124295));
#2709=CARTESIAN_POINT('',(0.00711338618521852,0.,0.00690897826483508));
#2710=CARTESIAN_POINT('',(0.00712717073420125,0.,0.00692567821435098));
#2711=CARTESIAN_POINT('',(0.00714311899375224,0.,0.0069457928709586));
#2712=CARTESIAN_POINT('',(0.00716103695943648,0.,0.00696934917625442));
#2713=CARTESIAN_POINT('',(0.00718081096216731,0.,0.00699645216764322));
#2714=CARTESIAN_POINT('',(0.00720229980915992,0.,0.00702717836887868));
#2715=CARTESIAN_POINT('',(0.0072253671860097,0.,0.00706160758852547));
#2716=CARTESIAN_POINT('',(0.00724987221465157,0.,0.00709981342925401));
#2717=CARTESIAN_POINT('',(0.00727567234229516,0.,0.00714186596628582));
#2718=CARTESIAN_POINT('',(0.00730262264351531,0.,0.0071878308876957));
#2719=CARTESIAN_POINT('',(0.00733057616224252,0.,0.00723776966215757));
#2720=CARTESIAN_POINT('',(0.00735938395816893,0.,0.00729173941638568));
#2721=CARTESIAN_POINT('',(0.00738889523976462,0.,0.00734979289949526));
#2722=CARTESIAN_POINT('',(0.00741895747470751,0.,0.00741197842662153));
#2723=CARTESIAN_POINT('',(0.00744941650850543,0.,0.00747833983226316));
#2724=CARTESIAN_POINT('',(0.00748011668246908,0.,0.00754891642472133));
#2725=CARTESIAN_POINT('',(0.00751090095340161,0.,0.00762374294406515));
#2726=CARTESIAN_POINT('',(0.00754161101423056,0.,0.0077028495229553));
#2727=CARTESIAN_POINT('',(0.00757208741569603,0.,0.00778626165053299));
#2728=CARTESIAN_POINT('',(0.00760216968896235,0.,0.00787400013934001));
#2729=CARTESIAN_POINT('',(0.00763169646909739,0.,0.00796608109530035));
#2730=CARTESIAN_POINT('',(0.00766050561932118,0.,0.00806251589078899));
#2731=CARTESIAN_POINT('',(0.00768843435602174,0.,0.00816331114076158));
#2732=CARTESIAN_POINT('',(0.00771531937418667,0.,0.00826846868213322));
#2733=CARTESIAN_POINT('',(0.00774099697423558,0.,0.00837798555575834));
#2734=CARTESIAN_POINT('',(0.0077653031861123,0.,0.00849185399356714));
#2735=CARTESIAN_POINT('',(0.00778807390613671,0.,0.00861006140113104));
#2736=CARTESIAN_POINT('',(0.00780914498692852,0.,0.0087325903729422));
#2737=CARTESIAN_POINT('',(0.00782835250829287,0.,0.00885941859786971));
#2738=CARTESIAN_POINT('',(0.00784553235788575,0.,0.00899051919949681));
#2739=CARTESIAN_POINT('',(0.00786052244786696,0.,0.0091258594314376));
#2740=CARTESIAN_POINT('',(0.00787315487479146,0.,0.00926540566429156));
#2741=CARTESIAN_POINT('',(0.00788328642533162,0.,0.00940910439832967));
#2742=CARTESIAN_POINT('',(0.00789068295871092,0.,0.00955695464933025));
#2743=CARTESIAN_POINT('',(0.00789499115213094,0.,0.00969382734329697));
#2744=CARTESIAN_POINT('',(0.00789584854834607,0.,0.00978200685800702));
#2745=CARTESIAN_POINT('',(0.00789611146496809,0.,0.00981893190386814));
#2746=CARTESIAN_POINT('',(0.00624206110046439,0.,0.00605824590394476));
#2747=CARTESIAN_POINT('',(0.00684526527231552,0.,0.00543635515617233));
#2748=CARTESIAN_POINT('',(0.00616681838754552,0.,0.00489754795535792));
#2749=CARTESIAN_POINT('',(1.45189617625951E-16,0.,1.04146284243545E-16));
#2750=CARTESIAN_POINT('',(0.00656349657978663,0.,0.00435156726331207));
#2751=CARTESIAN_POINT('',(0.00728558429632259,0.,0.00483030801228947));
#2752=CARTESIAN_POINT('',(0.00769063720423536,0.,0.0040644519442878));
#2753=CARTESIAN_POINT('',(0.00696261323729923,0.,0.00367935346328476));
#2754=CARTESIAN_POINT('',(0.00781591203420851,0.,0.00413074724495039));
#2755=CARTESIAN_POINT('',(0.00871570794021199,0.,0.00460673792747487));
#2756=CARTESIAN_POINT('',(0.00873002853584295,0.,0.00461311950274984));
#2757=CARTESIAN_POINT('',(0.00874028398843241,0.,0.00461796779139956));
#2758=CARTESIAN_POINT('',(0.00875245287546152,0.,0.00462331067720334));
#2759=CARTESIAN_POINT('',(0.00876898601849749,0.,0.00463024058677482));
#2760=CARTESIAN_POINT('',(0.00878912827420184,0.,0.00463818990370342));
#2761=CARTESIAN_POINT('',(0.00881318673267352,0.,0.00464714182914518));
#2762=CARTESIAN_POINT('',(0.008841127066226,0.,0.00465690352850684));
#2763=CARTESIAN_POINT('',(0.00887301404568805,0.,0.0046673344377197));
#2764=CARTESIAN_POINT('',(0.00890887681850427,0.,0.00467827662732535));
#2765=CARTESIAN_POINT('',(0.00894874916366255,0.,0.00468957579241824));
#2766=CARTESIAN_POINT('',(0.00899265754774594,0.,0.00470107520552059));
#2767=CARTESIAN_POINT('',(0.0090406245650157,0.,0.00471261763643786));
#2768=CARTESIAN_POINT('',(0.00909266790412411,0.,0.00472404495416865));
#2769=CARTESIAN_POINT('',(0.00914880061333114,0.,0.00473519840032056));
#2770=CARTESIAN_POINT('',(0.00920903099828438,0.,0.00474591867111774));
#2771=CARTESIAN_POINT('',(0.00927336262922824,0.,0.00475604605492003));
#2772=CARTESIAN_POINT('',(0.00934179432150717,0.,0.00476542055467067));
#2773=CARTESIAN_POINT('',(0.00941432012784894,0.,0.00477388201513037));
#2774=CARTESIAN_POINT('',(0.00949092933148923,0.,0.00478127024915525));
#2775=CARTESIAN_POINT('',(0.00957160644318045,0.,0.00478742516451786));
#2776=CARTESIAN_POINT('',(0.00965633120121018,0.,0.00479218689074114));
#2777=CARTESIAN_POINT('',(0.00974507857466121,0.,0.00479539590598962));
#2778=CARTESIAN_POINT('',(0.00983781876983974,0.,0.00479689316390238));
#2779=CARTESIAN_POINT('',(0.0099345172398834,0.,0.00479652022030499));
#2780=CARTESIAN_POINT('',(0.0100351346975431,0.,0.00479411935969918));
#2781=CARTESIAN_POINT('',(0.010139627131113,0.,0.00478953372153634));
#2782=CARTESIAN_POINT('',(0.0102479458235792,0.,0.00478260742588229));
#2783=CARTESIAN_POINT('',(0.0103600373746745,0.,0.00477318569961065));
#2784=CARTESIAN_POINT('',(0.0104758437269917,0.,0.00476111499839661));
#2785=CARTESIAN_POINT('',(0.0105953021916914,0.,0.0047462431422583));
#2786=CARTESIAN_POINT('',(0.0107183454908218,0.,0.0047284193963578));
#2787=CARTESIAN_POINT('',(0.0108449017511107,0.,0.00470749475784424));
#2788=CARTESIAN_POINT('',(0.0109748946980634,0.,0.00468332145187296));
#2789=CARTESIAN_POINT('',(0.011108243100119,0.,0.00465575544293709));
#2790=CARTESIAN_POINT('',(0.011244863088799,0.,0.00462464743742738));
#2791=CARTESIAN_POINT('',(0.0113846595274856,0.,0.00458987776370083));
#2792=CARTESIAN_POINT('',(0.0115275591266493,0.,0.00455122404478743));
#2793=CARTESIAN_POINT('',(0.011659064099131,0.,0.00451302539171141));
#2794=CARTESIAN_POINT('',(0.0117431927512012,0.,0.00448659185536771));
#2795=CARTESIAN_POINT('',(0.0117783918023862,0.,0.00447543143724516));
#2796=CARTESIAN_POINT('',(0.00779554213792506,0.,0.00111586189819115));
#2797=CARTESIAN_POINT('',(0.00875119797374396,0.,0.00125223310629067));
#2798=CARTESIAN_POINT('',(0.00975892845658629,0.,0.00139603531858622));
#2799=CARTESIAN_POINT('',(0.00977426505765433,0.,0.00139928995065382));
#2800=CARTESIAN_POINT('',(0.00978541164565137,0.,0.00140139560653022));
#2801=CARTESIAN_POINT('',(0.00979839695154069,0.,0.00140422581344848));
#2802=CARTESIAN_POINT('',(0.00981584584387306,0.,0.00140833733648625));
#2803=CARTESIAN_POINT('',(0.00983681376229936,0.,0.00141374552484827));
#2804=CARTESIAN_POINT('',(0.00986153927381569,0.,0.00142064447211605));
#2805=CARTESIAN_POINT('',(0.00988988126141026,0.,0.00142917000744477));
#2806=CARTESIAN_POINT('',(0.00992180950429766,0.,0.00143947392089274));
#2807=CARTESIAN_POINT('',(0.00995725475464938,0.,0.00145170111251378));
#2808=CARTESIAN_POINT('',(0.00999615364209283,0.,0.00146599627238973));
#2809=CARTESIAN_POINT('',(0.0100384354564434,0.,0.0014825017523808));
#2810=CARTESIAN_POINT('',(0.0100840260592529,0.,0.00150135803495996));
#2811=CARTESIAN_POINT('',(0.010132846813871,0.,0.0015227034479236));
#2812=CARTESIAN_POINT('',(0.0101848149607202,0.,0.00154667409908398));
#2813=CARTESIAN_POINT('',(0.0102398435828003,0.,0.00157340374984017));
#2814=CARTESIAN_POINT('',(0.010297841692353,0.,0.00160302370816029));
#2815=CARTESIAN_POINT('',(0.0103587142870615,0.,0.00163566271805922));
#2816=CARTESIAN_POINT('',(0.0104223624185938,0.,0.00167144685212841));
#2817=CARTESIAN_POINT('',(0.0104886832612647,0.,0.00171049940533349));
#2818=CARTESIAN_POINT('',(0.0105575701841592,0.,0.00175294079065585));
#2819=CARTESIAN_POINT('',(0.010628912825699,0.,0.00179888843649259));
#2820=CARTESIAN_POINT('',(0.0107025971708645,0.,0.00184845668591556));
#2821=CARTESIAN_POINT('',(0.0107785056309456,0.,0.00190175669783985));
#2822=CARTESIAN_POINT('',(0.0108565171257945,0.,0.00195889635015899));
#2823=CARTESIAN_POINT('',(0.0109365071685151,0.,0.00201998014492576));
#2824=CARTESIAN_POINT('',(0.0110183479525723,0.,0.0020851091155581));
#2825=CARTESIAN_POINT('',(0.0111019084411474,0.,0.00215438073642949));
#2826=CARTESIAN_POINT('',(0.0111870544591557,0.,0.00222788883374));
#2827=CARTESIAN_POINT('',(0.0112736487860785,0.,0.00230572350217002));
#2828=CARTESIAN_POINT('',(0.0113615512564302,0.,0.0023879710103358));
#2829=CARTESIAN_POINT('',(0.0114506188414897,0.,0.00247471376029501));
#2830=CARTESIAN_POINT('',(0.0115407058128802,0.,0.00256603005183673));
#2831=CARTESIAN_POINT('',(0.0116316636033647,0.,0.00266199460429853));
#2832=CARTESIAN_POINT('',(0.0117233418332833,0.,0.00276267619813979));
#2833=CARTESIAN_POINT('',(0.01181558489903,0.,0.00286814631777276));
#2834=CARTESIAN_POINT('',(0.011908245492237,0.,0.0029784458596894));
#2835=CARTESIAN_POINT('',(0.0120011336105262,0.,0.00309371165213302));
#2836=CARTESIAN_POINT('',(0.0120850707631733,0.,0.00320191169506166));
#2837=CARTESIAN_POINT('',(0.0121375950295831,0.,0.00327274645616722));
#2838=CARTESIAN_POINT('',(0.0121595117309958,0.,0.00330246490727393));
#2839=CARTESIAN_POINT('',(0.00861088110730249,0.,0.00123223243363224));
#2840=CARTESIAN_POINT('',(0.00873334532333014,0.,0.000374557733704403));
#2841=CARTESIAN_POINT('',(0.00786776733730278,0.,0.000337434624885523));
#2842=CARTESIAN_POINT('',(1.78676518025611E-16,0.,-1.0842021724855E-18));
#2843=CARTESIAN_POINT('',(0.00786776733730278,0.,-0.000337434624885523));
#2844=CARTESIAN_POINT('',(0.00873334532333014,0.,-0.000374557733704402));
#2845=CARTESIAN_POINT('',(0.00861088110730248,0.,-0.00123223243363224));
#2846=CARTESIAN_POINT('',(0.00779554213792506,0.,-0.00111586189819115));
#2847=CARTESIAN_POINT('',(0.00875119797374396,0.,-0.00125223310629067));
#2848=CARTESIAN_POINT('',(0.00975892845658629,0.,-0.00139603531858622));
#2849=CARTESIAN_POINT('',(0.00977426505765433,0.,-0.00139928995065382));
#2850=CARTESIAN_POINT('',(0.00978541164565137,0.,-0.00140139560653022));
#2851=CARTESIAN_POINT('',(0.00979839695154069,0.,-0.00140422581344848));
#2852=CARTESIAN_POINT('',(0.00981584584387306,0.,-0.00140833733648625));
#2853=CARTESIAN_POINT('',(0.00983681376229936,0.,-0.00141374552484827));
#2854=CARTESIAN_POINT('',(0.00986153927381569,0.,-0.00142064447211605));
#2855=CARTESIAN_POINT('',(0.00988988126141026,0.,-0.00142917000744477));
#2856=CARTESIAN_POINT('',(0.00992180950429766,0.,-0.00143947392089274));
#2857=CARTESIAN_POINT('',(0.00995725475464938,0.,-0.00145170111251378));
#2858=CARTESIAN_POINT('',(0.00999615364209283,0.,-0.00146599627238973));
#2859=CARTESIAN_POINT('',(0.0100384354564434,0.,-0.0014825017523808));
#2860=CARTESIAN_POINT('',(0.0100840260592529,0.,-0.00150135803495996));
#2861=CARTESIAN_POINT('',(0.010132846813871,0.,-0.0015227034479236));
#2862=CARTESIAN_POINT('',(0.0101848149607202,0.,-0.00154667409908398));
#2863=CARTESIAN_POINT('',(0.0102398435828003,0.,-0.00157340374984017));
#2864=CARTESIAN_POINT('',(0.010297841692353,0.,-0.00160302370816029));
#2865=CARTESIAN_POINT('',(0.0103587142870615,0.,-0.00163566271805922));
#2866=CARTESIAN_POINT('',(0.0104223624185938,0.,-0.00167144685212841));
#2867=CARTESIAN_POINT('',(0.0104886832612647,0.,-0.00171049940533349));
#2868=CARTESIAN_POINT('',(0.0105575701841592,0.,-0.00175294079065585));
#2869=CARTESIAN_POINT('',(0.010628912825699,0.,-0.00179888843649259));
#2870=CARTESIAN_POINT('',(0.0107025971708645,0.,-0.00184845668591556));
#2871=CARTESIAN_POINT('',(0.0107785056309456,0.,-0.00190175669783985));
#2872=CARTESIAN_POINT('',(0.0108565171257945,0.,-0.00195889635015899));
#2873=CARTESIAN_POINT('',(0.0109365071685151,0.,-0.00201998014492576));
#2874=CARTESIAN_POINT('',(0.0110183479525723,0.,-0.0020851091155581));
#2875=CARTESIAN_POINT('',(0.0111019084411474,0.,-0.00215438073642949));
#2876=CARTESIAN_POINT('',(0.0111870544591557,0.,-0.00222788883374));
#2877=CARTESIAN_POINT('',(0.0112736487860785,0.,-0.00230572350217002));
#2878=CARTESIAN_POINT('',(0.0113615512564302,0.,-0.0023879710103358));
#2879=CARTESIAN_POINT('',(0.0114506188414897,0.,-0.00247471376029501));
#2880=CARTESIAN_POINT('',(0.0115407058128802,0.,-0.00256603005183673));
#2881=CARTESIAN_POINT('',(0.0116316636033647,0.,-0.00266199460429853));
#2882=CARTESIAN_POINT('',(0.0117233418332833,0.,-0.00276267619813979));
#2883=CARTESIAN_POINT('',(0.01181558489903,0.,-0.00286814631777276));
#2884=CARTESIAN_POINT('',(0.011908245492237,0.,-0.0029784458596894));
#2885=CARTESIAN_POINT('',(0.0120011336105262,0.,-0.00309371165213302));
#2886=CARTESIAN_POINT('',(0.0120850707631733,0.,-0.00320191169506166));
#2887=CARTESIAN_POINT('',(0.0121375950295831,0.,-0.00327274645616722));
#2888=CARTESIAN_POINT('',(0.0121595117309958,0.,-0.00330246490727393));
#2889=CARTESIAN_POINT('',(0.00696261323729923,0.,-0.00367935346328476));
#2890=CARTESIAN_POINT('',(0.00781591203420851,0.,-0.00413074724495039));
#2891=CARTESIAN_POINT('',(0.00871570794021199,0.,-0.00460673792747487));
#2892=CARTESIAN_POINT('',(0.00873002853584295,0.,-0.00461311950274984));
#2893=CARTESIAN_POINT('',(0.00874028398843241,0.,-0.00461796779139957));
#2894=CARTESIAN_POINT('',(0.00875245287546152,0.,-0.00462331067720334));
#2895=CARTESIAN_POINT('',(0.00876898601849748,0.,-0.00463024058677483));
#2896=CARTESIAN_POINT('',(0.00878912827420184,0.,-0.00463818990370342));
#2897=CARTESIAN_POINT('',(0.00881318673267352,0.,-0.00464714182914518));
#2898=CARTESIAN_POINT('',(0.008841127066226,0.,-0.00465690352850684));
#2899=CARTESIAN_POINT('',(0.00887301404568805,0.,-0.0046673344377197));
#2900=CARTESIAN_POINT('',(0.00890887681850427,0.,-0.00467827662732535));
#2901=CARTESIAN_POINT('',(0.00894874916366254,0.,-0.00468957579241824));
#2902=CARTESIAN_POINT('',(0.00899265754774594,0.,-0.00470107520552059));
#2903=CARTESIAN_POINT('',(0.0090406245650157,0.,-0.00471261763643786));
#2904=CARTESIAN_POINT('',(0.0090926679041241,0.,-0.00472404495416865));
#2905=CARTESIAN_POINT('',(0.00914880061333114,0.,-0.00473519840032056));
#2906=CARTESIAN_POINT('',(0.00920903099828438,0.,-0.00474591867111775));
#2907=CARTESIAN_POINT('',(0.00927336262922824,0.,-0.00475604605492003));
#2908=CARTESIAN_POINT('',(0.00934179432150717,0.,-0.00476542055467068));
#2909=CARTESIAN_POINT('',(0.00941432012784894,0.,-0.00477388201513037));
#2910=CARTESIAN_POINT('',(0.00949092933148923,0.,-0.00478127024915525));
#2911=CARTESIAN_POINT('',(0.00957160644318045,0.,-0.00478742516451786));
#2912=CARTESIAN_POINT('',(0.00965633120121018,0.,-0.00479218689074114));
#2913=CARTESIAN_POINT('',(0.00974507857466121,0.,-0.00479539590598962));
#2914=CARTESIAN_POINT('',(0.00983781876983974,0.,-0.00479689316390238));
#2915=CARTESIAN_POINT('',(0.0099345172398834,0.,-0.00479652022030499));
#2916=CARTESIAN_POINT('',(0.0100351346975431,0.,-0.00479411935969919));
#2917=CARTESIAN_POINT('',(0.010139627131113,0.,-0.00478953372153635));
#2918=CARTESIAN_POINT('',(0.0102479458235792,0.,-0.00478260742588229));
#2919=CARTESIAN_POINT('',(0.0103600373746745,0.,-0.00477318569961065));
#2920=CARTESIAN_POINT('',(0.0104758437269917,0.,-0.00476111499839661));
#2921=CARTESIAN_POINT('',(0.0105953021916914,0.,-0.0047462431422583));
#2922=CARTESIAN_POINT('',(0.0107183454908218,0.,-0.00472841939635781));
#2923=CARTESIAN_POINT('',(0.0108449017511107,0.,-0.00470749475784424));
#2924=CARTESIAN_POINT('',(0.0109748946980634,0.,-0.00468332145187296));
#2925=CARTESIAN_POINT('',(0.011108243100119,0.,-0.00465575544293709));
#2926=CARTESIAN_POINT('',(0.011244863088799,0.,-0.00462464743742738));
#2927=CARTESIAN_POINT('',(0.0113846595274856,0.,-0.00458987776370083));
#2928=CARTESIAN_POINT('',(0.0115275591266493,0.,-0.00455122404478743));
#2929=CARTESIAN_POINT('',(0.011659064099131,0.,-0.00451302539171141));
#2930=CARTESIAN_POINT('',(0.0117431927512012,0.,-0.00448659185536771));
#2931=CARTESIAN_POINT('',(0.0117783918023862,0.,-0.00447543143724516));
#2932=CARTESIAN_POINT('',(0.00769063720423537,0.,-0.00406445194428781));
#2933=CARTESIAN_POINT('',(0.00728558429632259,0.,-0.00483030801228947));
#2934=CARTESIAN_POINT('',(0.00656349657978663,0.,-0.00435156726331207));
#2935=CARTESIAN_POINT('',(1.43915061530971E-16,0.,-1.05900560209303E-16));
#2936=CARTESIAN_POINT('',(0.00616681838754552,0.,-0.00489754795535792));
#2937=CARTESIAN_POINT('',(0.00684526527231551,0.,-0.00543635515617233));
#2938=CARTESIAN_POINT('',(0.00624206110046438,0.,-0.00605824590394476));
#2939=CARTESIAN_POINT('',(0.00565083890259554,0.,-0.00548485594130902));
#2940=CARTESIAN_POINT('',(0.00634382372958842,0.,-0.00615690297276655));
#2941=CARTESIAN_POINT('',(0.00707456999632318,0.,-0.00686557052244267));
#2942=CARTESIAN_POINT('',(0.0070850645424922,0.,-0.00687721820302388));
#2943=CARTESIAN_POINT('',(0.00709284464814055,0.,-0.00688547351445023));
#2944=CARTESIAN_POINT('',(0.00710168642739468,0.,-0.00689539577124295));
#2945=CARTESIAN_POINT('',(0.00711338618521852,0.,-0.00690897826483508));
#2946=CARTESIAN_POINT('',(0.00712717073420125,0.,-0.00692567821435098));
#2947=CARTESIAN_POINT('',(0.00714311899375223,0.,-0.0069457928709586));
#2948=CARTESIAN_POINT('',(0.00716103695943648,0.,-0.00696934917625442));
#2949=CARTESIAN_POINT('',(0.00718081096216731,0.,-0.00699645216764322));
#2950=CARTESIAN_POINT('',(0.00720229980915992,0.,-0.00702717836887868));
#2951=CARTESIAN_POINT('',(0.0072253671860097,0.,-0.00706160758852548));
#2952=CARTESIAN_POINT('',(0.00724987221465157,0.,-0.00709981342925402));
#2953=CARTESIAN_POINT('',(0.00727567234229516,0.,-0.00714186596628582));
#2954=CARTESIAN_POINT('',(0.00730262264351531,0.,-0.0071878308876957));
#2955=CARTESIAN_POINT('',(0.00733057616224252,0.,-0.00723776966215757));
#2956=CARTESIAN_POINT('',(0.00735938395816893,0.,-0.00729173941638568));
#2957=CARTESIAN_POINT('',(0.00738889523976462,0.,-0.00734979289949527));
#2958=CARTESIAN_POINT('',(0.00741895747470751,0.,-0.00741197842662153));
#2959=CARTESIAN_POINT('',(0.00744941650850543,0.,-0.00747833983226316));
#2960=CARTESIAN_POINT('',(0.00748011668246908,0.,-0.00754891642472133));
#2961=CARTESIAN_POINT('',(0.00751090095340161,0.,-0.00762374294406515));
#2962=CARTESIAN_POINT('',(0.00754161101423056,0.,-0.0077028495229553));
#2963=CARTESIAN_POINT('',(0.00757208741569603,0.,-0.00778626165053299));
#2964=CARTESIAN_POINT('',(0.00760216968896235,0.,-0.00787400013934001));
#2965=CARTESIAN_POINT('',(0.00763169646909739,0.,-0.00796608109530035));
#2966=CARTESIAN_POINT('',(0.00766050561932118,0.,-0.008062515890789));
#2967=CARTESIAN_POINT('',(0.00768843435602174,0.,-0.00816331114076158));
#2968=CARTESIAN_POINT('',(0.00771531937418667,0.,-0.00826846868213323));
#2969=CARTESIAN_POINT('',(0.00774099697423558,0.,-0.00837798555575835));
#2970=CARTESIAN_POINT('',(0.0077653031861123,0.,-0.00849185399356715));
#2971=CARTESIAN_POINT('',(0.0077880739061367,0.,-0.00861006140113104));
#2972=CARTESIAN_POINT('',(0.00780914498692852,0.,-0.0087325903729422));
#2973=CARTESIAN_POINT('',(0.00782835250829287,0.,-0.00885941859786972));
#2974=CARTESIAN_POINT('',(0.00784553235788574,0.,-0.00899051919949681));
#2975=CARTESIAN_POINT('',(0.00786052244786695,0.,-0.0091258594314376));
#2976=CARTESIAN_POINT('',(0.00787315487479146,0.,-0.00926540566429157));
#2977=CARTESIAN_POINT('',(0.00788328642533161,0.,-0.00940910439832967));
#2978=CARTESIAN_POINT('',(0.00789068295871092,0.,-0.00955695464933025));
#2979=CARTESIAN_POINT('',(0.00789499115213094,0.,-0.00969382734329697));
#2980=CARTESIAN_POINT('',(0.00789584854834607,0.,-0.00978200685800703));
#2981=CARTESIAN_POINT('',(0.00789611146496808,0.,-0.00981893190386814));
#2982=CARTESIAN_POINT('',(0.00347020273054503,0.,-0.00706918085841053));
#2983=CARTESIAN_POINT('',(0.00389521335068474,0.,-0.00793592254755539));
#2984=CARTESIAN_POINT('',(0.00434338322669405,0.,-0.00884989386250381));
#2985=CARTESIAN_POINT('',(0.00435121783609605,0.,-0.00886347410026807));
#2986=CARTESIAN_POINT('',(0.00435666491895876,0.,-0.008873424451967));
#2987=CARTESIAN_POINT('',(0.00436336928588779,0.,-0.00888489962971378));
#2988=CARTESIAN_POINT('',(0.00437267158092848,0.,-0.00890022398197718));
#2989=CARTESIAN_POINT('',(0.00438429451684192,0.,-0.008918494435317));
#2990=CARTESIAN_POINT('',(0.00439849640884969,0.,-0.00893987790221431));
#2991=CARTESIAN_POINT('',(0.00441536283060005,0.,-0.00896419819889815));
#2992=CARTESIAN_POINT('',(0.00443502880428082,0.,-0.00899137967798609));
#2993=CARTESIAN_POINT('',(0.00445761073927656,0.,-0.00902131170430042));
#2994=CARTESIAN_POINT('',(0.00448322666151036,0.,-0.00905388929734116));
#2995=CARTESIAN_POINT('',(0.0045119901049978,0.,-0.00908900121858252));
#2996=CARTESIAN_POINT('',(0.00454401176646973,0.,-0.00912653354669861));
#2997=CARTESIAN_POINT('',(0.00457939890341703,0.,-0.00916636874815092));
#2998=CARTESIAN_POINT('',(0.0046182553879455,0.,-0.00920838605427678));
#2999=CARTESIAN_POINT('',(0.00466068157587525,0.,-0.00925246146755141));
#3000=CARTESIAN_POINT('',(0.0047067742317414,0.,-0.00929846787708074));
#3001=CARTESIAN_POINT('',(0.00475662644104784,0.,-0.00934627514620375));
#3002=CARTESIAN_POINT('',(0.00481032752923802,0.,-0.00939575021089119));
#3003=CARTESIAN_POINT('',(0.00486796298190823,0.,-0.00944675717786537));
#3004=CARTESIAN_POINT('',(0.00492961436784426,0.,-0.00949915742544231));
#3005=CARTESIAN_POINT('',(0.00499535926448512,0.,-0.00955280970615342));
#3006=CARTESIAN_POINT('',(0.0050652711859757,0.,-0.00960757025131886));
#3007=CARTESIAN_POINT('',(0.00513941951381679,0.,-0.00966329287743591));
#3008=CARTESIAN_POINT('',(0.00521786943015865,0.,-0.00971982909433859));
#3009=CARTESIAN_POINT('',(0.00530068185379307,0.,-0.00977702821504292));
#3010=CARTESIAN_POINT('',(0.0053879133788192,0.,-0.00983473746726768));
#3011=CARTESIAN_POINT('',(0.00547961621627124,0.,-0.00989280210635467));
#3012=CARTESIAN_POINT('',(0.0055758381377868,0.,-0.00995106553032498));
#3013=CARTESIAN_POINT('',(0.00567662242502643,0.,-0.0100093693939226));
#3014=CARTESIAN_POINT('',(0.00578200781080273,0.,-0.0100675537333808));
#3015=CARTESIAN_POINT('',(0.00589202846582416,0.,-0.0101254570566662));
#3016=CARTESIAN_POINT('',(0.00600671382507022,0.,-0.0101829165718907));
#3017=CARTESIAN_POINT('',(0.00612608904105288,0.,-0.0102397678936705));
#3018=CARTESIAN_POINT('',(0.00625017305800566,0.,-0.0102958467481193));
#3019=CARTESIAN_POINT('',(0.00637898577748599,0.,-0.0103509830575154));
#3020=CARTESIAN_POINT('',(0.00651252057358002,0.,-0.0104050240855647));
#3021=CARTESIAN_POINT('',(0.00665084886371633,0.,-0.0104577468470149));
#3022=CARTESIAN_POINT('',(0.00677969122623441,0.,-0.010504140170942));
#3023=CARTESIAN_POINT('',(0.00686328997830176,0.,-0.0105322045718006));
#3024=CARTESIAN_POINT('',(0.00689832653807817,0.,-0.0105438650870564));
#3025=CARTESIAN_POINT('',(0.00383283128429481,0.,-0.0078086538251305));
#3026=CARTESIAN_POINT('',(0.0030549776960223,0.,-0.00819016027371971));
#3027=CARTESIAN_POINT('',(0.00275219321383567,0.,-0.00737841836125582));
#3028=CARTESIAN_POINT('',(5.41829430245317E-17,0.,-1.70266503673822E-16));
#3029=CARTESIAN_POINT('',(0.0021103544161937,0.,-0.00758696442841614));
#3030=CARTESIAN_POINT('',(0.00234252654928567,0.,-0.00842164968389816));
#3031=CARTESIAN_POINT('',(0.00148898591310246,0.,-0.00857021535115521));
#3032=CARTESIAN_POINT('',(0.00134770727142468,0.,-0.00775882143824364));
#3033=CARTESIAN_POINT('',(0.00151332443936822,0.,-0.00870984516908088));
#3034=CARTESIAN_POINT('',(0.00168796625325483,0.,-0.00971269113888538));
#3035=CARTESIAN_POINT('',(0.00168961018458478,0.,-0.00972828284988829));
#3036=CARTESIAN_POINT('',(0.00169105207196283,0.,-0.00973953456848745));
#3037=CARTESIAN_POINT('',(0.00169237306542771,0.,-0.00975275891030491));
#3038=CARTESIAN_POINT('',(0.00169385477891446,0.,-0.00977062432355118));
#3039=CARTESIAN_POINT('',(0.0016951907292618,0.,-0.00979223722111629));
#3040=CARTESIAN_POINT('',(0.00169627004376037,0.,-0.00981788447191168));
#3041=CARTESIAN_POINT('',(0.00169691993365216,0.,-0.00984747383920096));
#3042=CARTESIAN_POINT('',(0.00169698669927688,0.,-0.00988102348701687));
#3043=CARTESIAN_POINT('',(0.00169631113373824,0.,-0.00991851233333997));
#3044=CARTESIAN_POINT('',(0.00169473604606905,0.,-0.00995992482105867));
#3045=CARTESIAN_POINT('',(0.0016921042009563,0.,-0.0100052376899351));
#3046=CARTESIAN_POINT('',(0.00168825908158822,0.,-0.0100544238415866));
#3047=CARTESIAN_POINT('',(0.00168304483035135,0.,-0.0101074512337544));
#3048=CARTESIAN_POINT('',(0.00167630642690799,0.,-0.0101642832170298));
#3049=CARTESIAN_POINT('',(0.0016678897977778,0.,-0.0102248784629792));
#3050=CARTESIAN_POINT('',(0.00165764194489848,0.,-0.0102891910134957));
#3051=CARTESIAN_POINT('',(0.00164541106810531,0.,-0.0103571703000954));
#3052=CARTESIAN_POINT('',(0.00163104668852252,0.,-0.0104287611758956));
#3053=CARTESIAN_POINT('',(0.00161439977078542,0.,-0.0105039039480979));
#3054=CARTESIAN_POINT('',(0.0015953228445786,0.,-0.0105825344143337));
#3055=CARTESIAN_POINT('',(0.00157367012525657,0.,-0.010664583901875));
#3056=CARTESIAN_POINT('',(0.00154929763351702,0.,-0.0107499793099467));
#3057=CARTESIAN_POINT('',(0.00152206331403971,0.,-0.0108386431550337));
#3058=CARTESIAN_POINT('',(0.00149182715302765,0.,-0.010930493619175));
#3059=CARTESIAN_POINT('',(0.00145845129455613,0.,-0.011025444601207));
#3060=CARTESIAN_POINT('',(0.00142180015574329,0.,-0.0111234057709348));
#3061=CARTESIAN_POINT('',(0.00138174054034721,0.,-0.0112242826261761));
#3062=CARTESIAN_POINT('',(0.00133814175196751,0.,-0.0113279765527327));
#3063=CARTESIAN_POINT('',(0.00129087570199907,0.,-0.0114343848869231));
#3064=CARTESIAN_POINT('',(0.00123981703059518,0.,-0.0115434009819178));
#3065=CARTESIAN_POINT('',(0.00118484317043645,0.,-0.0116549142729556));
#3066=CARTESIAN_POINT('',(0.0011258346214532,0.,-0.0117688103600794));
#3067=CARTESIAN_POINT('',(0.00106267441153156,0.,-0.0118849710369958));
#3068=CARTESIAN_POINT('',(0.00099525065669693,0.,-0.01200327453848));
#3069=CARTESIAN_POINT('',(0.00092344728707452,0.,-0.0121235949666068));
#3070=CARTESIAN_POINT('',(0.00084717988700018,0.,-0.0122458048605041));
#3071=CARTESIAN_POINT('',(0.000766259611117618,0.,-0.0123697657994247));
#3072=CARTESIAN_POINT('',(0.000689293261854294,0.,-0.0124830304274659));
#3073=CARTESIAN_POINT('',(0.000638156291662367,0.,-0.0125548731182727));
#3074=CARTESIAN_POINT('',(0.000616664998280292,0.,-0.0125849006464054));
#3075=CARTESIAN_POINT('',(-0.00134770727142468,0.,-0.00775882143824364));
#3076=CARTESIAN_POINT('',(-0.00151332443936823,0.,-0.00870984516908088));
#3077=CARTESIAN_POINT('',(-0.00168796625325484,0.,-0.00971269113888538));
#3078=CARTESIAN_POINT('',(-0.00168961018458478,0.,-0.00972828284988829));
#3079=CARTESIAN_POINT('',(-0.00169105207196283,0.,-0.00973953456848745));
#3080=CARTESIAN_POINT('',(-0.00169237306542771,0.,-0.00975275891030491));
#3081=CARTESIAN_POINT('',(-0.00169385477891446,0.,-0.00977062432355118));
#3082=CARTESIAN_POINT('',(-0.0016951907292618,0.,-0.00979223722111629));
#3083=CARTESIAN_POINT('',(-0.00169627004376037,0.,-0.00981788447191168));
#3084=CARTESIAN_POINT('',(-0.00169691993365216,0.,-0.00984747383920096));
#3085=CARTESIAN_POINT('',(-0.00169698669927688,0.,-0.00988102348701687));
#3086=CARTESIAN_POINT('',(-0.00169631113373825,0.,-0.00991851233333997));
#3087=CARTESIAN_POINT('',(-0.00169473604606905,0.,-0.00995992482105867));
#3088=CARTESIAN_POINT('',(-0.0016921042009563,0.,-0.0100052376899351));
#3089=CARTESIAN_POINT('',(-0.00168825908158823,0.,-0.0100544238415866));
#3090=CARTESIAN_POINT('',(-0.00168304483035135,0.,-0.0101074512337544));
#3091=CARTESIAN_POINT('',(-0.00167630642690799,0.,-0.0101642832170298));
#3092=CARTESIAN_POINT('',(-0.0016678897977778,0.,-0.0102248784629792));
#3093=CARTESIAN_POINT('',(-0.00165764194489849,0.,-0.0102891910134957));
#3094=CARTESIAN_POINT('',(-0.00164541106810532,0.,-0.0103571703000954));
#3095=CARTESIAN_POINT('',(-0.00163104668852252,0.,-0.0104287611758956));
#3096=CARTESIAN_POINT('',(-0.00161439977078542,0.,-0.0105039039480979));
#3097=CARTESIAN_POINT('',(-0.00159532284457861,0.,-0.0105825344143337));
#3098=CARTESIAN_POINT('',(-0.00157367012525657,0.,-0.010664583901875));
#3099=CARTESIAN_POINT('',(-0.00154929763351702,0.,-0.0107499793099467));
#3100=CARTESIAN_POINT('',(-0.00152206331403971,0.,-0.0108386431550337));
#3101=CARTESIAN_POINT('',(-0.00149182715302766,0.,-0.010930493619175));
#3102=CARTESIAN_POINT('',(-0.00145845129455613,0.,-0.011025444601207));
#3103=CARTESIAN_POINT('',(-0.00142180015574329,0.,-0.0111234057709348));
#3104=CARTESIAN_POINT('',(-0.00138174054034721,0.,-0.0112242826261761));
#3105=CARTESIAN_POINT('',(-0.00133814175196752,0.,-0.0113279765527327));
#3106=CARTESIAN_POINT('',(-0.00129087570199907,0.,-0.0114343848869231));
#3107=CARTESIAN_POINT('',(-0.00123981703059518,0.,-0.0115434009819178));
#3108=CARTESIAN_POINT('',(-0.00118484317043645,0.,-0.0116549142729556));
#3109=CARTESIAN_POINT('',(-0.0011258346214532,0.,-0.0117688103600794));
#3110=CARTESIAN_POINT('',(-0.00106267441153157,0.,-0.0118849710369958));
#3111=CARTESIAN_POINT('',(-0.000995250656696934,0.,-0.01200327453848));
#3112=CARTESIAN_POINT('',(-0.000923447287074525,0.,-0.0121235949666068));
#3113=CARTESIAN_POINT('',(-0.000847179887000184,0.,-0.0122458048605041));
#3114=CARTESIAN_POINT('',(-0.000766259611117622,0.,-0.0123697657994246));
#3115=CARTESIAN_POINT('',(-0.000689293261854298,0.,-0.0124830304274659));
#3116=CARTESIAN_POINT('',(-0.000638156291662371,0.,-0.0125548731182727));
#3117=CARTESIAN_POINT('',(-0.000616664998280296,0.,-0.0125849006464054));
#3118=CARTESIAN_POINT('',(-0.00148898591310246,0.,-0.00857021535115522));
#3119=CARTESIAN_POINT('',(-0.00234252654928567,0.,-0.00842164968389816));
#3120=CARTESIAN_POINT('',(-0.0021103544161937,0.,-0.00758696442841614));
#3121=CARTESIAN_POINT('',(-5.62452181067792E-17,0.,-1.69596429880549E-16));
#3122=CARTESIAN_POINT('',(-0.00275219321383567,0.,-0.00737841836125581));
#3123=CARTESIAN_POINT('',(-0.0030549776960223,0.,-0.00819016027371971));
#3124=CARTESIAN_POINT('',(-0.0038328312842948,0.,-0.00780865382513049));
#3125=CARTESIAN_POINT('',(-0.00347020273054503,0.,-0.00706918085841053));
#3126=CARTESIAN_POINT('',(-0.00389521335068475,0.,-0.00793592254755539));
#3127=CARTESIAN_POINT('',(-0.00434338322669405,0.,-0.00884989386250381));
#3128=CARTESIAN_POINT('',(-0.00435121783609605,0.,-0.00886347410026806));
#3129=CARTESIAN_POINT('',(-0.00435666491895876,0.,-0.008873424451967));
#3130=CARTESIAN_POINT('',(-0.00436336928588779,0.,-0.00888489962971378));
#3131=CARTESIAN_POINT('',(-0.00437267158092848,0.,-0.00890022398197718));
#3132=CARTESIAN_POINT('',(-0.00438429451684193,0.,-0.008918494435317));
#3133=CARTESIAN_POINT('',(-0.00439849640884969,0.,-0.00893987790221431));
#3134=CARTESIAN_POINT('',(-0.00441536283060006,0.,-0.00896419819889815));
#3135=CARTESIAN_POINT('',(-0.00443502880428082,0.,-0.00899137967798608));
#3136=CARTESIAN_POINT('',(-0.00445761073927657,0.,-0.00902131170430042));
#3137=CARTESIAN_POINT('',(-0.00448322666151037,0.,-0.00905388929734116));
#3138=CARTESIAN_POINT('',(-0.0045119901049978,0.,-0.00908900121858252));
#3139=CARTESIAN_POINT('',(-0.00454401176646973,0.,-0.00912653354669861));
#3140=CARTESIAN_POINT('',(-0.00457939890341704,0.,-0.00916636874815091));
#3141=CARTESIAN_POINT('',(-0.00461825538794551,0.,-0.00920838605427678));
#3142=CARTESIAN_POINT('',(-0.00466068157587525,0.,-0.00925246146755141));
#3143=CARTESIAN_POINT('',(-0.0047067742317414,0.,-0.00929846787708074));
#3144=CARTESIAN_POINT('',(-0.00475662644104784,0.,-0.00934627514620375));
#3145=CARTESIAN_POINT('',(-0.00481032752923802,0.,-0.00939575021089119));
#3146=CARTESIAN_POINT('',(-0.00486796298190824,0.,-0.00944675717786537));
#3147=CARTESIAN_POINT('',(-0.00492961436784427,0.,-0.00949915742544231));
#3148=CARTESIAN_POINT('',(-0.00499535926448513,0.,-0.00955280970615342));
#3149=CARTESIAN_POINT('',(-0.00506527118597571,0.,-0.00960757025131886));
#3150=CARTESIAN_POINT('',(-0.00513941951381679,0.,-0.00966329287743591));
#3151=CARTESIAN_POINT('',(-0.00521786943015866,0.,-0.00971982909433859));
#3152=CARTESIAN_POINT('',(-0.00530068185379307,0.,-0.00977702821504292));
#3153=CARTESIAN_POINT('',(-0.00538791337881921,0.,-0.00983473746726768));
#3154=CARTESIAN_POINT('',(-0.00547961621627124,0.,-0.00989280210635467));
#3155=CARTESIAN_POINT('',(-0.00557583813778681,0.,-0.00995106553032498));
#3156=CARTESIAN_POINT('',(-0.00567662242502643,0.,-0.0100093693939226));
#3157=CARTESIAN_POINT('',(-0.00578200781080274,0.,-0.0100675537333808));
#3158=CARTESIAN_POINT('',(-0.00589202846582416,0.,-0.0101254570566662));
#3159=CARTESIAN_POINT('',(-0.00600671382507022,0.,-0.0101829165718906));
#3160=CARTESIAN_POINT('',(-0.00612608904105288,0.,-0.0102397678936705));
#3161=CARTESIAN_POINT('',(-0.00625017305800567,0.,-0.0102958467481193));
#3162=CARTESIAN_POINT('',(-0.006378985777486,0.,-0.0103509830575154));
#3163=CARTESIAN_POINT('',(-0.00651252057358003,0.,-0.0104050240855647));
#3164=CARTESIAN_POINT('',(-0.00665084886371633,0.,-0.0104577468470149));
#3165=CARTESIAN_POINT('',(-0.00677969122623441,0.,-0.010504140170942));
#3166=CARTESIAN_POINT('',(-0.00686328997830177,0.,-0.0105322045718006));
#3167=CARTESIAN_POINT('',(-0.00689832653807818,0.,-0.0105438650870564));
#3168=CARTESIAN_POINT('',(-0.00565083890259554,0.,-0.00548485594130902));
#3169=CARTESIAN_POINT('',(-0.00634382372958842,0.,-0.00615690297276655));
#3170=CARTESIAN_POINT('',(-0.00707456999632318,0.,-0.00686557052244267));
#3171=CARTESIAN_POINT('',(-0.0070850645424922,0.,-0.00687721820302387));
#3172=CARTESIAN_POINT('',(-0.00709284464814056,0.,-0.00688547351445023));
#3173=CARTESIAN_POINT('',(-0.00710168642739468,0.,-0.00689539577124295));
#3174=CARTESIAN_POINT('',(-0.00711338618521852,0.,-0.00690897826483508));
#3175=CARTESIAN_POINT('',(-0.00712717073420125,0.,-0.00692567821435098));
#3176=CARTESIAN_POINT('',(-0.00714311899375224,0.,-0.0069457928709586));
#3177=CARTESIAN_POINT('',(-0.00716103695943648,0.,-0.00696934917625442));
#3178=CARTESIAN_POINT('',(-0.00718081096216731,0.,-0.00699645216764322));
#3179=CARTESIAN_POINT('',(-0.00720229980915992,0.,-0.00702717836887868));
#3180=CARTESIAN_POINT('',(-0.0072253671860097,0.,-0.00706160758852547));
#3181=CARTESIAN_POINT('',(-0.00724987221465157,0.,-0.00709981342925401));
#3182=CARTESIAN_POINT('',(-0.00727567234229516,0.,-0.00714186596628582));
#3183=CARTESIAN_POINT('',(-0.00730262264351532,0.,-0.0071878308876957));
#3184=CARTESIAN_POINT('',(-0.00733057616224252,0.,-0.00723776966215756));
#3185=CARTESIAN_POINT('',(-0.00735938395816893,0.,-0.00729173941638568));
#3186=CARTESIAN_POINT('',(-0.00738889523976463,0.,-0.00734979289949526));
#3187=CARTESIAN_POINT('',(-0.00741895747470751,0.,-0.00741197842662153));
#3188=CARTESIAN_POINT('',(-0.00744941650850543,0.,-0.00747833983226316));
#3189=CARTESIAN_POINT('',(-0.00748011668246909,0.,-0.00754891642472133));
#3190=CARTESIAN_POINT('',(-0.00751090095340161,0.,-0.00762374294406515));
#3191=CARTESIAN_POINT('',(-0.00754161101423057,0.,-0.0077028495229553));
#3192=CARTESIAN_POINT('',(-0.00757208741569603,0.,-0.00778626165053299));
#3193=CARTESIAN_POINT('',(-0.00760216968896235,0.,-0.00787400013934001));
#3194=CARTESIAN_POINT('',(-0.00763169646909739,0.,-0.00796608109530035));
#3195=CARTESIAN_POINT('',(-0.00766050561932118,0.,-0.00806251589078899));
#3196=CARTESIAN_POINT('',(-0.00768843435602175,0.,-0.00816331114076158));
#3197=CARTESIAN_POINT('',(-0.00771531937418667,0.,-0.00826846868213322));
#3198=CARTESIAN_POINT('',(-0.00774099697423558,0.,-0.00837798555575834));
#3199=CARTESIAN_POINT('',(-0.0077653031861123,0.,-0.00849185399356714));
#3200=CARTESIAN_POINT('',(-0.00778807390613671,0.,-0.00861006140113104));
#3201=CARTESIAN_POINT('',(-0.00780914498692852,0.,-0.00873259037294219));
#3202=CARTESIAN_POINT('',(-0.00782835250829287,0.,-0.00885941859786971));
#3203=CARTESIAN_POINT('',(-0.00784553235788575,0.,-0.0089905191994968));
#3204=CARTESIAN_POINT('',(-0.00786052244786696,0.,-0.0091258594314376));
#3205=CARTESIAN_POINT('',(-0.00787315487479146,0.,-0.00926540566429156));
#3206=CARTESIAN_POINT('',(-0.00788328642533162,0.,-0.00940910439832967));
#3207=CARTESIAN_POINT('',(-0.00789068295871092,0.,-0.00955695464933025));
#3208=CARTESIAN_POINT('',(-0.00789499115213095,0.,-0.00969382734329697));
#3209=CARTESIAN_POINT('',(-0.00789584854834607,0.,-0.00978200685800702));
#3210=CARTESIAN_POINT('',(-0.00789611146496809,0.,-0.00981893190386814));
#3211=CARTESIAN_POINT('',(-0.00624206110046439,0.,-0.00605824590394476));
#3212=CARTESIAN_POINT('',(-0.00684526527231552,0.,-0.00543635515617233));
#3213=CARTESIAN_POINT('',(-0.00616681838754552,0.,-0.00489754795535792));
#3214=CARTESIAN_POINT('',(-1.45189617625951E-16,0.,-1.04146284243545E-16));
#3215=CARTESIAN_POINT('',(-0.00656349657978663,0.,-0.00435156726331207));
#3216=CARTESIAN_POINT('',(-0.00728558429632259,0.,-0.00483030801228947));
#3217=CARTESIAN_POINT('',(-0.00769063720423536,0.,-0.0040644519442878));
#3218=CARTESIAN_POINT('',(-0.00696261323729923,0.,-0.00367935346328476));
#3219=CARTESIAN_POINT('',(-0.00781591203420851,0.,-0.00413074724495039));
#3220=CARTESIAN_POINT('',(-0.00871570794021199,0.,-0.00460673792747487));
#3221=CARTESIAN_POINT('',(-0.00873002853584296,0.,-0.00461311950274984));
#3222=CARTESIAN_POINT('',(-0.00874028398843241,0.,-0.00461796779139956));
#3223=CARTESIAN_POINT('',(-0.00875245287546152,0.,-0.00462331067720334));
#3224=CARTESIAN_POINT('',(-0.00876898601849749,0.,-0.00463024058677482));
#3225=CARTESIAN_POINT('',(-0.00878912827420184,0.,-0.00463818990370341));
#3226=CARTESIAN_POINT('',(-0.00881318673267352,0.,-0.00464714182914518));
#3227=CARTESIAN_POINT('',(-0.008841127066226,0.,-0.00465690352850684));
#3228=CARTESIAN_POINT('',(-0.00887301404568805,0.,-0.00466733443771969));
#3229=CARTESIAN_POINT('',(-0.00890887681850427,0.,-0.00467827662732534));
#3230=CARTESIAN_POINT('',(-0.00894874916366255,0.,-0.00468957579241824));
#3231=CARTESIAN_POINT('',(-0.00899265754774594,0.,-0.00470107520552059));
#3232=CARTESIAN_POINT('',(-0.0090406245650157,0.,-0.00471261763643786));
#3233=CARTESIAN_POINT('',(-0.00909266790412411,0.,-0.00472404495416864));
#3234=CARTESIAN_POINT('',(-0.00914880061333115,0.,-0.00473519840032056));
#3235=CARTESIAN_POINT('',(-0.00920903099828438,0.,-0.00474591867111774));
#3236=CARTESIAN_POINT('',(-0.00927336262922824,0.,-0.00475604605492003));
#3237=CARTESIAN_POINT('',(-0.00934179432150717,0.,-0.00476542055467067));
#3238=CARTESIAN_POINT('',(-0.00941432012784895,0.,-0.00477388201513037));
#3239=CARTESIAN_POINT('',(-0.00949092933148923,0.,-0.00478127024915525));
#3240=CARTESIAN_POINT('',(-0.00957160644318045,0.,-0.00478742516451786));
#3241=CARTESIAN_POINT('',(-0.00965633120121018,0.,-0.00479218689074113));
#3242=CARTESIAN_POINT('',(-0.00974507857466121,0.,-0.00479539590598962));
#3243=CARTESIAN_POINT('',(-0.00983781876983974,0.,-0.00479689316390237));
#3244=CARTESIAN_POINT('',(-0.00993451723988341,0.,-0.00479652022030499));
#3245=CARTESIAN_POINT('',(-0.0100351346975431,0.,-0.00479411935969918));
#3246=CARTESIAN_POINT('',(-0.010139627131113,0.,-0.00478953372153634));
#3247=CARTESIAN_POINT('',(-0.0102479458235792,0.,-0.00478260742588228));
#3248=CARTESIAN_POINT('',(-0.0103600373746745,0.,-0.00477318569961065));
#3249=CARTESIAN_POINT('',(-0.0104758437269917,0.,-0.00476111499839661));
#3250=CARTESIAN_POINT('',(-0.0105953021916914,0.,-0.0047462431422583));
#3251=CARTESIAN_POINT('',(-0.0107183454908218,0.,-0.0047284193963578));
#3252=CARTESIAN_POINT('',(-0.0108449017511107,0.,-0.00470749475784423));
#3253=CARTESIAN_POINT('',(-0.0109748946980634,0.,-0.00468332145187296));
#3254=CARTESIAN_POINT('',(-0.011108243100119,0.,-0.00465575544293708));
#3255=CARTESIAN_POINT('',(-0.011244863088799,0.,-0.00462464743742738));
#3256=CARTESIAN_POINT('',(-0.0113846595274856,0.,-0.00458987776370083));
#3257=CARTESIAN_POINT('',(-0.0115275591266493,0.,-0.00455122404478743));
#3258=CARTESIAN_POINT('',(-0.011659064099131,0.,-0.0045130253917114));
#3259=CARTESIAN_POINT('',(-0.0117431927512012,0.,-0.00448659185536771));
#3260=CARTESIAN_POINT('',(-0.0117783918023862,0.,-0.00447543143724516));
#3261=CARTESIAN_POINT('',(-0.00779554213792506,0.,-0.00111586189819115));
#3262=CARTESIAN_POINT('',(-0.00875119797374396,0.,-0.00125223310629066));
#3263=CARTESIAN_POINT('',(-0.00975892845658629,0.,-0.00139603531858622));
#3264=CARTESIAN_POINT('',(-0.00977426505765433,0.,-0.00139928995065381));
#3265=CARTESIAN_POINT('',(-0.00978541164565137,0.,-0.00140139560653022));
#3266=CARTESIAN_POINT('',(-0.00979839695154069,0.,-0.00140422581344848));
#3267=CARTESIAN_POINT('',(-0.00981584584387306,0.,-0.00140833733648625));
#3268=CARTESIAN_POINT('',(-0.00983681376229936,0.,-0.00141374552484827));
#3269=CARTESIAN_POINT('',(-0.00986153927381569,0.,-0.00142064447211605));
#3270=CARTESIAN_POINT('',(-0.00988988126141026,0.,-0.00142917000744477));
#3271=CARTESIAN_POINT('',(-0.00992180950429766,0.,-0.00143947392089274));
#3272=CARTESIAN_POINT('',(-0.00995725475464938,0.,-0.00145170111251378));
#3273=CARTESIAN_POINT('',(-0.00999615364209283,0.,-0.00146599627238973));
#3274=CARTESIAN_POINT('',(-0.0100384354564434,0.,-0.0014825017523808));
#3275=CARTESIAN_POINT('',(-0.0100840260592529,0.,-0.00150135803495996));
#3276=CARTESIAN_POINT('',(-0.010132846813871,0.,-0.0015227034479236));
#3277=CARTESIAN_POINT('',(-0.0101848149607202,0.,-0.00154667409908398));
#3278=CARTESIAN_POINT('',(-0.0102398435828003,0.,-0.00157340374984017));
#3279=CARTESIAN_POINT('',(-0.010297841692353,0.,-0.00160302370816029));
#3280=CARTESIAN_POINT('',(-0.0103587142870615,0.,-0.00163566271805922));
#3281=CARTESIAN_POINT('',(-0.0104223624185938,0.,-0.00167144685212841));
#3282=CARTESIAN_POINT('',(-0.0104886832612647,0.,-0.00171049940533349));
#3283=CARTESIAN_POINT('',(-0.0105575701841592,0.,-0.00175294079065585));
#3284=CARTESIAN_POINT('',(-0.010628912825699,0.,-0.00179888843649259));
#3285=CARTESIAN_POINT('',(-0.0107025971708645,0.,-0.00184845668591556));
#3286=CARTESIAN_POINT('',(-0.0107785056309456,0.,-0.00190175669783984));
#3287=CARTESIAN_POINT('',(-0.0108565171257945,0.,-0.00195889635015898));
#3288=CARTESIAN_POINT('',(-0.0109365071685151,0.,-0.00201998014492576));
#3289=CARTESIAN_POINT('',(-0.0110183479525723,0.,-0.0020851091155581));
#3290=CARTESIAN_POINT('',(-0.0111019084411474,0.,-0.00215438073642949));
#3291=CARTESIAN_POINT('',(-0.0111870544591557,0.,-0.00222788883374));
#3292=CARTESIAN_POINT('',(-0.0112736487860785,0.,-0.00230572350217002));
#3293=CARTESIAN_POINT('',(-0.0113615512564302,0.,-0.00238797101033579));
#3294=CARTESIAN_POINT('',(-0.0114506188414897,0.,-0.00247471376029501));
#3295=CARTESIAN_POINT('',(-0.0115407058128802,0.,-0.00256603005183673));
#3296=CARTESIAN_POINT('',(-0.0116316636033647,0.,-0.00266199460429853));
#3297=CARTESIAN_POINT('',(-0.0117233418332833,0.,-0.00276267619813978));
#3298=CARTESIAN_POINT('',(-0.01181558489903,0.,-0.00286814631777276));
#3299=CARTESIAN_POINT('',(-0.011908245492237,0.,-0.0029784458596894));
#3300=CARTESIAN_POINT('',(-0.0120011336105262,0.,-0.00309371165213302));
#3301=CARTESIAN_POINT('',(-0.0120850707631733,0.,-0.00320191169506166));
#3302=CARTESIAN_POINT('',(-0.0121375950295831,0.,-0.00327274645616721));
#3303=CARTESIAN_POINT('',(-0.0121595117309958,0.,-0.00330246490727393));
#3304=CARTESIAN_POINT('',(-0.00861088110730249,0.,-0.00123223243363224));
#3305=CARTESIAN_POINT('',(-0.00873334532333014,0.,-0.000374557733704402));
#3306=CARTESIAN_POINT('',(-0.00786776733730278,0.,-0.000337434624885522));
#3307=CARTESIAN_POINT('',(-1.78676518025611E-16,0.,1.08420217248553E-18));
#3308=CARTESIAN_POINT('',(-0.00786776733730278,0.,0.000337434624885524));
#3309=CARTESIAN_POINT('',(-0.00873334532333014,0.,0.000374557733704404));
#3310=CARTESIAN_POINT('',(-0.00861088110730248,0.,0.00123223243363224));
#3311=CARTESIAN_POINT('',(-0.00779554213792506,0.,0.00111586189819115));
#3312=CARTESIAN_POINT('',(-0.00875119797374396,0.,0.00125223310629067));
#3313=CARTESIAN_POINT('',(-0.00975892845658629,0.,0.00139603531858622));
#3314=CARTESIAN_POINT('',(-0.00977426505765433,0.,0.00139928995065382));
#3315=CARTESIAN_POINT('',(-0.00978541164565137,0.,0.00140139560653022));
#3316=CARTESIAN_POINT('',(-0.00979839695154069,0.,0.00140422581344848));
#3317=CARTESIAN_POINT('',(-0.00981584584387306,0.,0.00140833733648625));
#3318=CARTESIAN_POINT('',(-0.00983681376229936,0.,0.00141374552484828));
#3319=CARTESIAN_POINT('',(-0.00986153927381569,0.,0.00142064447211605));
#3320=CARTESIAN_POINT('',(-0.00988988126141026,0.,0.00142917000744477));
#3321=CARTESIAN_POINT('',(-0.00992180950429766,0.,0.00143947392089274));
#3322=CARTESIAN_POINT('',(-0.00995725475464938,0.,0.00145170111251378));
#3323=CARTESIAN_POINT('',(-0.00999615364209283,0.,0.00146599627238973));
#3324=CARTESIAN_POINT('',(-0.0100384354564434,0.,0.00148250175238081));
#3325=CARTESIAN_POINT('',(-0.0100840260592529,0.,0.00150135803495996));
#3326=CARTESIAN_POINT('',(-0.010132846813871,0.,0.00152270344792361));
#3327=CARTESIAN_POINT('',(-0.0101848149607202,0.,0.00154667409908398));
#3328=CARTESIAN_POINT('',(-0.0102398435828003,0.,0.00157340374984017));
#3329=CARTESIAN_POINT('',(-0.010297841692353,0.,0.00160302370816029));
#3330=CARTESIAN_POINT('',(-0.0103587142870615,0.,0.00163566271805922));
#3331=CARTESIAN_POINT('',(-0.0104223624185938,0.,0.00167144685212841));
#3332=CARTESIAN_POINT('',(-0.0104886832612647,0.,0.0017104994053335));
#3333=CARTESIAN_POINT('',(-0.0105575701841592,0.,0.00175294079065586));
#3334=CARTESIAN_POINT('',(-0.010628912825699,0.,0.00179888843649259));
#3335=CARTESIAN_POINT('',(-0.0107025971708645,0.,0.00184845668591556));
#3336=CARTESIAN_POINT('',(-0.0107785056309456,0.,0.00190175669783985));
#3337=CARTESIAN_POINT('',(-0.0108565171257945,0.,0.00195889635015899));
#3338=CARTESIAN_POINT('',(-0.0109365071685151,0.,0.00201998014492576));
#3339=CARTESIAN_POINT('',(-0.0110183479525723,0.,0.0020851091155581));
#3340=CARTESIAN_POINT('',(-0.0111019084411474,0.,0.00215438073642949));
#3341=CARTESIAN_POINT('',(-0.0111870544591557,0.,0.00222788883374001));
#3342=CARTESIAN_POINT('',(-0.0112736487860785,0.,0.00230572350217002));
#3343=CARTESIAN_POINT('',(-0.0113615512564302,0.,0.0023879710103358));
#3344=CARTESIAN_POINT('',(-0.0114506188414897,0.,0.00247471376029501));
#3345=CARTESIAN_POINT('',(-0.0115407058128802,0.,0.00256603005183673));
#3346=CARTESIAN_POINT('',(-0.0116316636033647,0.,0.00266199460429853));
#3347=CARTESIAN_POINT('',(-0.0117233418332833,0.,0.00276267619813979));
#3348=CARTESIAN_POINT('',(-0.01181558489903,0.,0.00286814631777276));
#3349=CARTESIAN_POINT('',(-0.011908245492237,0.,0.0029784458596894));
#3350=CARTESIAN_POINT('',(-0.0120011336105262,0.,0.00309371165213302));
#3351=CARTESIAN_POINT('',(-0.0120850707631733,0.,0.00320191169506166));
#3352=CARTESIAN_POINT('',(-0.0121375950295831,0.,0.00327274645616722));
#3353=CARTESIAN_POINT('',(-0.0121595117309958,0.,0.00330246490727393));
#3354=CARTESIAN_POINT('',(-0.00696261323729923,0.,0.00367935346328476));
#3355=CARTESIAN_POINT('',(-0.00781591203420851,0.,0.00413074724495039));
#3356=CARTESIAN_POINT('',(-0.00871570794021199,0.,0.00460673792747487));
#3357=CARTESIAN_POINT('',(-0.00873002853584295,0.,0.00461311950274984));
#3358=CARTESIAN_POINT('',(-0.00874028398843241,0.,0.00461796779139957));
#3359=CARTESIAN_POINT('',(-0.00875245287546152,0.,0.00462331067720334));
#3360=CARTESIAN_POINT('',(-0.00876898601849748,0.,0.00463024058677482));
#3361=CARTESIAN_POINT('',(-0.00878912827420184,0.,0.00463818990370342));
#3362=CARTESIAN_POINT('',(-0.00881318673267352,0.,0.00464714182914518));
#3363=CARTESIAN_POINT('',(-0.008841127066226,0.,0.00465690352850684));
#3364=CARTESIAN_POINT('',(-0.00887301404568805,0.,0.0046673344377197));
#3365=CARTESIAN_POINT('',(-0.00890887681850427,0.,0.00467827662732535));
#3366=CARTESIAN_POINT('',(-0.00894874916366254,0.,0.00468957579241824));
#3367=CARTESIAN_POINT('',(-0.00899265754774594,0.,0.00470107520552059));
#3368=CARTESIAN_POINT('',(-0.0090406245650157,0.,0.00471261763643786));
#3369=CARTESIAN_POINT('',(-0.0090926679041241,0.,0.00472404495416865));
#3370=CARTESIAN_POINT('',(-0.00914880061333114,0.,0.00473519840032056));
#3371=CARTESIAN_POINT('',(-0.00920903099828438,0.,0.00474591867111774));
#3372=CARTESIAN_POINT('',(-0.00927336262922824,0.,0.00475604605492003));
#3373=CARTESIAN_POINT('',(-0.00934179432150717,0.,0.00476542055467068));
#3374=CARTESIAN_POINT('',(-0.00941432012784894,0.,0.00477388201513037));
#3375=CARTESIAN_POINT('',(-0.00949092933148923,0.,0.00478127024915525));
#3376=CARTESIAN_POINT('',(-0.00957160644318045,0.,0.00478742516451786));
#3377=CARTESIAN_POINT('',(-0.00965633120121018,0.,0.00479218689074114));
#3378=CARTESIAN_POINT('',(-0.00974507857466121,0.,0.00479539590598962));
#3379=CARTESIAN_POINT('',(-0.00983781876983974,0.,0.00479689316390238));
#3380=CARTESIAN_POINT('',(-0.0099345172398834,0.,0.00479652022030499));
#3381=CARTESIAN_POINT('',(-0.0100351346975431,0.,0.00479411935969918));
#3382=CARTESIAN_POINT('',(-0.010139627131113,0.,0.00478953372153635));
#3383=CARTESIAN_POINT('',(-0.0102479458235792,0.,0.00478260742588229));
#3384=CARTESIAN_POINT('',(-0.0103600373746745,0.,0.00477318569961065));
#3385=CARTESIAN_POINT('',(-0.0104758437269917,0.,0.00476111499839661));
#3386=CARTESIAN_POINT('',(-0.0105953021916914,0.,0.0047462431422583));
#3387=CARTESIAN_POINT('',(-0.0107183454908218,0.,0.0047284193963578));
#3388=CARTESIAN_POINT('',(-0.0108449017511107,0.,0.00470749475784424));
#3389=CARTESIAN_POINT('',(-0.0109748946980634,0.,0.00468332145187296));
#3390=CARTESIAN_POINT('',(-0.011108243100119,0.,0.00465575544293709));
#3391=CARTESIAN_POINT('',(-0.011244863088799,0.,0.00462464743742738));
#3392=CARTESIAN_POINT('',(-0.0113846595274856,0.,0.00458987776370083));
#3393=CARTESIAN_POINT('',(-0.0115275591266493,0.,0.00455122404478743));
#3394=CARTESIAN_POINT('',(-0.011659064099131,0.,0.00451302539171141));
#3395=CARTESIAN_POINT('',(-0.0117431927512012,0.,0.00448659185536771));
#3396=CARTESIAN_POINT('',(-0.0117783918023862,0.,0.00447543143724516));
#3397=CARTESIAN_POINT('',(-0.00769063720423537,0.,0.00406445194428781));
#3398=CARTESIAN_POINT('',(-0.00728558429632259,0.,0.00483030801228947));
#3399=CARTESIAN_POINT('',(-0.00656349657978663,0.,0.00435156726331207));
#3400=CARTESIAN_POINT('',(-1.43915061530971E-16,0.,1.05900560209303E-16));
#3401=CARTESIAN_POINT('',(-0.00616681838754552,0.,0.00489754795535792));
#3402=CARTESIAN_POINT('',(-0.00684526527231551,0.,0.00543635515617233));
#3403=CARTESIAN_POINT('',(-0.00624206110046438,0.,0.00605824590394476));
#3404=CARTESIAN_POINT('',(-0.00565083890259554,0.,0.00548485594130902));
#3405=CARTESIAN_POINT('',(-0.00634382372958842,0.,0.00615690297276655));
#3406=CARTESIAN_POINT('',(-0.00707456999632318,0.,0.00686557052244267));
#3407=CARTESIAN_POINT('',(-0.0070850645424922,0.,0.00687721820302388));
#3408=CARTESIAN_POINT('',(-0.00709284464814055,0.,0.00688547351445023));
#3409=CARTESIAN_POINT('',(-0.00710168642739468,0.,0.00689539577124295));
#3410=CARTESIAN_POINT('',(-0.00711338618521852,0.,0.00690897826483508));
#3411=CARTESIAN_POINT('',(-0.00712717073420125,0.,0.00692567821435098));
#3412=CARTESIAN_POINT('',(-0.00714311899375224,0.,0.0069457928709586));
#3413=CARTESIAN_POINT('',(-0.00716103695943648,0.,0.00696934917625442));
#3414=CARTESIAN_POINT('',(-0.00718081096216731,0.,0.00699645216764322));
#3415=CARTESIAN_POINT('',(-0.00720229980915992,0.,0.00702717836887868));
#3416=CARTESIAN_POINT('',(-0.0072253671860097,0.,0.00706160758852548));
#3417=CARTESIAN_POINT('',(-0.00724987221465157,0.,0.00709981342925402));
#3418=CARTESIAN_POINT('',(-0.00727567234229516,0.,0.00714186596628582));
#3419=CARTESIAN_POINT('',(-0.00730262264351531,0.,0.0071878308876957));
#3420=CARTESIAN_POINT('',(-0.00733057616224252,0.,0.00723776966215757));
#3421=CARTESIAN_POINT('',(-0.00735938395816893,0.,0.00729173941638568));
#3422=CARTESIAN_POINT('',(-0.00738889523976462,0.,0.00734979289949527));
#3423=CARTESIAN_POINT('',(-0.00741895747470751,0.,0.00741197842662153));
#3424=CARTESIAN_POINT('',(-0.00744941650850543,0.,0.00747833983226316));
#3425=CARTESIAN_POINT('',(-0.00748011668246908,0.,0.00754891642472133));
#3426=CARTESIAN_POINT('',(-0.00751090095340161,0.,0.00762374294406515));
#3427=CARTESIAN_POINT('',(-0.00754161101423056,0.,0.0077028495229553));
#3428=CARTESIAN_POINT('',(-0.00757208741569603,0.,0.00778626165053299));
#3429=CARTESIAN_POINT('',(-0.00760216968896235,0.,0.00787400013934001));
#3430=CARTESIAN_POINT('',(-0.00763169646909739,0.,0.00796608109530035));
#3431=CARTESIAN_POINT('',(-0.00766050561932118,0.,0.008062515890789));
#3432=CARTESIAN_POINT('',(-0.00768843435602174,0.,0.00816331114076158));
#3433=CARTESIAN_POINT('',(-0.00771531937418667,0.,0.00826846868213323));
#3434=CARTESIAN_POINT('',(-0.00774099697423558,0.,0.00837798555575835));
#3435=CARTESIAN_POINT('',(-0.0077653031861123,0.,0.00849185399356714));
#3436=CARTESIAN_POINT('',(-0.0077880739061367,0.,0.00861006140113104));
#3437=CARTESIAN_POINT('',(-0.00780914498692852,0.,0.0087325903729422));
#3438=CARTESIAN_POINT('',(-0.00782835250829287,0.,0.00885941859786972));
#3439=CARTESIAN_POINT('',(-0.00784553235788574,0.,0.00899051919949681));
#3440=CARTESIAN_POINT('',(-0.00786052244786695,0.,0.0091258594314376));
#3441=CARTESIAN_POINT('',(-0.00787315487479146,0.,0.00926540566429157));
#3442=CARTESIAN_POINT('',(-0.00788328642533161,0.,0.00940910439832967));
#3443=CARTESIAN_POINT('',(-0.00789068295871092,0.,0.00955695464933025));
#3444=CARTESIAN_POINT('',(-0.00789499115213094,0.,0.00969382734329697));
#3445=CARTESIAN_POINT('',(-0.00789584854834607,0.,0.00978200685800703));
#3446=CARTESIAN_POINT('',(-0.00789611146496808,0.,0.00981893190386814));
#3447=CARTESIAN_POINT('',(-0.00347020273054503,0.,0.00706918085841053));
#3448=CARTESIAN_POINT('',(-0.00389521335068474,0.,0.00793592254755539));
#3449=CARTESIAN_POINT('',(-0.00434338322669405,0.,0.00884989386250381));
#3450=CARTESIAN_POINT('',(-0.00435121783609605,0.,0.00886347410026807));
#3451=CARTESIAN_POINT('',(-0.00435666491895876,0.,0.008873424451967));
#3452=CARTESIAN_POINT('',(-0.00436336928588779,0.,0.00888489962971378));
#3453=CARTESIAN_POINT('',(-0.00437267158092848,0.,0.00890022398197718));
#3454=CARTESIAN_POINT('',(-0.00438429451684193,0.,0.008918494435317));
#3455=CARTESIAN_POINT('',(-0.00439849640884969,0.,0.00893987790221431));
#3456=CARTESIAN_POINT('',(-0.00441536283060005,0.,0.00896419819889815));
#3457=CARTESIAN_POINT('',(-0.00443502880428082,0.,0.00899137967798609));
#3458=CARTESIAN_POINT('',(-0.00445761073927657,0.,0.00902131170430042));
#3459=CARTESIAN_POINT('',(-0.00448322666151037,0.,0.00905388929734116));
#3460=CARTESIAN_POINT('',(-0.0045119901049978,0.,0.00908900121858252));
#3461=CARTESIAN_POINT('',(-0.00454401176646973,0.,0.00912653354669861));
#3462=CARTESIAN_POINT('',(-0.00457939890341703,0.,0.00916636874815091));
#3463=CARTESIAN_POINT('',(-0.0046182553879455,0.,0.00920838605427678));
#3464=CARTESIAN_POINT('',(-0.00466068157587525,0.,0.00925246146755141));
#3465=CARTESIAN_POINT('',(-0.0047067742317414,0.,0.00929846787708074));
#3466=CARTESIAN_POINT('',(-0.00475662644104784,0.,0.00934627514620375));
#3467=CARTESIAN_POINT('',(-0.00481032752923802,0.,0.00939575021089119));
#3468=CARTESIAN_POINT('',(-0.00486796298190823,0.,0.00944675717786537));
#3469=CARTESIAN_POINT('',(-0.00492961436784427,0.,0.00949915742544231));
#3470=CARTESIAN_POINT('',(-0.00499535926448513,0.,0.00955280970615342));
#3471=CARTESIAN_POINT('',(-0.00506527118597571,0.,0.00960757025131886));
#3472=CARTESIAN_POINT('',(-0.00513941951381679,0.,0.00966329287743591));
#3473=CARTESIAN_POINT('',(-0.00521786943015865,0.,0.00971982909433859));
#3474=CARTESIAN_POINT('',(-0.00530068185379307,0.,0.00977702821504292));
#3475=CARTESIAN_POINT('',(-0.0053879133788192,0.,0.00983473746726768));
#3476=CARTESIAN_POINT('',(-0.00547961621627124,0.,0.00989280210635467));
#3477=CARTESIAN_POINT('',(-0.0055758381377868,0.,0.00995106553032498));
#3478=CARTESIAN_POINT('',(-0.00567662242502643,0.,0.0100093693939226));
#3479=CARTESIAN_POINT('',(-0.00578200781080273,0.,0.0100675537333808));
#3480=CARTESIAN_POINT('',(-0.00589202846582416,0.,0.0101254570566662));
#3481=CARTESIAN_POINT('',(-0.00600671382507022,0.,0.0101829165718907));
#3482=CARTESIAN_POINT('',(-0.00612608904105288,0.,0.0102397678936705));
#3483=CARTESIAN_POINT('',(-0.00625017305800566,0.,0.0102958467481193));
#3484=CARTESIAN_POINT('',(-0.006378985777486,0.,0.0103509830575154));
#3485=CARTESIAN_POINT('',(-0.00651252057358003,0.,0.0104050240855647));
#3486=CARTESIAN_POINT('',(-0.00665084886371633,0.,0.0104577468470149));
#3487=CARTESIAN_POINT('',(-0.00677969122623441,0.,0.010504140170942));
#3488=CARTESIAN_POINT('',(-0.00686328997830177,0.,0.0105322045718006));
#3489=CARTESIAN_POINT('',(-0.00689832653807817,0.,0.0105438650870564));
#3490=CARTESIAN_POINT('',(-0.00383283128429481,0.,0.0078086538251305));
#3491=CARTESIAN_POINT('',(-0.0030549776960223,0.,0.00819016027371971));
#3492=CARTESIAN_POINT('',(-0.00275219321383567,0.,0.00737841836125582));
#3493=CARTESIAN_POINT('',(-5.41829430245318E-17,0.,1.70266503673822E-16));
#3494=CARTESIAN_POINT('',(-0.0021103544161937,0.,0.00758696442841614));
#3495=CARTESIAN_POINT('',(-0.00234252654928567,0.,0.00842164968389816));
#3496=CARTESIAN_POINT('',(-0.00148898591310246,0.,0.00857021535115521));
#3497=CARTESIAN_POINT('',(-0.00134770727142468,0.,0.00775882143824364));
#3498=CARTESIAN_POINT('',(-0.00151332443936822,0.,0.00870984516908088));
#3499=CARTESIAN_POINT('',(-0.00168796625325483,0.,0.00971269113888538));
#3500=CARTESIAN_POINT('',(-0.00168961018458478,0.,0.00972828284988829));
#3501=CARTESIAN_POINT('',(-0.00169105207196283,0.,0.00973953456848745));
#3502=CARTESIAN_POINT('',(-0.00169237306542771,0.,0.00975275891030491));
#3503=CARTESIAN_POINT('',(-0.00169385477891446,0.,0.00977062432355118));
#3504=CARTESIAN_POINT('',(-0.0016951907292618,0.,0.00979223722111629));
#3505=CARTESIAN_POINT('',(-0.00169627004376037,0.,0.00981788447191168));
#3506=CARTESIAN_POINT('',(-0.00169691993365216,0.,0.00984747383920096));
#3507=CARTESIAN_POINT('',(-0.00169698669927688,0.,0.00988102348701687));
#3508=CARTESIAN_POINT('',(-0.00169631113373825,0.,0.00991851233333997));
#3509=CARTESIAN_POINT('',(-0.00169473604606905,0.,0.00995992482105867));
#3510=CARTESIAN_POINT('',(-0.0016921042009563,0.,0.0100052376899351));
#3511=CARTESIAN_POINT('',(-0.00168825908158823,0.,0.0100544238415866));
#3512=CARTESIAN_POINT('',(-0.00168304483035135,0.,0.0101074512337544));
#3513=CARTESIAN_POINT('',(-0.00167630642690799,0.,0.0101642832170298));
#3514=CARTESIAN_POINT('',(-0.0016678897977778,0.,0.0102248784629792));
#3515=CARTESIAN_POINT('',(-0.00165764194489848,0.,0.0102891910134957));
#3516=CARTESIAN_POINT('',(-0.00164541106810531,0.,0.0103571703000954));
#3517=CARTESIAN_POINT('',(-0.00163104668852252,0.,0.0104287611758956));
#3518=CARTESIAN_POINT('',(-0.00161439977078542,0.,0.0105039039480979));
#3519=CARTESIAN_POINT('',(-0.0015953228445786,0.,0.0105825344143337));
#3520=CARTESIAN_POINT('',(-0.00157367012525657,0.,0.010664583901875));
#3521=CARTESIAN_POINT('',(-0.00154929763351702,0.,0.0107499793099467));
#3522=CARTESIAN_POINT('',(-0.00152206331403971,0.,0.0108386431550337));
#3523=CARTESIAN_POINT('',(-0.00149182715302765,0.,0.010930493619175));
#3524=CARTESIAN_POINT('',(-0.00145845129455613,0.,0.011025444601207));
#3525=CARTESIAN_POINT('',(-0.00142180015574329,0.,0.0111234057709348));
#3526=CARTESIAN_POINT('',(-0.00138174054034721,0.,0.0112242826261761));
#3527=CARTESIAN_POINT('',(-0.00133814175196752,0.,0.0113279765527327));
#3528=CARTESIAN_POINT('',(-0.00129087570199907,0.,0.0114343848869231));
#3529=CARTESIAN_POINT('',(-0.00123981703059518,0.,0.0115434009819178));
#3530=CARTESIAN_POINT('',(-0.00118484317043645,0.,0.0116549142729556));
#3531=CARTESIAN_POINT('',(-0.0011258346214532,0.,0.0117688103600794));
#3532=CARTESIAN_POINT('',(-0.00106267441153156,0.,0.0118849710369958));
#3533=CARTESIAN_POINT('',(-0.000995250656696931,0.,0.01200327453848));
#3534=CARTESIAN_POINT('',(-0.000923447287074522,0.,0.0121235949666068));
#3535=CARTESIAN_POINT('',(-0.000847179887000181,0.,0.0122458048605041));
#3536=CARTESIAN_POINT('',(-0.000766259611117619,0.,0.0123697657994247));
#3537=CARTESIAN_POINT('',(-0.000689293261854295,0.,0.0124830304274659));
#3538=CARTESIAN_POINT('',(-0.000638156291662368,0.,0.0125548731182727));
#3539=CARTESIAN_POINT('',(-0.000616664998280293,0.,0.0125849006464054));
#3540=CARTESIAN_POINT('',(0.00134770727142468,0.,0.00775882143824364));
#3541=CARTESIAN_POINT('',(0.00151332443936823,0.,0.00870984516908088));
#3542=CARTESIAN_POINT('',(0.00168796625325483,0.,0.00971269113888538));
#3543=CARTESIAN_POINT('',(0.00168961018458478,0.,0.00972828284988829));
#3544=CARTESIAN_POINT('',(0.00169105207196283,0.,0.00973953456848745));
#3545=CARTESIAN_POINT('',(0.00169237306542771,0.,0.00975275891030491));
#3546=CARTESIAN_POINT('',(0.00169385477891446,0.,0.00977062432355118));
#3547=CARTESIAN_POINT('',(0.0016951907292618,0.,0.00979223722111629));
#3548=CARTESIAN_POINT('',(0.00169627004376037,0.,0.00981788447191168));
#3549=CARTESIAN_POINT('',(0.00169691993365216,0.,0.00984747383920096));
#3550=CARTESIAN_POINT('',(0.00169698669927688,0.,0.00988102348701687));
#3551=CARTESIAN_POINT('',(0.00169631113373825,0.,0.00991851233333997));
#3552=CARTESIAN_POINT('',(0.00169473604606905,0.,0.00995992482105867));
#3553=CARTESIAN_POINT('',(0.0016921042009563,0.,0.0100052376899351));
#3554=CARTESIAN_POINT('',(0.00168825908158823,0.,0.0100544238415866));
#3555=CARTESIAN_POINT('',(0.00168304483035135,0.,0.0101074512337544));
#3556=CARTESIAN_POINT('',(0.00167630642690799,0.,0.0101642832170298));
#3557=CARTESIAN_POINT('',(0.0016678897977778,0.,0.0102248784629792));
#3558=CARTESIAN_POINT('',(0.00165764194489848,0.,0.0102891910134957));
#3559=CARTESIAN_POINT('',(0.00164541106810532,0.,0.0103571703000954));
#3560=CARTESIAN_POINT('',(0.00163104668852252,0.,0.0104287611758956));
#3561=CARTESIAN_POINT('',(0.00161439977078542,0.,0.0105039039480979));
#3562=CARTESIAN_POINT('',(0.00159532284457861,0.,0.0105825344143337));
#3563=CARTESIAN_POINT('',(0.00157367012525657,0.,0.010664583901875));
#3564=CARTESIAN_POINT('',(0.00154929763351702,0.,0.0107499793099467));
#3565=CARTESIAN_POINT('',(0.00152206331403971,0.,0.0108386431550337));
#3566=CARTESIAN_POINT('',(0.00149182715302766,0.,0.010930493619175));
#3567=CARTESIAN_POINT('',(0.00145845129455613,0.,0.011025444601207));
#3568=CARTESIAN_POINT('',(0.00142180015574329,0.,0.0111234057709348));
#3569=CARTESIAN_POINT('',(0.00138174054034721,0.,0.0112242826261761));
#3570=CARTESIAN_POINT('',(0.00133814175196752,0.,0.0113279765527327));
#3571=CARTESIAN_POINT('',(0.00129087570199907,0.,0.0114343848869231));
#3572=CARTESIAN_POINT('',(0.00123981703059518,0.,0.0115434009819178));
#3573=CARTESIAN_POINT('',(0.00118484317043645,0.,0.0116549142729556));
#3574=CARTESIAN_POINT('',(0.0011258346214532,0.,0.0117688103600794));
#3575=CARTESIAN_POINT('',(0.00106267441153157,0.,0.0118849710369958));
#3576=CARTESIAN_POINT('',(0.000995250656696933,0.,0.01200327453848));
#3577=CARTESIAN_POINT('',(0.000923447287074524,0.,0.0121235949666068));
#3578=CARTESIAN_POINT('',(0.000847179887000183,0.,0.0122458048605041));
#3579=CARTESIAN_POINT('',(0.000766259611117621,0.,0.0123697657994246));
#3580=CARTESIAN_POINT('',(0.000689293261854297,0.,0.0124830304274659));
#3581=CARTESIAN_POINT('',(0.00063815629166237,0.,0.0125548731182727));
#3582=CARTESIAN_POINT('',(0.000616664998280295,0.,0.0125849006464054));
#3583=CARTESIAN_POINT('',(0.00148898591310246,0.,0.00857021535115522));
#3584=CARTESIAN_POINT('',(0.00234252654928567,0.,0.00842164968389816));
#3585=CARTESIAN_POINT('',(0.0021103544161937,0.,0.00758696442841614));
#3586=CARTESIAN_POINT('',(5.62452181067792E-17,0.,1.69596429880549E-16));
#3587=CARTESIAN_POINT('',(0.00861088111115314,-0.005,-0.00123223243418206));
#3588=CARTESIAN_POINT('',(0.00861088111115314,8.67361737988404E-19,-0.00123223243418206));
#3589=CARTESIAN_POINT('',(0.00905615263241318,-0.005,-0.00129581111707346));
#3590=CARTESIAN_POINT('',(0.00905615263241318,1.73472347597681E-18,-0.00129581111707346));
#3591=CARTESIAN_POINT('',(0.00952519089410085,-0.005,-0.00136283977189462));
#3592=CARTESIAN_POINT('',(0.00952519089410085,8.67361737988404E-19,-0.00136283977189462));
#3593=CARTESIAN_POINT('',(0.00975686337777201,-0.005,-0.00139646717381807));
#3594=CARTESIAN_POINT('',(0.00975686337777201,8.67361737988404E-19,-0.00139646717381807));
#3595=CARTESIAN_POINT('',(0.00978035966168604,-0.005,-0.00140007881777562));
#3596=CARTESIAN_POINT('',(0.00978035966168604,1.73472347597681E-18,-0.00140007881777562));
#3597=CARTESIAN_POINT('',(0.00982687059868032,-0.005,-0.00141039029985052));
#3598=CARTESIAN_POINT('',(0.00982687059868032,8.67361737988404E-19,-0.00141039029985052));
#3599=CARTESIAN_POINT('',(0.00992847254356978,-0.005,-0.0014398853708827));
#3600=CARTESIAN_POINT('',(0.00992847254356978,2.60208521396521E-18,-0.0014398853708827));
#3601=CARTESIAN_POINT('',(0.0101149924853006,-0.005,-0.00151083666111579));
#3602=CARTESIAN_POINT('',(0.0101149924853006,1.73472347597681E-18,-0.00151083666111579));
#3603=CARTESIAN_POINT('',(0.010385104161981,-0.005,-0.00164260395503748));
#3604=CARTESIAN_POINT('',(0.010385104161981,1.73472347597681E-18,-0.00164260395503748));
#3605=CARTESIAN_POINT('',(0.0107352764353449,-0.005,-0.0018631565142174));
#3606=CARTESIAN_POINT('',(0.0107352764353449,8.67361737988404E-19,-0.0018631565142174));
#3607=CARTESIAN_POINT('',(0.0110975295184632,-0.005,-0.00214224372645262));
#3608=CARTESIAN_POINT('',(0.0110975295184632,8.67361737988404E-19,-0.00214224372645262));
#3609=CARTESIAN_POINT('',(0.0115823513175513,-0.005,-0.0025872385988121));
#3610=CARTESIAN_POINT('',(0.0115823513175513,1.73472347597681E-18,-0.0025872385988121));
#3611=CARTESIAN_POINT('',(0.0119356651221659,-0.005,-0.00299893499304783));
#3612=CARTESIAN_POINT('',(0.0119356651221659,2.60208521396521E-18,-0.00299893499304783));
#3613=CARTESIAN_POINT('',(0.0121595117309958,-0.005,-0.00330246490727393));
#3614=CARTESIAN_POINT('',(0.0121595117309958,1.73472347597681E-18,-0.00330246490727393));
#3615=CARTESIAN_POINT('',(0.00861088110730297,-0.005,-0.00123223243363231));
#3616=CARTESIAN_POINT('',(0.00861088111115315,-0.005,0.00123223243418206));
#3617=CARTESIAN_POINT('',(0.00861088111115315,3.46944695195361E-18,0.00123223243418206));
#3618=CARTESIAN_POINT('',(0.00905615263241319,-0.005,0.00129581111707346));
#3619=CARTESIAN_POINT('',(0.00905615263241319,4.33680868994202E-18,0.00129581111707346));
#3620=CARTESIAN_POINT('',(0.00952519089410087,-0.005,0.00136283977189462));
#3621=CARTESIAN_POINT('',(0.00952519089410087,8.67361737988404E-19,0.00136283977189462));
#3622=CARTESIAN_POINT('',(0.00975686337777201,-0.005,0.00139646717381807));
#3623=CARTESIAN_POINT('',(0.00975686337777201,4.33680868994202E-18,0.00139646717381807));
#3624=CARTESIAN_POINT('',(0.00978035966168603,-0.005,0.00140007881777562));
#3625=CARTESIAN_POINT('',(0.00978035966168603,5.20417042793042E-18,0.00140007881777562));
#3626=CARTESIAN_POINT('',(0.00982687059868032,-0.005,0.00141039029985052));
#3627=CARTESIAN_POINT('',(0.00982687059868032,6.93889390390723E-18,0.00141039029985052));
#3628=CARTESIAN_POINT('',(0.00992847254356978,-0.005,0.0014398853708827));
#3629=CARTESIAN_POINT('',(0.00992847254356978,3.46944695195361E-18,0.0014398853708827));
#3630=CARTESIAN_POINT('',(0.0101149924853006,-0.005,0.00151083666111579));
#3631=CARTESIAN_POINT('',(0.0101149924853006,6.93889390390723E-18,0.00151083666111579));
#3632=CARTESIAN_POINT('',(0.010385104161981,-0.005,0.00164260395503748));
#3633=CARTESIAN_POINT('',(0.010385104161981,1.73472347597681E-18,0.00164260395503748));
#3634=CARTESIAN_POINT('',(0.0107352764353449,-0.005,0.0018631565142174));
#3635=CARTESIAN_POINT('',(0.0107352764353449,5.20417042793042E-18,0.0018631565142174));
#3636=CARTESIAN_POINT('',(0.0110975295184632,-0.005,0.00214224372645262));
#3637=CARTESIAN_POINT('',(0.0110975295184632,4.33680868994202E-18,0.00214224372645262));
#3638=CARTESIAN_POINT('',(0.0115823513175513,-0.005,0.00258723859881209));
#3639=CARTESIAN_POINT('',(0.0115823513175513,4.33680868994202E-18,0.00258723859881209));
#3640=CARTESIAN_POINT('',(0.0119356651221659,-0.005,0.00299893499304784));
#3641=CARTESIAN_POINT('',(0.0119356651221659,4.33680868994202E-18,0.00299893499304784));
#3642=CARTESIAN_POINT('',(0.0121595117309958,-0.005,0.00330246490727393));
#3643=CARTESIAN_POINT('',(0.0121595117309958,4.33680868994202E-18,0.00330246490727393));
#3644=CARTESIAN_POINT('',(0.00861088110730298,0.,0.00123223243363231));
#3645=CARTESIAN_POINT('',(1.78676518025611E-16,-0.005,-1.0842021724855E-18));
#3646=CARTESIAN_POINT('',(0.00786776733730278,-0.005,0.000337434624885523));
#3647=CARTESIAN_POINT('',(0.00786776733730278,-0.005,-0.000337434624885523));
#3648=CARTESIAN_POINT('',(0.00873334532333014,-0.0025,-0.000374557733704402));
#3649=CARTESIAN_POINT('',(0.00873334532333014,-0.0025,0.000374557733704403));
#3650=CARTESIAN_POINT('',(0.00624206110325645,-0.005,-0.00605824590665293));
#3651=CARTESIAN_POINT('',(0.00624206110325645,-1.73472347597681E-18,-0.00605824590665293));
#3652=CARTESIAN_POINT('',(0.00656492271890327,-0.005,-0.00637140617505454));
#3653=CARTESIAN_POINT('',(0.00656492271890327,-8.67361737988404E-19,-0.00637140617505454));
#3654=CARTESIAN_POINT('',(0.0069049841888358,-0.005,-0.00670132726889586));
#3655=CARTESIAN_POINT('',(0.0069049841888358,-2.60208521396521E-18,-0.00670132726889586));
#3656=CARTESIAN_POINT('',(0.0070726454743313,-0.005,-0.00686470607779249));
#3657=CARTESIAN_POINT('',(0.0070726454743313,-8.67361737988404E-19,-0.00686470607779249));
#3658=CARTESIAN_POINT('',(0.00708953149626762,-0.005,-0.00688143872830012));
#3659=CARTESIAN_POINT('',(0.00708953149626762,-8.67361737988404E-19,-0.00688143872830012));
#3660=CARTESIAN_POINT('',(0.0071210986976274,-0.005,-0.00691711933537145));
#3661=CARTESIAN_POINT('',(0.0071210986976274,-3.46944695195361E-18,-0.00691711933537145));
#3662=CARTESIAN_POINT('',(0.00718595962993648,-0.005,-0.00700070147389702));
#3663=CARTESIAN_POINT('',(0.00718595962993648,0.,-0.00700070147389702));
#3664=CARTESIAN_POINT('',(0.0072951533105564,-0.005,-0.00716773594447626));
#3665=CARTESIAN_POINT('',(0.0072951533105564,-1.73472347597681E-18,-0.00716773594447626));
#3666=CARTESIAN_POINT('',(0.0074362273752683,-0.005,-0.00743310558458643));
#3667=CARTESIAN_POINT('',(0.0074362273752683,0.,-0.00743310558458643));
#3668=CARTESIAN_POINT('',(0.00758988515373727,-0.005,-0.00781736245116089));
#3669=CARTESIAN_POINT('',(0.00758988515373727,-1.73472347597681E-18,-0.00781736245116089));
#3670=CARTESIAN_POINT('',(0.00771891070678947,-0.005,-0.00825607576862636));
#3671=CARTESIAN_POINT('',(0.00771891070678947,-1.73472347597681E-18,-0.00825607576862636));
#3672=CARTESIAN_POINT('',(0.00784957835817651,-0.005,-0.00890105528626878));
#3673=CARTESIAN_POINT('',(0.00784957835817651,-8.67361737988404E-19,-0.00890105528626878));
#3674=CARTESIAN_POINT('',(0.00789342616150321,-0.005,-0.00944179730951223));
#3675=CARTESIAN_POINT('',(0.00789342616150321,0.,-0.00944179730951223));
#3676=CARTESIAN_POINT('',(0.00789611146496808,-0.005,-0.00981893190386814));
#3677=CARTESIAN_POINT('',(0.00789611146496808,-8.67361737988404E-19,-0.00981893190386814));
#3678=CARTESIAN_POINT('',(0.00624206110046474,-0.005,-0.00605824590394511));
#3679=CARTESIAN_POINT('',(0.00769063720767379,-0.005,-0.00406445194610635));
#3680=CARTESIAN_POINT('',(0.00769063720767379,8.67361737988404E-19,-0.00406445194610635));
#3681=CARTESIAN_POINT('',(0.0080882400476481,-0.005,-0.00427473974462972));
#3682=CARTESIAN_POINT('',(0.0080882400476481,0.,-0.00427473974462972));
#3683=CARTESIAN_POINT('',(0.00850709842715039,-0.005,-0.00449620619675022));
#3684=CARTESIAN_POINT('',(0.00850709842715039,8.67361737988404E-19,-0.00449620619675022));
#3685=CARTESIAN_POINT('',(0.00871429109449291,-0.005,-0.00460517472638134));
#3686=CARTESIAN_POINT('',(0.00871429109449291,8.67361737988404E-19,-0.00460517472638134));
#3687=CARTESIAN_POINT('',(0.00873542285853881,-0.005,-0.0046160636142104));
#3688=CARTESIAN_POINT('',(0.00873542285853881,-1.73472347597681E-18,-0.0046160636142104));
#3689=CARTESIAN_POINT('',(0.00877911193408438,-0.005,-0.00463505989281015));
#3690=CARTESIAN_POINT('',(0.00877911193408438,2.60208521396521E-18,-0.00463505989281015));
#3691=CARTESIAN_POINT('',(0.00887864640192954,-0.005,-0.00467091800390509));
#3692=CARTESIAN_POINT('',(0.00887864640192954,-8.67361737988404E-19,-0.00467091800390509));
#3693=CARTESIAN_POINT('',(0.00907124832660973,-0.005,-0.0047231508753415));
#3694=CARTESIAN_POINT('',(0.00907124832660973,-8.67361737988404E-19,-0.0047231508753415));
#3695=CARTESIAN_POINT('',(0.00936722413552493,-0.005,-0.00477531655528079));
#3696=CARTESIAN_POINT('',(0.00936722413552493,-1.73472347597681E-18,-0.00477531655528079));
#3697=CARTESIAN_POINT('',(0.00978015699727655,-0.005,-0.00480271188479637));
#3698=CARTESIAN_POINT('',(0.00978015699727655,1.73472347597681E-18,-0.00480271188479637));
#3699=CARTESIAN_POINT('',(0.0102372692452393,-0.005,-0.0047898526070398));
#3700=CARTESIAN_POINT('',(0.0102372692452393,0.,-0.0047898526070398));
#3701=CARTESIAN_POINT('',(0.0108910597432637,-0.005,-0.00471481529638518));
#3702=CARTESIAN_POINT('',(0.0108910597432637,0.,-0.00471481529638518));
#3703=CARTESIAN_POINT('',(0.0114188856844979,-0.005,-0.00458941856070932));
#3704=CARTESIAN_POINT('',(0.0114188856844979,0.,-0.00458941856070932));
#3705=CARTESIAN_POINT('',(0.0117783918023862,-0.005,-0.00447543143724516));
#3706=CARTESIAN_POINT('',(0.0117783918023862,0.,-0.00447543143724516));
#3707=CARTESIAN_POINT('',(0.00769063720423581,0.,-0.00406445194428804));
#3708=CARTESIAN_POINT('',(1.43915061530971E-16,-0.005,-1.05900560209303E-16));
#3709=CARTESIAN_POINT('',(0.00656349657978663,-0.005,-0.00435156726331207));
#3710=CARTESIAN_POINT('',(0.00616681838754552,-0.005,-0.00489754795535792));
#3711=CARTESIAN_POINT('',(0.00684526527231551,-0.0025,-0.00543635515617233));
#3712=CARTESIAN_POINT('',(0.00728558429632259,-0.0025,-0.00483030801228947));
#3713=CARTESIAN_POINT('',(-0.00861088111115313,-0.005,0.00123223243418206));
#3714=CARTESIAN_POINT('',(-0.00861088111115313,-8.67361737988404E-19,0.00123223243418206));
#3715=CARTESIAN_POINT('',(-0.00905615263241318,-0.005,0.00129581111707346));
#3716=CARTESIAN_POINT('',(-0.00905615263241318,0.,0.00129581111707346));
#3717=CARTESIAN_POINT('',(-0.00952519089410085,-0.005,0.00136283977189462));
#3718=CARTESIAN_POINT('',(-0.00952519089410085,0.,0.00136283977189462));
#3719=CARTESIAN_POINT('',(-0.00975686337777201,-0.005,0.00139646717381807));
#3720=CARTESIAN_POINT('',(-0.00975686337777201,-1.73472347597681E-18,0.00139646717381807));
#3721=CARTESIAN_POINT('',(-0.00978035966168604,-0.005,0.00140007881777562));
#3722=CARTESIAN_POINT('',(-0.00978035966168604,-3.46944695195361E-18,0.00140007881777562));
#3723=CARTESIAN_POINT('',(-0.00982687059868031,-0.005,0.00141039029985052));
#3724=CARTESIAN_POINT('',(-0.00982687059868031,1.73472347597681E-18,0.00141039029985052));
#3725=CARTESIAN_POINT('',(-0.00992847254356979,-0.005,0.0014398853708827));
#3726=CARTESIAN_POINT('',(-0.00992847254356979,0.,0.0014398853708827));
#3727=CARTESIAN_POINT('',(-0.0101149924853006,-0.005,0.00151083666111579));
#3728=CARTESIAN_POINT('',(-0.0101149924853006,-8.67361737988404E-19,0.00151083666111579));
#3729=CARTESIAN_POINT('',(-0.010385104161981,-0.005,0.00164260395503749));
#3730=CARTESIAN_POINT('',(-0.010385104161981,-8.67361737988404E-19,0.00164260395503749));
#3731=CARTESIAN_POINT('',(-0.0107352764353449,-0.005,0.0018631565142174));
#3732=CARTESIAN_POINT('',(-0.0107352764353449,-1.73472347597681E-18,0.0018631565142174));
#3733=CARTESIAN_POINT('',(-0.0110975295184632,-0.005,0.00214224372645262));
#3734=CARTESIAN_POINT('',(-0.0110975295184632,-1.73472347597681E-18,0.00214224372645262));
#3735=CARTESIAN_POINT('',(-0.0115823513175513,-0.005,0.0025872385988121));
#3736=CARTESIAN_POINT('',(-0.0115823513175513,-8.67361737988404E-19,0.0025872385988121));
#3737=CARTESIAN_POINT('',(-0.0119356651221659,-0.005,0.00299893499304783));
#3738=CARTESIAN_POINT('',(-0.0119356651221659,0.,0.00299893499304783));
#3739=CARTESIAN_POINT('',(-0.0121595117309958,-0.005,0.00330246490727393));
#3740=CARTESIAN_POINT('',(-0.0121595117309958,-8.67361737988404E-19,0.00330246490727393));
#3741=CARTESIAN_POINT('',(-0.00861088110730297,-0.005,0.00123223243363231));
#3742=CARTESIAN_POINT('',(-0.00861088111115315,-0.005,-0.00123223243418206));
#3743=CARTESIAN_POINT('',(-0.00861088111115315,8.67361737988404E-19,-0.00123223243418206));
#3744=CARTESIAN_POINT('',(-0.00905615263241319,-0.005,-0.00129581111707346));
#3745=CARTESIAN_POINT('',(-0.00905615263241319,8.67361737988404E-19,-0.00129581111707346));
#3746=CARTESIAN_POINT('',(-0.00952519089410085,-0.005,-0.00136283977189462));
#3747=CARTESIAN_POINT('',(-0.00952519089410085,3.46944695195361E-18,-0.00136283977189462));
#3748=CARTESIAN_POINT('',(-0.00975686337777201,-0.005,-0.00139646717381807));
#3749=CARTESIAN_POINT('',(-0.00975686337777201,0.,-0.00139646717381807));
#3750=CARTESIAN_POINT('',(-0.00978035966168603,-0.005,-0.00140007881777562));
#3751=CARTESIAN_POINT('',(-0.00978035966168603,1.73472347597681E-18,-0.00140007881777562));
#3752=CARTESIAN_POINT('',(-0.00982687059868033,-0.005,-0.00141039029985052));
#3753=CARTESIAN_POINT('',(-0.00982687059868033,3.46944695195361E-18,-0.00141039029985052));
#3754=CARTESIAN_POINT('',(-0.00992847254356978,-0.005,-0.0014398853708827));
#3755=CARTESIAN_POINT('',(-0.00992847254356978,8.67361737988404E-19,-0.0014398853708827));
#3756=CARTESIAN_POINT('',(-0.0101149924853006,-0.005,-0.00151083666111579));
#3757=CARTESIAN_POINT('',(-0.0101149924853006,0.,-0.00151083666111579));
#3758=CARTESIAN_POINT('',(-0.010385104161981,-0.005,-0.00164260395503749));
#3759=CARTESIAN_POINT('',(-0.010385104161981,0.,-0.00164260395503749));
#3760=CARTESIAN_POINT('',(-0.0107352764353449,-0.005,-0.00186315651421739));
#3761=CARTESIAN_POINT('',(-0.0107352764353449,0.,-0.00186315651421739));
#3762=CARTESIAN_POINT('',(-0.0110975295184632,-0.005,-0.00214224372645261));
#3763=CARTESIAN_POINT('',(-0.0110975295184632,2.60208521396521E-18,-0.00214224372645261));
#3764=CARTESIAN_POINT('',(-0.0115823513175513,-0.005,-0.00258723859881209));
#3765=CARTESIAN_POINT('',(-0.0115823513175513,-8.67361737988404E-19,-0.00258723859881209));
#3766=CARTESIAN_POINT('',(-0.0119356651221659,-0.005,-0.00299893499304783));
#3767=CARTESIAN_POINT('',(-0.0119356651221659,8.67361737988404E-19,-0.00299893499304783));
#3768=CARTESIAN_POINT('',(-0.0121595117309958,-0.005,-0.00330246490727393));
#3769=CARTESIAN_POINT('',(-0.0121595117309958,8.67361737988404E-19,-0.00330246490727393));
#3770=CARTESIAN_POINT('',(-0.00861088110730298,0.,-0.00123223243363231));
#3771=CARTESIAN_POINT('',(-1.78676518025611E-16,-0.005,1.08420217248553E-18));
#3772=CARTESIAN_POINT('',(-0.00786776733730278,-0.005,-0.000337434624885522));
#3773=CARTESIAN_POINT('',(-0.00786776733730278,-0.005,0.000337434624885524));
#3774=CARTESIAN_POINT('',(-0.00873334532333014,-0.0025,0.000374557733704404));
#3775=CARTESIAN_POINT('',(-0.00873334532333014,-0.0025,-0.000374557733704402));
#3776=CARTESIAN_POINT('',(-0.00769063720767378,-0.005,-0.00406445194610634));
#3777=CARTESIAN_POINT('',(-0.00769063720767378,-8.67361737988404E-19,-0.00406445194610634));
#3778=CARTESIAN_POINT('',(-0.00808824004764809,-0.005,-0.00427473974462971));
#3779=CARTESIAN_POINT('',(-0.00808824004764809,-8.67361737988404E-19,-0.00427473974462971));
#3780=CARTESIAN_POINT('',(-0.00850709842715038,-0.005,-0.00449620619675021));
#3781=CARTESIAN_POINT('',(-0.00850709842715038,-1.73472347597681E-18,-0.00449620619675021));
#3782=CARTESIAN_POINT('',(-0.00871429109449292,-0.005,-0.00460517472638134));
#3783=CARTESIAN_POINT('',(-0.00871429109449292,0.,-0.00460517472638134));
#3784=CARTESIAN_POINT('',(-0.00873542285853881,-0.005,-0.0046160636142104));
#3785=CARTESIAN_POINT('',(-0.00873542285853881,-1.73472347597681E-18,-0.0046160636142104));
#3786=CARTESIAN_POINT('',(-0.00877911193408439,-0.005,-0.00463505989281014));
#3787=CARTESIAN_POINT('',(-0.00877911193408439,-8.67361737988404E-19,-0.00463505989281014));
#3788=CARTESIAN_POINT('',(-0.00887864640192953,-0.005,-0.00467091800390507));
#3789=CARTESIAN_POINT('',(-0.00887864640192953,-1.73472347597681E-18,-0.00467091800390507));
#3790=CARTESIAN_POINT('',(-0.00907124832660973,-0.005,-0.0047231508753415));
#3791=CARTESIAN_POINT('',(-0.00907124832660973,8.67361737988404E-19,-0.0047231508753415));
#3792=CARTESIAN_POINT('',(-0.00936722413552494,-0.005,-0.00477531655528078));
#3793=CARTESIAN_POINT('',(-0.00936722413552494,-2.60208521396521E-18,-0.00477531655528078));
#3794=CARTESIAN_POINT('',(-0.00978015699727655,-0.005,-0.00480271188479636));
#3795=CARTESIAN_POINT('',(-0.00978015699727655,0.,-0.00480271188479636));
#3796=CARTESIAN_POINT('',(-0.0102372692452393,-0.005,-0.00478985260703979));
#3797=CARTESIAN_POINT('',(-0.0102372692452393,-3.46944695195361E-18,-0.00478985260703979));
#3798=CARTESIAN_POINT('',(-0.0108910597432637,-0.005,-0.00471481529638517));
#3799=CARTESIAN_POINT('',(-0.0108910597432637,0.,-0.00471481529638517));
#3800=CARTESIAN_POINT('',(-0.0114188856844979,-0.005,-0.00458941856070932));
#3801=CARTESIAN_POINT('',(-0.0114188856844979,0.,-0.00458941856070932));
#3802=CARTESIAN_POINT('',(-0.0117783918023862,-0.005,-0.00447543143724516));
#3803=CARTESIAN_POINT('',(-0.0117783918023862,-8.67361737988404E-19,-0.00447543143724516));
#3804=CARTESIAN_POINT('',(-0.00769063720423581,-0.005,-0.00406445194428803));
#3805=CARTESIAN_POINT('',(-0.00624206110325645,-0.005,-0.00605824590665294));
#3806=CARTESIAN_POINT('',(-0.00624206110325645,4.33680868994202E-18,-0.00605824590665294));
#3807=CARTESIAN_POINT('',(-0.00656492271890327,-0.005,-0.00637140617505455));
#3808=CARTESIAN_POINT('',(-0.00656492271890327,5.20417042793042E-18,-0.00637140617505455));
#3809=CARTESIAN_POINT('',(-0.0069049841888358,-0.005,-0.00670132726889587));
#3810=CARTESIAN_POINT('',(-0.0069049841888358,0.,-0.00670132726889587));
#3811=CARTESIAN_POINT('',(-0.0070726454743313,-0.005,-0.00686470607779248));
#3812=CARTESIAN_POINT('',(-0.0070726454743313,5.20417042793042E-18,-0.00686470607779248));
#3813=CARTESIAN_POINT('',(-0.00708953149626762,-0.005,-0.00688143872830011));
#3814=CARTESIAN_POINT('',(-0.00708953149626762,2.60208521396521E-18,-0.00688143872830011));
#3815=CARTESIAN_POINT('',(-0.0071210986976274,-0.005,-0.00691711933537146));
#3816=CARTESIAN_POINT('',(-0.0071210986976274,5.20417042793042E-18,-0.00691711933537146));
#3817=CARTESIAN_POINT('',(-0.00718595962993648,-0.005,-0.00700070147389703));
#3818=CARTESIAN_POINT('',(-0.00718595962993648,5.20417042793042E-18,-0.00700070147389703));
#3819=CARTESIAN_POINT('',(-0.0072951533105564,-0.005,-0.00716773594447625));
#3820=CARTESIAN_POINT('',(-0.0072951533105564,5.20417042793042E-18,-0.00716773594447625));
#3821=CARTESIAN_POINT('',(-0.0074362273752683,-0.005,-0.00743310558458644));
#3822=CARTESIAN_POINT('',(-0.0074362273752683,3.46944695195361E-18,-0.00743310558458644));
#3823=CARTESIAN_POINT('',(-0.00758988515373727,-0.005,-0.00781736245116089));
#3824=CARTESIAN_POINT('',(-0.00758988515373727,5.20417042793042E-18,-0.00781736245116089));
#3825=CARTESIAN_POINT('',(-0.00771891070678946,-0.005,-0.00825607576862635));
#3826=CARTESIAN_POINT('',(-0.00771891070678946,4.33680868994202E-18,-0.00825607576862635));
#3827=CARTESIAN_POINT('',(-0.00784957835817653,-0.005,-0.0089010552862688));
#3828=CARTESIAN_POINT('',(-0.00784957835817653,4.33680868994202E-18,-0.0089010552862688));
#3829=CARTESIAN_POINT('',(-0.00789342616150312,-0.005,-0.00944179730951213));
#3830=CARTESIAN_POINT('',(-0.00789342616150312,4.33680868994202E-18,-0.00944179730951213));
#3831=CARTESIAN_POINT('',(-0.00789611146496809,-0.005,-0.00981893190386814));
#3832=CARTESIAN_POINT('',(-0.00789611146496809,4.33680868994202E-18,-0.00981893190386814));
#3833=CARTESIAN_POINT('',(-0.00624206110046474,0.,-0.00605824590394511));
#3834=CARTESIAN_POINT('',(-1.45189617625951E-16,-0.005,-1.04146284243545E-16));
#3835=CARTESIAN_POINT('',(-0.00616681838754552,-0.005,-0.00489754795535792));
#3836=CARTESIAN_POINT('',(-0.00656349657978663,-0.005,-0.00435156726331207));
#3837=CARTESIAN_POINT('',(-0.00728558429632259,-0.0025,-0.00483030801228947));
#3838=CARTESIAN_POINT('',(-0.00684526527231552,-0.0025,-0.00543635515617233));
#3839=CARTESIAN_POINT('',(-0.00383283128600763,-0.005,-0.00780865382862278));
#3840=CARTESIAN_POINT('',(-0.00383283128600763,0.,-0.00780865382862278));
#3841=CARTESIAN_POINT('',(-0.00403089467384951,-0.005,-0.00821248531694438));
#3842=CARTESIAN_POINT('',(-0.00403089467384951,0.,-0.00821248531694438));
#3843=CARTESIAN_POINT('',(-0.00423958350666924,-0.005,-0.00863785421866436));
#3844=CARTESIAN_POINT('',(-0.00423958350666924,-8.67361737988404E-19,-0.00863785421866436));
#3845=CARTESIAN_POINT('',(-0.00434315580097805,-0.005,-0.00884779640523507));
#3846=CARTESIAN_POINT('',(-0.00434315580097805,8.67361737988404E-19,-0.00884779640523507));
#3847=CARTESIAN_POINT('',(-0.00435385142953252,-0.005,-0.00886902663979971));
#3848=CARTESIAN_POINT('',(-0.00435385142953252,-1.73472347597681E-18,-0.00886902663979971));
#3849=CARTESIAN_POINT('',(-0.00437803090170805,-0.005,-0.0089100747463088));
#3850=CARTESIAN_POINT('',(-0.00437803090170805,4.33680868994202E-18,-0.0089100747463088));
#3851=CARTESIAN_POINT('',(-0.00443747910884418,-0.005,-0.00899758945986492));
#3852=CARTESIAN_POINT('',(-0.00443747910884418,-1.73472347597681E-18,-0.00899758945986492));
#3853=CARTESIAN_POINT('',(-0.00456259562754455,-0.005,-0.00915305531141216));
#3854=CARTESIAN_POINT('',(-0.00456259562754455,-8.67361737988404E-19,-0.00915305531141216));
#3855=CARTESIAN_POINT('',(-0.00477138286953671,-0.005,-0.00936922844852186));
#3856=CARTESIAN_POINT('',(-0.00477138286953671,-8.67361737988404E-19,-0.00936922844852186));
#3857=CARTESIAN_POINT('',(-0.00508935000155869,-0.005,-0.00963410758199098));
#3858=CARTESIAN_POINT('',(-0.00508935000155869,-2.60208521396521E-18,-0.00963410758199098));
#3859=CARTESIAN_POINT('',(-0.00546672007231794,-0.005,-0.00989238804574529));
#3860=CARTESIAN_POINT('',(-0.00546672007231794,0.,-0.00989238804574529));
#3861=CARTESIAN_POINT('',(-0.00603975352055502,-0.005,-0.0102159699990412));
#3862=CARTESIAN_POINT('',(-0.00603975352055502,0.,-0.0102159699990412));
#3863=CARTESIAN_POINT('',(-0.00654048002900126,-0.005,-0.010424770212875));
#3864=CARTESIAN_POINT('',(-0.00654048002900126,8.67361737988404E-19,-0.010424770212875));
#3865=CARTESIAN_POINT('',(-0.00689832653807818,-0.005,-0.0105438650870564));
#3866=CARTESIAN_POINT('',(-0.00689832653807818,0.,-0.0105438650870564));
#3867=CARTESIAN_POINT('',(-0.00383283128429502,-0.005,-0.00780865382513094));
#3868=CARTESIAN_POINT('',(-0.00148898591376947,-0.005,-0.00857021535498731));
#3869=CARTESIAN_POINT('',(-0.00148898591376947,4.33680868994202E-18,-0.00857021535498731));
#3870=CARTESIAN_POINT('',(-0.00156611546028868,-0.005,-0.00901334063029575));
#3871=CARTESIAN_POINT('',(-0.00156611546028868,4.33680868994202E-18,-0.00901334063029575));
#3872=CARTESIAN_POINT('',(-0.00164730821521609,-0.005,-0.0094801355189154));
#3873=CARTESIAN_POINT('',(-0.00164730821521609,2.60208521396521E-18,-0.0094801355189154));
#3874=CARTESIAN_POINT('',(-0.00168691739007416,-0.005,-0.00971086058282815));
#3875=CARTESIAN_POINT('',(-0.00168691739007416,4.33680868994202E-18,-0.00971086058282815));
#3876=CARTESIAN_POINT('',(-0.00169074326358788,-0.005,-0.00973432293611383));
#3877=CARTESIAN_POINT('',(-0.00169074326358788,1.73472347597681E-18,-0.00973432293611383));
#3878=CARTESIAN_POINT('',(-0.00169530913132341,-0.005,-0.00978174388901957));
#3879=CARTESIAN_POINT('',(-0.00169530913132341,4.33680868994202E-18,-0.00978174388901957));
#3880=CARTESIAN_POINT('',(-0.00169865437945207,-0.005,-0.00988748755897419));
#3881=CARTESIAN_POINT('',(-0.00169865437945207,4.33680868994202E-18,-0.00988748755897419));
#3882=CARTESIAN_POINT('',(-0.00168881352432099,-0.005,-0.0100868037194311));
#3883=CARTESIAN_POINT('',(-0.00168881352432099,4.33680868994202E-18,-0.0100868037194311));
#3884=CARTESIAN_POINT('',(-0.00164696447927553,-0.005,-0.01038441352279));
#3885=CARTESIAN_POINT('',(-0.00164696447927553,2.60208521396521E-18,-0.01038441352279));
#3886=CARTESIAN_POINT('',(-0.00154541571411025,-0.005,-0.0107856016341381));
#3887=CARTESIAN_POINT('',(-0.00154541571411025,4.33680868994202E-18,-0.0107856016341381));
#3888=CARTESIAN_POINT('',(-0.0013919303612476,-0.005,-0.0112163674808792));
#3889=CARTESIAN_POINT('',(-0.0013919303612476,3.46944695195361E-18,-0.0112163674808792));
#3890=CARTESIAN_POINT('',(-0.00111853326333384,-0.005,-0.0118149713901127));
#3891=CARTESIAN_POINT('',(-0.00111853326333384,3.46944695195361E-18,-0.0118149713901127));
#3892=CARTESIAN_POINT('',(-0.000836166694833891,-0.005,-0.0122782139686301));
#3893=CARTESIAN_POINT('',(-0.000836166694833891,3.46944695195361E-18,-0.0122782139686301));
#3894=CARTESIAN_POINT('',(-0.000616664998280296,-0.005,-0.0125849006464054));
#3895=CARTESIAN_POINT('',(-0.000616664998280296,3.46944695195361E-18,-0.0125849006464054));
#3896=CARTESIAN_POINT('',(-0.00148898591310255,0.,-0.00857021535115571));
#3897=CARTESIAN_POINT('',(-5.62452181067792E-17,-0.005,-1.69596429880549E-16));
#3898=CARTESIAN_POINT('',(-0.0021103544161937,-0.005,-0.00758696442841614));
#3899=CARTESIAN_POINT('',(-0.00275219321383567,-0.005,-0.00737841836125581));
#3900=CARTESIAN_POINT('',(-0.0030549776960223,-0.0025,-0.00819016027371971));
#3901=CARTESIAN_POINT('',(-0.00234252654928567,-0.0025,-0.00842164968389816));
#3902=CARTESIAN_POINT('',(0.00148898591376946,-0.005,-0.0085702153549873));
#3903=CARTESIAN_POINT('',(0.00148898591376946,0.,-0.0085702153549873));
#3904=CARTESIAN_POINT('',(0.00156611546028867,-0.005,-0.00901334063029574));
#3905=CARTESIAN_POINT('',(0.00156611546028867,0.,-0.00901334063029574));
#3906=CARTESIAN_POINT('',(0.00164730821521608,-0.005,-0.00948013551891538));
#3907=CARTESIAN_POINT('',(0.00164730821521608,2.60208521396521E-18,-0.00948013551891538));
#3908=CARTESIAN_POINT('',(0.00168691739007415,-0.005,-0.00971086058282815));
#3909=CARTESIAN_POINT('',(0.00168691739007415,8.67361737988404E-19,-0.00971086058282815));
#3910=CARTESIAN_POINT('',(0.00169074326358788,-0.005,-0.00973432293611383));
#3911=CARTESIAN_POINT('',(0.00169074326358788,-1.73472347597681E-18,-0.00973432293611383));
#3912=CARTESIAN_POINT('',(0.00169530913132342,-0.005,-0.00978174388901957));
#3913=CARTESIAN_POINT('',(0.00169530913132342,0.,-0.00978174388901957));
#3914=CARTESIAN_POINT('',(0.00169865437945206,-0.005,-0.00988748755897418));
#3915=CARTESIAN_POINT('',(0.00169865437945206,8.67361737988404E-19,-0.00988748755897418));
#3916=CARTESIAN_POINT('',(0.00168881352432098,-0.005,-0.0100868037194311));
#3917=CARTESIAN_POINT('',(0.00168881352432098,-8.67361737988404E-19,-0.0100868037194311));
#3918=CARTESIAN_POINT('',(0.00164696447927553,-0.005,-0.01038441352279));
#3919=CARTESIAN_POINT('',(0.00164696447927553,0.,-0.01038441352279));
#3920=CARTESIAN_POINT('',(0.00154541571411025,-0.005,-0.0107856016341381));
#3921=CARTESIAN_POINT('',(0.00154541571411025,-2.60208521396521E-18,-0.0107856016341381));
#3922=CARTESIAN_POINT('',(0.00139193036124759,-0.005,-0.0112163674808792));
#3923=CARTESIAN_POINT('',(0.00139193036124759,0.,-0.0112163674808792));
#3924=CARTESIAN_POINT('',(0.00111853326333384,-0.005,-0.0118149713901127));
#3925=CARTESIAN_POINT('',(0.00111853326333384,0.,-0.0118149713901127));
#3926=CARTESIAN_POINT('',(0.000836166694833889,-0.005,-0.0122782139686301));
#3927=CARTESIAN_POINT('',(0.000836166694833889,8.67361737988404E-19,-0.0122782139686301));
#3928=CARTESIAN_POINT('',(0.000616664998280292,-0.005,-0.0125849006464054));
#3929=CARTESIAN_POINT('',(0.000616664998280292,0.,-0.0125849006464054));
#3930=CARTESIAN_POINT('',(0.00148898591310254,-0.005,-0.0085702153511557));
#3931=CARTESIAN_POINT('',(0.00383283128600764,-0.005,-0.00780865382862279));
#3932=CARTESIAN_POINT('',(0.00383283128600764,-8.67361737988404E-19,-0.00780865382862279));
#3933=CARTESIAN_POINT('',(0.00403089467384951,-0.005,-0.00821248531694439));
#3934=CARTESIAN_POINT('',(0.00403089467384951,-8.67361737988404E-19,-0.00821248531694439));
#3935=CARTESIAN_POINT('',(0.00423958350666924,-0.005,-0.00863785421866436));
#3936=CARTESIAN_POINT('',(0.00423958350666924,1.73472347597681E-18,-0.00863785421866436));
#3937=CARTESIAN_POINT('',(0.00434315580097806,-0.005,-0.00884779640523508));
#3938=CARTESIAN_POINT('',(0.00434315580097806,-1.73472347597681E-18,-0.00884779640523508));
#3939=CARTESIAN_POINT('',(0.00435385142953252,-0.005,-0.00886902663979972));
#3940=CARTESIAN_POINT('',(0.00435385142953252,0.,-0.00886902663979972));
#3941=CARTESIAN_POINT('',(0.00437803090170805,-0.005,-0.00891007474630879));
#3942=CARTESIAN_POINT('',(0.00437803090170805,1.73472347597681E-18,-0.00891007474630879));
#3943=CARTESIAN_POINT('',(0.00443747910884417,-0.005,-0.00899758945986494));
#3944=CARTESIAN_POINT('',(0.00443747910884417,-8.67361737988404E-19,-0.00899758945986494));
#3945=CARTESIAN_POINT('',(0.00456259562754455,-0.005,-0.00915305531141216));
#3946=CARTESIAN_POINT('',(0.00456259562754455,-1.73472347597681E-18,-0.00915305531141216));
#3947=CARTESIAN_POINT('',(0.00477138286953672,-0.005,-0.00936922844852186));
#3948=CARTESIAN_POINT('',(0.00477138286953672,-1.73472347597681E-18,-0.00936922844852186));
#3949=CARTESIAN_POINT('',(0.00508935000155869,-0.005,-0.00963410758199098));
#3950=CARTESIAN_POINT('',(0.00508935000155869,-1.73472347597681E-18,-0.00963410758199098));
#3951=CARTESIAN_POINT('',(0.00546672007231793,-0.005,-0.00989238804574529));
#3952=CARTESIAN_POINT('',(0.00546672007231793,8.67361737988404E-19,-0.00989238804574529));
#3953=CARTESIAN_POINT('',(0.00603975352055503,-0.005,-0.0102159699990412));
#3954=CARTESIAN_POINT('',(0.00603975352055503,-2.60208521396521E-18,-0.0102159699990412));
#3955=CARTESIAN_POINT('',(0.00654048002900126,-0.005,-0.010424770212875));
#3956=CARTESIAN_POINT('',(0.00654048002900126,-8.67361737988404E-19,-0.010424770212875));
#3957=CARTESIAN_POINT('',(0.00689832653807817,-0.005,-0.0105438650870564));
#3958=CARTESIAN_POINT('',(0.00689832653807817,-8.67361737988404E-19,-0.0105438650870564));
#3959=CARTESIAN_POINT('',(0.00383283128429502,0.,-0.00780865382513094));
#3960=CARTESIAN_POINT('',(5.41829430245317E-17,-0.005,-1.70266503673822E-16));
#3961=CARTESIAN_POINT('',(0.00275219321383567,-0.005,-0.00737841836125581));
#3962=CARTESIAN_POINT('',(0.0021103544161937,-0.005,-0.00758696442841614));
#3963=CARTESIAN_POINT('',(0.00234252654928567,-0.0025,-0.00842164968389816));
#3964=CARTESIAN_POINT('',(0.0030549776960223,-0.0025,-0.00819016027371971));
#3965=CARTESIAN_POINT('',(-0.00148898591376946,-0.005,0.00857021535498731));
#3966=CARTESIAN_POINT('',(-0.00148898591376946,-5.20417042793042E-18,0.00857021535498731));
#3967=CARTESIAN_POINT('',(-0.00156611546028867,-0.005,0.00901334063029574));
#3968=CARTESIAN_POINT('',(-0.00156611546028867,-3.46944695195361E-18,0.00901334063029574));
#3969=CARTESIAN_POINT('',(-0.00164730821521608,-0.005,0.00948013551891538));
#3970=CARTESIAN_POINT('',(-0.00164730821521608,-8.67361737988404E-19,0.00948013551891538));
#3971=CARTESIAN_POINT('',(-0.00168691739007415,-0.005,0.00971086058282815));
#3972=CARTESIAN_POINT('',(-0.00168691739007415,-6.07153216591882E-18,0.00971086058282815));
#3973=CARTESIAN_POINT('',(-0.00169074326358787,-0.005,0.00973432293611383));
#3974=CARTESIAN_POINT('',(-0.00169074326358787,-5.20417042793042E-18,0.00973432293611383));
#3975=CARTESIAN_POINT('',(-0.00169530913132342,-0.00499999999999999,0.00978174388901955));
#3976=CARTESIAN_POINT('',(-0.00169530913132342,8.67361737988404E-19,0.00978174388901955));
#3977=CARTESIAN_POINT('',(-0.00169865437945207,-0.005,0.00988748755897419));
#3978=CARTESIAN_POINT('',(-0.00169865437945207,-6.07153216591882E-18,0.00988748755897419));
#3979=CARTESIAN_POINT('',(-0.00168881352432099,-0.005,0.0100868037194311));
#3980=CARTESIAN_POINT('',(-0.00168881352432099,-5.20417042793042E-18,0.0100868037194311));
#3981=CARTESIAN_POINT('',(-0.00164696447927553,-0.005,0.01038441352279));
#3982=CARTESIAN_POINT('',(-0.00164696447927553,-5.20417042793042E-18,0.01038441352279));
#3983=CARTESIAN_POINT('',(-0.00154541571411025,-0.005,0.0107856016341381));
#3984=CARTESIAN_POINT('',(-0.00154541571411025,-6.93889390390723E-18,0.0107856016341381));
#3985=CARTESIAN_POINT('',(-0.00139193036124759,-0.005,0.0112163674808792));
#3986=CARTESIAN_POINT('',(-0.00139193036124759,-4.33680868994202E-18,0.0112163674808792));
#3987=CARTESIAN_POINT('',(-0.00111853326333385,-0.005,0.0118149713901127));
#3988=CARTESIAN_POINT('',(-0.00111853326333385,-4.33680868994202E-18,0.0118149713901127));
#3989=CARTESIAN_POINT('',(-0.000836166694833889,-0.005,0.0122782139686301));
#3990=CARTESIAN_POINT('',(-0.000836166694833889,-3.46944695195361E-18,0.0122782139686301));
#3991=CARTESIAN_POINT('',(-0.000616664998280293,-0.005,0.0125849006464054));
#3992=CARTESIAN_POINT('',(-0.000616664998280293,-4.33680868994202E-18,0.0125849006464054));
#3993=CARTESIAN_POINT('',(-0.00148898591310254,-0.005,0.0085702153511557));
#3994=CARTESIAN_POINT('',(-0.00383283128600764,-0.005,0.00780865382862279));
#3995=CARTESIAN_POINT('',(-0.00383283128600764,-8.67361737988404E-19,0.00780865382862279));
#3996=CARTESIAN_POINT('',(-0.00403089467384951,-0.005,0.00821248531694439));
#3997=CARTESIAN_POINT('',(-0.00403089467384951,-8.67361737988404E-19,0.00821248531694439));
#3998=CARTESIAN_POINT('',(-0.00423958350666924,-0.005,0.00863785421866436));
#3999=CARTESIAN_POINT('',(-0.00423958350666924,1.73472347597681E-18,0.00863785421866436));
#4000=CARTESIAN_POINT('',(-0.00434315580097806,-0.005,0.00884779640523508));
#4001=CARTESIAN_POINT('',(-0.00434315580097806,-1.73472347597681E-18,0.00884779640523508));
#4002=CARTESIAN_POINT('',(-0.00435385142953252,-0.005,0.00886902663979972));
#4003=CARTESIAN_POINT('',(-0.00435385142953252,0.,0.00886902663979972));
#4004=CARTESIAN_POINT('',(-0.00437803090170805,-0.005,0.00891007474630878));
#4005=CARTESIAN_POINT('',(-0.00437803090170805,1.73472347597681E-18,0.00891007474630878));
#4006=CARTESIAN_POINT('',(-0.00443747910884417,-0.005,0.00899758945986494));
#4007=CARTESIAN_POINT('',(-0.00443747910884417,-8.67361737988404E-19,0.00899758945986494));
#4008=CARTESIAN_POINT('',(-0.00456259562754455,-0.005,0.00915305531141215));
#4009=CARTESIAN_POINT('',(-0.00456259562754455,-1.73472347597681E-18,0.00915305531141215));
#4010=CARTESIAN_POINT('',(-0.00477138286953671,-0.005,0.00936922844852187));
#4011=CARTESIAN_POINT('',(-0.00477138286953671,-1.73472347597681E-18,0.00936922844852187));
#4012=CARTESIAN_POINT('',(-0.00508935000155869,-0.005,0.00963410758199098));
#4013=CARTESIAN_POINT('',(-0.00508935000155869,-1.73472347597681E-18,0.00963410758199098));
#4014=CARTESIAN_POINT('',(-0.00546672007231793,-0.005,0.00989238804574529));
#4015=CARTESIAN_POINT('',(-0.00546672007231793,8.67361737988404E-19,0.00989238804574529));
#4016=CARTESIAN_POINT('',(-0.006039753520555,-0.005,0.0102159699990412));
#4017=CARTESIAN_POINT('',(-0.006039753520555,-2.60208521396521E-18,0.0102159699990412));
#4018=CARTESIAN_POINT('',(-0.00654048002900135,-0.005,0.010424770212875));
#4019=CARTESIAN_POINT('',(-0.00654048002900135,-8.67361737988404E-19,0.010424770212875));
#4020=CARTESIAN_POINT('',(-0.00689832653807817,-0.005,0.0105438650870564));
#4021=CARTESIAN_POINT('',(-0.00689832653807817,-8.67361737988404E-19,0.0105438650870564));
#4022=CARTESIAN_POINT('',(-0.00383283128429502,0.,0.00780865382513094));
#4023=CARTESIAN_POINT('',(-5.41829430245318E-17,-0.005,1.70266503673822E-16));
#4024=CARTESIAN_POINT('',(-0.00275219321383567,-0.005,0.00737841836125581));
#4025=CARTESIAN_POINT('',(-0.0021103544161937,-0.005,0.00758696442841614));
#4026=CARTESIAN_POINT('',(-0.00234252654928567,-0.0025,0.00842164968389816));
#4027=CARTESIAN_POINT('',(-0.0030549776960223,-0.0025,0.00819016027371971));
#4028=CARTESIAN_POINT('',(-0.00624206110325645,-0.005,0.00605824590665293));
#4029=CARTESIAN_POINT('',(-0.00624206110325645,-1.73472347597681E-18,0.00605824590665293));
#4030=CARTESIAN_POINT('',(-0.00656492271890327,-0.005,0.00637140617505454));
#4031=CARTESIAN_POINT('',(-0.00656492271890327,-8.67361737988404E-19,0.00637140617505454));
#4032=CARTESIAN_POINT('',(-0.0069049841888358,-0.005,0.00670132726889586));
#4033=CARTESIAN_POINT('',(-0.0069049841888358,-2.60208521396521E-18,0.00670132726889586));
#4034=CARTESIAN_POINT('',(-0.0070726454743313,-0.005,0.00686470607779249));
#4035=CARTESIAN_POINT('',(-0.0070726454743313,-8.67361737988404E-19,0.00686470607779249));
#4036=CARTESIAN_POINT('',(-0.00708953149626762,-0.005,0.00688143872830012));
#4037=CARTESIAN_POINT('',(-0.00708953149626762,-8.67361737988404E-19,0.00688143872830012));
#4038=CARTESIAN_POINT('',(-0.0071210986976274,-0.005,0.00691711933537145));
#4039=CARTESIAN_POINT('',(-0.0071210986976274,-3.46944695195361E-18,0.00691711933537145));
#4040=CARTESIAN_POINT('',(-0.00718595962993648,-0.005,0.00700070147389702));
#4041=CARTESIAN_POINT('',(-0.00718595962993648,0.,0.00700070147389702));
#4042=CARTESIAN_POINT('',(-0.0072951533105564,-0.005,0.00716773594447626));
#4043=CARTESIAN_POINT('',(-0.0072951533105564,-1.73472347597681E-18,0.00716773594447626));
#4044=CARTESIAN_POINT('',(-0.0074362273752683,-0.005,0.00743310558458643));
#4045=CARTESIAN_POINT('',(-0.0074362273752683,0.,0.00743310558458643));
#4046=CARTESIAN_POINT('',(-0.00758988515373727,-0.005,0.00781736245116089));
#4047=CARTESIAN_POINT('',(-0.00758988515373727,-1.73472347597681E-18,0.00781736245116089));
#4048=CARTESIAN_POINT('',(-0.00771891070678947,-0.005,0.00825607576862636));
#4049=CARTESIAN_POINT('',(-0.00771891070678947,-1.73472347597681E-18,0.00825607576862636));
#4050=CARTESIAN_POINT('',(-0.00784957835817651,-0.005,0.00890105528626878));
#4051=CARTESIAN_POINT('',(-0.00784957835817651,-8.67361737988404E-19,0.00890105528626878));
#4052=CARTESIAN_POINT('',(-0.00789342616150321,-0.005,0.00944179730951223));
#4053=CARTESIAN_POINT('',(-0.00789342616150321,0.,0.00944179730951223));
#4054=CARTESIAN_POINT('',(-0.00789611146496808,-0.005,0.00981893190386814));
#4055=CARTESIAN_POINT('',(-0.00789611146496808,-8.67361737988404E-19,0.00981893190386814));
#4056=CARTESIAN_POINT('',(-0.00624206110046474,-0.005,0.0060582459039451));
#4057=CARTESIAN_POINT('',(-0.00769063720767379,-0.005,0.00406445194610635));
#4058=CARTESIAN_POINT('',(-0.00769063720767379,0.,0.00406445194610635));
#4059=CARTESIAN_POINT('',(-0.0080882400476481,-0.005,0.00427473974462972));
#4060=CARTESIAN_POINT('',(-0.0080882400476481,0.,0.00427473974462972));
#4061=CARTESIAN_POINT('',(-0.0085070984271504,-0.005,0.00449620619675022));
#4062=CARTESIAN_POINT('',(-0.0085070984271504,-1.73472347597681E-18,0.00449620619675022));
#4063=CARTESIAN_POINT('',(-0.00871429109449291,-0.005,0.00460517472638135));
#4064=CARTESIAN_POINT('',(-0.00871429109449291,0.,0.00460517472638135));
#4065=CARTESIAN_POINT('',(-0.00873542285853881,-0.005,0.0046160636142104));
#4066=CARTESIAN_POINT('',(-0.00873542285853881,-8.67361737988404E-19,0.0046160636142104));
#4067=CARTESIAN_POINT('',(-0.00877911193408439,-0.005,0.00463505989281014));
#4068=CARTESIAN_POINT('',(-0.00877911193408439,0.,0.00463505989281014));
#4069=CARTESIAN_POINT('',(-0.00887864640192954,-0.005,0.00467091800390509));
#4070=CARTESIAN_POINT('',(-0.00887864640192954,8.67361737988404E-19,0.00467091800390509));
#4071=CARTESIAN_POINT('',(-0.00907124832660973,-0.005,0.0047231508753415));
#4072=CARTESIAN_POINT('',(-0.00907124832660973,-1.73472347597681E-18,0.0047231508753415));
#4073=CARTESIAN_POINT('',(-0.00936722413552494,-0.005,0.00477531655528079));
#4074=CARTESIAN_POINT('',(-0.00936722413552494,-1.73472347597681E-18,0.00477531655528079));
#4075=CARTESIAN_POINT('',(-0.00978015699727655,-0.005,0.00480271188479636));
#4076=CARTESIAN_POINT('',(-0.00978015699727655,2.60208521396521E-18,0.00480271188479636));
#4077=CARTESIAN_POINT('',(-0.0102372692452393,-0.005,0.0047898526070398));
#4078=CARTESIAN_POINT('',(-0.0102372692452393,0.,0.0047898526070398));
#4079=CARTESIAN_POINT('',(-0.0108910597432637,-0.005,0.00471481529638516));
#4080=CARTESIAN_POINT('',(-0.0108910597432637,0.,0.00471481529638516));
#4081=CARTESIAN_POINT('',(-0.0114188856844979,-0.005,0.00458941856070937));
#4082=CARTESIAN_POINT('',(-0.0114188856844979,0.,0.00458941856070937));
#4083=CARTESIAN_POINT('',(-0.0117783918023862,-0.005,0.00447543143724516));
#4084=CARTESIAN_POINT('',(-0.0117783918023862,0.,0.00447543143724516));
#4085=CARTESIAN_POINT('',(-0.00769063720423581,0.,0.00406445194428804));
#4086=CARTESIAN_POINT('',(-1.43915061530971E-16,-0.005,1.05900560209303E-16));
#4087=CARTESIAN_POINT('',(-0.00656349657978663,-0.005,0.00435156726331207));
#4088=CARTESIAN_POINT('',(-0.00616681838754552,-0.005,0.00489754795535792));
#4089=CARTESIAN_POINT('',(-0.00684526527231551,-0.0025,0.00543635515617233));
#4090=CARTESIAN_POINT('',(-0.00728558429632259,-0.0025,0.00483030801228947));
#4091=CARTESIAN_POINT('',(0.00769063720767378,-0.005,0.00406445194610634));
#4092=CARTESIAN_POINT('',(0.00769063720767378,-8.67361737988404E-19,0.00406445194610634));
#4093=CARTESIAN_POINT('',(0.00808824004764809,-0.005,0.00427473974462971));
#4094=CARTESIAN_POINT('',(0.00808824004764809,-8.67361737988404E-19,0.00427473974462971));
#4095=CARTESIAN_POINT('',(0.00850709842715038,-0.005,0.00449620619675021));
#4096=CARTESIAN_POINT('',(0.00850709842715038,-1.73472347597681E-18,0.00449620619675021));
#4097=CARTESIAN_POINT('',(0.00871429109449291,-0.005,0.00460517472638134));
#4098=CARTESIAN_POINT('',(0.00871429109449291,0.,0.00460517472638134));
#4099=CARTESIAN_POINT('',(0.0087354228585388,-0.005,0.0046160636142104));
#4100=CARTESIAN_POINT('',(0.0087354228585388,-1.73472347597681E-18,0.0046160636142104));
#4101=CARTESIAN_POINT('',(0.0087791119340844,-0.005,0.00463505989281014));
#4102=CARTESIAN_POINT('',(0.0087791119340844,-8.67361737988404E-19,0.00463505989281014));
#4103=CARTESIAN_POINT('',(0.00887864640192953,-0.005,0.00467091800390509));
#4104=CARTESIAN_POINT('',(0.00887864640192953,-1.73472347597681E-18,0.00467091800390509));
#4105=CARTESIAN_POINT('',(0.00907124832660973,-0.005,0.0047231508753415));
#4106=CARTESIAN_POINT('',(0.00907124832660973,8.67361737988404E-19,0.0047231508753415));
#4107=CARTESIAN_POINT('',(0.00936722413552493,-0.005,0.00477531655528078));
#4108=CARTESIAN_POINT('',(0.00936722413552493,-2.60208521396521E-18,0.00477531655528078));
#4109=CARTESIAN_POINT('',(0.00978015699727655,-0.005,0.00480271188479637));
#4110=CARTESIAN_POINT('',(0.00978015699727655,0.,0.00480271188479637));
#4111=CARTESIAN_POINT('',(0.0102372692452393,-0.005,0.0047898526070398));
#4112=CARTESIAN_POINT('',(0.0102372692452393,-3.46944695195361E-18,0.0047898526070398));
#4113=CARTESIAN_POINT('',(0.0108910597432637,-0.005,0.00471481529638517));
#4114=CARTESIAN_POINT('',(0.0108910597432637,0.,0.00471481529638517));
#4115=CARTESIAN_POINT('',(0.0114188856844979,-0.005,0.00458941856070932));
#4116=CARTESIAN_POINT('',(0.0114188856844979,0.,0.00458941856070932));
#4117=CARTESIAN_POINT('',(0.0117783918023862,-0.005,0.00447543143724516));
#4118=CARTESIAN_POINT('',(0.0117783918023862,-8.67361737988404E-19,0.00447543143724516));
#4119=CARTESIAN_POINT('',(0.0076906372042358,-0.005,0.00406445194428804));
#4120=CARTESIAN_POINT('',(0.00624206110325645,-0.005,0.00605824590665294));
#4121=CARTESIAN_POINT('',(0.00624206110325645,-8.67361737988404E-19,0.00605824590665294));
#4122=CARTESIAN_POINT('',(0.00656492271890327,-0.005,0.00637140617505455));
#4123=CARTESIAN_POINT('',(0.00656492271890327,0.,0.00637140617505455));
#4124=CARTESIAN_POINT('',(0.0069049841888358,-0.005,0.00670132726889587));
#4125=CARTESIAN_POINT('',(0.0069049841888358,-5.20417042793042E-18,0.00670132726889587));
#4126=CARTESIAN_POINT('',(0.0070726454743313,-0.005,0.00686470607779249));
#4127=CARTESIAN_POINT('',(0.0070726454743313,0.,0.00686470607779249));
#4128=CARTESIAN_POINT('',(0.00708953149626762,-0.005,0.00688143872830013));
#4129=CARTESIAN_POINT('',(0.00708953149626762,-2.60208521396521E-18,0.00688143872830013));
#4130=CARTESIAN_POINT('',(0.0071210986976274,-0.005,0.00691711933537145));
#4131=CARTESIAN_POINT('',(0.0071210986976274,0.,0.00691711933537145));
#4132=CARTESIAN_POINT('',(0.00718595962993648,-0.005,0.00700070147389703));
#4133=CARTESIAN_POINT('',(0.00718595962993648,0.,0.00700070147389703));
#4134=CARTESIAN_POINT('',(0.0072951533105564,-0.005,0.00716773594447625));
#4135=CARTESIAN_POINT('',(0.0072951533105564,0.,0.00716773594447625));
#4136=CARTESIAN_POINT('',(0.0074362273752683,-0.005,0.00743310558458644));
#4137=CARTESIAN_POINT('',(0.0074362273752683,-1.73472347597681E-18,0.00743310558458644));
#4138=CARTESIAN_POINT('',(0.00758988515373727,-0.005,0.00781736245116089));
#4139=CARTESIAN_POINT('',(0.00758988515373727,0.,0.00781736245116089));
#4140=CARTESIAN_POINT('',(0.00771891070678946,-0.005,0.00825607576862635));
#4141=CARTESIAN_POINT('',(0.00771891070678946,-8.67361737988404E-19,0.00825607576862635));
#4142=CARTESIAN_POINT('',(0.00784957835817653,-0.005,0.00890105528626881));
#4143=CARTESIAN_POINT('',(0.00784957835817653,-8.67361737988404E-19,0.00890105528626881));
#4144=CARTESIAN_POINT('',(0.00789342616150312,-0.005,0.00944179730951213));
#4145=CARTESIAN_POINT('',(0.00789342616150312,-8.67361737988404E-19,0.00944179730951213));
#4146=CARTESIAN_POINT('',(0.00789611146496809,-0.005,0.00981893190386814));
#4147=CARTESIAN_POINT('',(0.00789611146496809,-8.67361737988404E-19,0.00981893190386814));
#4148=CARTESIAN_POINT('',(0.00624206110046474,0.,0.00605824590394511));
#4149=CARTESIAN_POINT('',(1.45189617625951E-16,-0.005,1.04146284243545E-16));
#4150=CARTESIAN_POINT('',(0.00616681838754552,-0.005,0.00489754795535792));
#4151=CARTESIAN_POINT('',(0.00656349657978663,-0.005,0.00435156726331207));
#4152=CARTESIAN_POINT('',(0.00728558429632259,-0.0025,0.00483030801228947));
#4153=CARTESIAN_POINT('',(0.00684526527231552,-0.0025,0.00543635515617233));
#4154=CARTESIAN_POINT('',(0.00383283128600763,-0.005,0.00780865382862278));
#4155=CARTESIAN_POINT('',(0.00383283128600763,0.,0.00780865382862278));
#4156=CARTESIAN_POINT('',(0.00403089467384951,-0.005,0.00821248531694438));
#4157=CARTESIAN_POINT('',(0.00403089467384951,0.,0.00821248531694438));
#4158=CARTESIAN_POINT('',(0.00423958350666924,-0.005,0.00863785421866435));
#4159=CARTESIAN_POINT('',(0.00423958350666924,2.60208521396521E-18,0.00863785421866435));
#4160=CARTESIAN_POINT('',(0.00434315580097805,-0.005,0.00884779640523508));
#4161=CARTESIAN_POINT('',(0.00434315580097805,-1.73472347597681E-18,0.00884779640523508));
#4162=CARTESIAN_POINT('',(0.00435385142953252,-0.005,0.00886902663979971));
#4163=CARTESIAN_POINT('',(0.00435385142953252,-8.67361737988404E-19,0.00886902663979971));
#4164=CARTESIAN_POINT('',(0.00437803090170804,-0.00499999999999999,0.00891007474630879));
#4165=CARTESIAN_POINT('',(0.00437803090170804,5.20417042793042E-18,0.00891007474630879));
#4166=CARTESIAN_POINT('',(0.00443747910884418,-0.005,0.00899758945986492));
#4167=CARTESIAN_POINT('',(0.00443747910884418,-1.73472347597681E-18,0.00899758945986492));
#4168=CARTESIAN_POINT('',(0.00456259562754455,-0.005,0.00915305531141216));
#4169=CARTESIAN_POINT('',(0.00456259562754455,-8.67361737988404E-19,0.00915305531141216));
#4170=CARTESIAN_POINT('',(0.00477138286953671,-0.005,0.00936922844852186));
#4171=CARTESIAN_POINT('',(0.00477138286953671,-1.73472347597681E-18,0.00936922844852186));
#4172=CARTESIAN_POINT('',(0.00508935000155869,-0.005,0.00963410758199098));
#4173=CARTESIAN_POINT('',(0.00508935000155869,-1.73472347597681E-18,0.00963410758199098));
#4174=CARTESIAN_POINT('',(0.00546672007231794,-0.005,0.00989238804574529));
#4175=CARTESIAN_POINT('',(0.00546672007231794,0.,0.00989238804574529));
#4176=CARTESIAN_POINT('',(0.00603975352055501,-0.005,0.0102159699990412));
#4177=CARTESIAN_POINT('',(0.00603975352055501,0.,0.0102159699990412));
#4178=CARTESIAN_POINT('',(0.00654048002900135,-0.005,0.010424770212875));
#4179=CARTESIAN_POINT('',(0.00654048002900135,8.67361737988404E-19,0.010424770212875));
#4180=CARTESIAN_POINT('',(0.00689832653807817,-0.005,0.0105438650870564));
#4181=CARTESIAN_POINT('',(0.00689832653807817,0.,0.0105438650870564));
#4182=CARTESIAN_POINT('',(0.00383283128429502,-0.005,0.00780865382513094));
#4183=CARTESIAN_POINT('',(0.00148898591376947,-0.005,0.00857021535498731));
#4184=CARTESIAN_POINT('',(0.00148898591376947,0.,0.00857021535498731));
#4185=CARTESIAN_POINT('',(0.00156611546028867,-0.005,0.00901334063029575));
#4186=CARTESIAN_POINT('',(0.00156611546028867,0.,0.00901334063029575));
#4187=CARTESIAN_POINT('',(0.00164730821521609,-0.005,0.0094801355189154));
#4188=CARTESIAN_POINT('',(0.00164730821521609,-1.73472347597681E-18,0.0094801355189154));
#4189=CARTESIAN_POINT('',(0.00168691739007415,-0.005,0.00971086058282815));
#4190=CARTESIAN_POINT('',(0.00168691739007415,0.,0.00971086058282815));
#4191=CARTESIAN_POINT('',(0.00169074326358788,-0.005,0.00973432293611383));
#4192=CARTESIAN_POINT('',(0.00169074326358788,-2.60208521396521E-18,0.00973432293611383));
#4193=CARTESIAN_POINT('',(0.00169530913132341,-0.005,0.00978174388901957));
#4194=CARTESIAN_POINT('',(0.00169530913132341,0.,0.00978174388901957));
#4195=CARTESIAN_POINT('',(0.00169865437945207,-0.005,0.00988748755897419));
#4196=CARTESIAN_POINT('',(0.00169865437945207,0.,0.00988748755897419));
#4197=CARTESIAN_POINT('',(0.00168881352432099,-0.005,0.0100868037194311));
#4198=CARTESIAN_POINT('',(0.00168881352432099,0.,0.0100868037194311));
#4199=CARTESIAN_POINT('',(0.00164696447927553,-0.005,0.01038441352279));
#4200=CARTESIAN_POINT('',(0.00164696447927553,-1.73472347597681E-18,0.01038441352279));
#4201=CARTESIAN_POINT('',(0.00154541571411025,-0.005,0.0107856016341381));
#4202=CARTESIAN_POINT('',(0.00154541571411025,0.,0.0107856016341381));
#4203=CARTESIAN_POINT('',(0.00139193036124759,-0.005,0.0112163674808792));
#4204=CARTESIAN_POINT('',(0.00139193036124759,-8.67361737988404E-19,0.0112163674808792));
#4205=CARTESIAN_POINT('',(0.00111853326333385,-0.005,0.0118149713901127));
#4206=CARTESIAN_POINT('',(0.00111853326333385,-8.67361737988404E-19,0.0118149713901127));
#4207=CARTESIAN_POINT('',(0.00083616669483389,-0.005,0.0122782139686301));
#4208=CARTESIAN_POINT('',(0.00083616669483389,-8.67361737988404E-19,0.0122782139686301));
#4209=CARTESIAN_POINT('',(0.000616664998280295,-0.005,0.0125849006464054));
#4210=CARTESIAN_POINT('',(0.000616664998280295,-8.67361737988404E-19,0.0125849006464054));
#4211=CARTESIAN_POINT('',(0.00148898591310255,0.,0.00857021535115571));
#4212=CARTESIAN_POINT('',(5.62452181067792E-17,-0.005,1.69596429880549E-16));
#4213=CARTESIAN_POINT('',(0.0021103544161937,-0.005,0.00758696442841614));
#4214=CARTESIAN_POINT('',(0.00275219321383567,-0.005,0.00737841836125581));
#4215=CARTESIAN_POINT('',(0.0030549776960223,-0.0025,0.00819016027371971));
#4216=CARTESIAN_POINT('',(0.00234252654928567,-0.0025,0.00842164968389816));
#4217=CARTESIAN_POINT('',(1.5561538324215E-17,2.00000000000027E-6,0.000447538704152096));
#4218=MECHANICAL_DESIGN_GEOMETRIC_PRESENTATION_REPRESENTATION('',(#1181),
#4219);
#4219=(
GEOMETRIC_REPRESENTATION_CONTEXT(3)
GLOBAL_UNCERTAINTY_ASSIGNED_CONTEXT((#4220))
GLOBAL_UNIT_ASSIGNED_CONTEXT((#4223,#4222,#4221))
REPRESENTATION_CONTEXT('Spur gear (10 teeth)','TOP_LEVEL_ASSEMBLY_PART')
);
#4220=UNCERTAINTY_MEASURE_WITH_UNIT(LENGTH_MEASURE(2.E-5),#4223,
'DISTANCE_ACCURACY_VALUE','Maximum Tolerance applied to model');
#4221=(
NAMED_UNIT(*)
SI_UNIT($,.STERADIAN.)
SOLID_ANGLE_UNIT()
);
#4222=(
NAMED_UNIT(*)
PLANE_ANGLE_UNIT()
SI_UNIT($,.RADIAN.)
);
#4223=(
LENGTH_UNIT()
NAMED_UNIT(*)
SI_UNIT($,.METRE.)
);
#4224=PRODUCT_DEFINITION_SHAPE('','',#4225);
#4225=PRODUCT_DEFINITION('','',#4227,#4226);
#4226=PRODUCT_DEFINITION_CONTEXT('',#4233,'design');
#4227=PRODUCT_DEFINITION_FORMATION_WITH_SPECIFIED_SOURCE('','',#4229,
 .NOT_KNOWN.);
#4228=PRODUCT_RELATED_PRODUCT_CATEGORY('','',(#4229));
#4229=PRODUCT('Spur gear (10 teeth)','Spur gear (10 teeth)',
'Spur gear (10 teeth)',(#4231));
#4230=PRODUCT_CATEGORY('','');
#4231=PRODUCT_CONTEXT('',#4233,'mechanical');
#4232=APPLICATION_PROTOCOL_DEFINITION('international standard',
'ap242_managed_model_based_3d_engineering',2020,#4233);
#4233=APPLICATION_CONTEXT('managed model based 3d engineering');
ENDSEC;
END-ISO-10303-21;
